match_id,date,event_name,batting_team,bowling_team,venue,city,day,month,year,season,gender,toss_winner,toss_decision,player_of_match,match_won_by,win_outcome,result_type,method,superover_winner,event_match_no,stage,inn1_runs,inn1_wickets,inn1_balls,inn1_balls_faced,inn2_runs,inn2_wickets,inn2_balls,inn2_balls_faced,inn1_pp_runs,inn2_pp_runs,inn1_death_runs,inn2_death_runs,inn1_pp_wickets,inn2_pp_wickets,inn1_run_rate,inn2_run_rate,inn1_pp_run_rate,inn2_pp_run_rate,team1_won,toss_winner_bat_first,toss_winner_field,venue_avg_score,team1_recent_win_pct,team2_recent_win_pct,team1_cum_win_pct,team2_cum_win_pct,team1_matches,team2_matches
335982,2008-04-18,Indian Premier League,Kolkata Knight Riders,Royal Challengers Bangalore,M Chinnaswamy Stadium,Bangalore,18,4,2008,2007/08,male,Royal Challengers Bangalore,field,BB McCullum,Kolkata Knight Riders,140 runs,,,,1,Unknown,222,0,120,120,82.0,0.0,91.0,91.0,61,26.0,64.0,0.0,1.0,4.0,11.1,5.406593406593407,10.166666666666666,4.333333333333333,1,0,1,1.3592942912725565,0.5,0.5,1.0,0.0,1,1
335983,2008-04-19,Indian Premier League,Chennai Super Kings,Kings XI Punjab,"Punjab Cricket Association Stadium, Mohali",Chandigarh,19,4,2008,2007/08,male,Chennai Super Kings,bat,MEK Hussey,Chennai Super Kings,33 runs,,,,2,Unknown,240,0,120,120,207.0,0.0,120.0,120.0,53,63.0,71.0,31.0,1.0,1.0,12.0,10.35,8.833333333333334,10.5,1,1,0,1.3291797725623034,0.5,0.5,1.0,0.0,1,1
335984,2008-04-19,Indian Premier League,Rajasthan Royals,Delhi Daredevils,Feroz Shah Kotla,Delhi,19,4,2008,2007/08,male,Rajasthan Royals,bat,MF Maharoof,Delhi Daredevils,9 wickets,,,,3,Unknown,129,0,120,120,132.0,0.0,91.0,91.0,40,55.0,23.0,0.0,2.0,1.0,6.45,8.703296703296704,6.666666666666667,9.166666666666666,0,1,0,1.3205017921146953,0.5,0.5,0.0,1.0,1,1
335985,2008-04-20,Indian Premier League,Mumbai Indians,Royal Challengers Bangalore,Wankhede Stadium,Mumbai,20,4,2008,2007/08,male,Mumbai Indians,bat,MV Boucher,Royal Challengers Bangalore,5 wickets,,,,5,Unknown,165,0,120,120,166.0,0.0,118.0,118.0,47,40.0,47.0,40.0,3.0,1.0,8.25,8.440677966101694,7.833333333333333,6.666666666666667,0,1,0,1.3306236143482462,0.5,0.5,0.0,0.5,1,2
335986,2008-04-20,Indian Premier League,Deccan Chargers,Kolkata Knight Riders,Eden Gardens,Kolkata,20,4,2008,2007/08,male,Deccan Chargers,bat,DJ Hussey,Kolkata Knight Riders,5 wickets,,,,4,Unknown,110,0,112,112,112.0,0.0,114.0,114.0,39,26.0,28.0,25.0,2.0,3.0,5.892857142857142,5.894736842105263,6.5,4.333333333333333,0,1,0,1.3152101400933955,0.5,0.1,0.0,1.0,1,2
335987,2008-04-21,Indian Premier League,Kings XI Punjab,Rajasthan Royals,Sawai Mansingh Stadium,Jaipur,21,4,2008,2007/08,male,Kings XI Punjab,bat,SR Watson,Rajasthan Royals,6 wickets,,,,6,Unknown,166,0,119,119,168.0,0.0,109.0,109.0,54,53.0,38.0,16.0,1.0,3.0,8.369747899159664,9.247706422018348,9.0,8.833333333333334,0,1,0,1.2792825112107624,0.5,0.5,0.0,0.5,2,2
335988,2008-04-22,Indian Premier League,Deccan Chargers,Delhi Daredevils,"Rajiv Gandhi International Stadium, Uppal",Hyderabad,22,4,2008,2007/08,male,Deccan Chargers,bat,V Sehwag,Delhi Daredevils,9 wickets,,,,7,Unknown,142,0,120,120,143.0,0.0,78.0,78.0,25,48.0,60.0,0.0,2.0,1.0,7.1,11.0,4.166666666666667,8.0,0,1,0,1.2830058600482592,0.5,0.1,0.0,1.0,2,2
335989,2008-04-23,Indian Premier League,Chennai Super Kings,Mumbai Indians,"MA Chidambaram Stadium, Chepauk",Chennai,23,4,2008,2007/08,male,Mumbai Indians,field,ML Hayden,Chennai Super Kings,6 runs,,,,8,Unknown,208,0,120,120,202.0,0.0,120.0,120.0,53,52.0,50.0,55.0,2.0,2.0,10.4,10.1,8.833333333333334,8.666666666666666,1,0,1,1.2990646258503402,0.1,0.5,1.0,0.0,2,2
335990,2008-04-24,Indian Premier League,Deccan Chargers,Rajasthan Royals,"Rajiv Gandhi International Stadium, Uppal",Hyderabad,24,4,2008,2007/08,male,Rajasthan Royals,field,YK Pathan,Rajasthan Royals,3 wickets,,,,9,Unknown,214,0,120,120,217.0,0.0,119.0,119.0,58,73.0,54.0,41.0,2.0,1.0,10.7,10.941176470588236,9.666666666666666,12.166666666666666,0,0,1,1.2830058600482592,0.5,0.1,0.0,0.6666666666666666,3,3
335991,2008-04-25,Indian Premier League,Kings XI Punjab,Mumbai Indians,"Punjab Cricket Association Stadium, Mohali",Chandigarh,25,4,2008,2007/08,male,Mumbai Indians,field,KC Sangakkara,Kings XI Punjab,66 runs,,,,10,Unknown,182,0,120,120,116.0,0.0,120.0,120.0,60,39.0,36.0,11.0,1.0,2.0,9.1,5.8,10.0,6.5,1,0,1,1.3291797725623034,0.5,0.5,0.3333333333333333,0.0,3,3
335992,2008-04-26,Indian Premier League,Royal Challengers Bangalore,Rajasthan Royals,M Chinnaswamy Stadium,Bangalore,26,4,2008,2007/08,male,Rajasthan Royals,field,SR Watson,Rajasthan Royals,7 wickets,,,,12,Unknown,135,0,120,120,138.0,0.0,103.0,103.0,57,45.0,27.0,8.0,2.0,2.0,6.75,8.03883495145631,9.5,7.5,0,0,1,1.3592942912725565,0.1,0.2,0.3333333333333333,0.75,3,4
335993,2008-04-26,Indian Premier League,Kolkata Knight Riders,Chennai Super Kings,"MA Chidambaram Stadium, Chepauk",Chennai,26,4,2008,2007/08,male,Kolkata Knight Riders,bat,JDP Oram,Chennai Super Kings,9 wickets,,,,11,Unknown,147,0,120,120,152.0,0.0,102.0,102.0,61,45.0,39.0,13.0,3.0,0.0,7.35,8.941176470588236,10.166666666666666,7.5,0,1,0,1.2990646258503402,0.2,0.2,0.6666666666666666,1.0,3,3
335994,2008-04-27,Indian Premier League,Mumbai Indians,Deccan Chargers,Dr DY Patil Sports Academy,Mumbai,27,4,2008,2007/08,male,Deccan Chargers,field,AC Gilchrist,Deccan Chargers,10 wickets,,,,14,Unknown,154,0,120,120,155.0,0.0,73.0,73.0,27,60.0,40.0,0.0,3.0,0.0,7.7,12.73972602739726,4.5,10.0,0,0,1,1.2046080641121963,0.5,0.5,0.0,0.25,4,4
335995,2008-04-27,Indian Premier League,Delhi Daredevils,Kings XI Punjab,"Punjab Cricket Association Stadium, Mohali",Chandigarh,27,4,2008,2007/08,male,Delhi Daredevils,bat,SM Katich,Kings XI Punjab,4 wickets,,,,13,Unknown,158,0,120,120,162.0,0.0,117.0,117.0,45,55.0,36.0,29.0,3.0,2.0,7.9,8.307692307692308,7.5,9.166666666666666,0,1,0,1.3291797725623034,0.2,0.1,0.6666666666666666,0.5,3,4
335996,2008-04-28,Indian Premier League,Chennai Super Kings,Royal Challengers Bangalore,M Chinnaswamy Stadium,Bangalore,28,4,2008,2007/08,male,Chennai Super Kings,bat,MS Dhoni,Chennai Super Kings,13 runs,,,,15,Unknown,178,0,120,120,165.0,0.0,118.0,118.0,36,45.0,62.0,25.0,1.0,1.0,8.9,8.389830508474576,6.0,7.5,1,1,0,1.3592942912725565,0.3,0.1,1.0,0.25,4,4
335997,2008-04-29,Indian Premier League,Kolkata Knight Riders,Mumbai Indians,Eden Gardens,Kolkata,29,4,2008,2007/08,male,Kolkata Knight Riders,bat,ST Jayasuriya,Mumbai Indians,7 wickets,,,,16,Unknown,137,0,120,120,138.0,0.0,112.0,112.0,40,38.0,44.0,17.0,3.0,3.0,6.85,7.392857142857142,6.666666666666667,6.333333333333333,0,1,0,1.3152101400933955,0.2,0.5,0.5,0.2,4,5
335998,2008-04-30,Indian Premier League,Delhi Daredevils,Royal Challengers Bangalore,Feroz Shah Kotla,Delhi,30,4,2008,2007/08,male,Royal Challengers Bangalore,field,GD McGrath,Delhi Daredevils,10 runs,,,,17,Unknown,191,0,120,120,181.0,0.0,120.0,120.0,58,55.0,32.0,41.0,1.0,3.0,9.55,9.05,9.666666666666666,9.166666666666666,1,0,1,1.3205017921146953,0.2,0.1,0.75,0.2,4,5
335999,2008-05-01,Indian Premier League,Deccan Chargers,Kings XI Punjab,"Rajiv Gandhi International Stadium, Uppal",Hyderabad,1,5,2008,2007/08,male,Kings XI Punjab,field,SE Marsh,Kings XI Punjab,7 wickets,,,,19,Unknown,164,0,120,120,167.0,0.0,113.0,113.0,50,41.0,45.0,27.0,1.0,1.0,8.2,8.867256637168142,8.333333333333334,6.833333333333333,0,0,1,1.2830058600482592,0.1,0.2,0.2,0.6,5,5
336000,2008-05-01,Indian Premier League,Rajasthan Royals,Kolkata Knight Riders,Sawai Mansingh Stadium,Jaipur,1,5,2008,2007/08,male,Rajasthan Royals,bat,SA Asnodkar,Rajasthan Royals,45 runs,,,,18,Unknown,196,0,120,120,151.0,0.0,115.0,115.0,45,51.0,40.0,15.0,1.0,3.0,9.8,7.878260869565217,7.5,8.5,1,1,0,1.2792825112107624,0.3,0.2,0.8,0.4,5,5
336001,2008-05-02,Indian Premier League,Chennai Super Kings,Delhi Daredevils,"MA Chidambaram Stadium, Chepauk",Chennai,2,5,2008,2007/08,male,Chennai Super Kings,bat,V Sehwag,Delhi Daredevils,8 wickets,,,,20,Unknown,169,0,120,120,172.0,0.0,114.0,114.0,47,64.0,42.0,25.0,1.0,0.0,8.45,9.052631578947368,7.833333333333333,10.666666666666666,0,1,0,1.2990646258503402,0.4,0.3,0.8,0.8,5,5
336034,2008-05-03,Indian Premier League,Royal Challengers Bangalore,Deccan Chargers,M Chinnaswamy Stadium,Bangalore,3,5,2008,2007/08,male,Deccan Chargers,field,P Kumar,Royal Challengers Bangalore,3 runs,,,,21,Unknown,156,0,120,120,153.0,0.0,120.0,120.0,46,33.0,34.0,38.0,1.0,2.0,7.8,7.65,7.666666666666667,5.5,1,0,1,1.3592942912725565,0.1,0.1,0.3333333333333333,0.16666666666666666,6,6
336003,2008-05-03,Indian Premier League,Kings XI Punjab,Kolkata Knight Riders,"Punjab Cricket Association Stadium, Mohali",Chandigarh,3,5,2008,2007/08,male,Kings XI Punjab,bat,IK Pathan,Kings XI Punjab,9 runs,,,,22,Unknown,178,0,120,120,169.0,0.0,120.0,120.0,49,31.0,50.0,56.0,1.0,4.0,8.9,8.45,8.166666666666666,5.166666666666667,1,1,0,1.3291797725623034,0.3,0.2,0.6666666666666666,0.3333333333333333,6,6
336004,2008-05-04,Indian Premier League,Mumbai Indians,Delhi Daredevils,Dr DY Patil Sports Academy,Mumbai,4,5,2008,2007/08,male,Delhi Daredevils,field,SM Pollock,Mumbai Indians,29 runs,,,,23,Unknown,162,0,120,120,133.0,0.0,113.0,113.0,50,37.0,44.0,14.0,2.0,2.0,8.1,7.061946902654868,8.333333333333334,6.166666666666667,1,0,1,1.2046080641121963,0.1,0.4,0.3333333333333333,0.6666666666666666,6,6
336005,2008-05-04,Indian Premier League,Chennai Super Kings,Rajasthan Royals,Sawai Mansingh Stadium,Jaipur,4,5,2008,2007/08,male,Chennai Super Kings,bat,Sohail Tanvir,Rajasthan Royals,8 wickets,,,,24,Unknown,109,1,114,114,110.0,0.0,86.0,86.0,38,44.0,13.0,0.0,4.0,0.0,5.7368421052631575,7.674418604651162,6.333333333333333,7.333333333333333,0,1,0,1.2792825112107624,0.4,0.4,0.6666666666666666,0.8333333333333334,6,6
336006,2008-05-05,Indian Premier League,Royal Challengers Bangalore,Kings XI Punjab,M Chinnaswamy Stadium,Bangalore,5,5,2008,2007/08,male,Kings XI Punjab,field,S Sreesanth,Kings XI Punjab,6 wickets,,,,25,Unknown,126,0,116,116,127.0,0.0,110.0,110.0,26,52.0,24.0,17.0,3.0,1.0,6.517241379310345,6.927272727272728,4.333333333333333,8.666666666666666,0,0,1,1.3592942912725565,0.2,0.4,0.2857142857142857,0.7142857142857143,7,7
336007,2008-05-06,Indian Premier League,Chennai Super Kings,Deccan Chargers,"MA Chidambaram Stadium, Chepauk",Chennai,6,5,2008,2007/08,male,Deccan Chargers,field,AC Gilchrist,Deccan Chargers,7 wickets,,,,26,Unknown,144,0,120,120,148.0,0.0,108.0,108.0,34,50.0,49.0,23.0,3.0,1.0,7.2,8.222222222222221,5.666666666666667,8.333333333333334,0,0,1,1.2990646258503402,0.4,0.1,0.5714285714285714,0.2857142857142857,7,7
336008,2008-05-07,Indian Premier League,Rajasthan Royals,Mumbai Indians,Dr DY Patil Sports Academy,Mumbai,7,5,2008,2007/08,male,Mumbai Indians,field,A Nehra,Mumbai Indians,7 wickets,,,,27,Unknown,103,0,98,98,104.0,0.0,91.0,91.0,48,34.0,0.0,0.0,2.0,0.0,6.306122448979592,6.857142857142858,8.0,5.666666666666667,0,0,1,1.2046080641121963,0.5,0.2,0.7142857142857143,0.42857142857142855,7,7
336009,2008-05-08,Indian Premier League,Delhi Daredevils,Chennai Super Kings,Feroz Shah Kotla,Delhi,8,5,2008,2007/08,male,Chennai Super Kings,field,MS Dhoni,Chennai Super Kings,4 wickets,,,,28,Unknown,187,0,120,120,188.0,0.0,120.0,120.0,50,62.0,48.0,40.0,2.0,0.0,9.35,9.4,8.333333333333334,10.333333333333334,0,0,1,1.3205017921146953,0.4,0.4,0.5714285714285714,0.625,7,8
336010,2008-05-08,Indian Premier League,Kolkata Knight Riders,Royal Challengers Bangalore,Eden Gardens,Kolkata,8,5,2008,2007/08,male,Kolkata Knight Riders,bat,SC Ganguly,Kolkata Knight Riders,5 runs,,,,29,Unknown,129,0,96,96,124.0,0.0,96.0,96.0,41,35.0,0.0,0.0,2.0,2.0,8.0625,7.75,6.833333333333333,5.833333333333333,1,1,0,1.3152101400933955,0.2,0.2,0.42857142857142855,0.25,7,8
336011,2008-05-09,Indian Premier League,Deccan Chargers,Rajasthan Royals,Sawai Mansingh Stadium,Jaipur,9,5,2008,2007/08,male,Rajasthan Royals,field,YK Pathan,Rajasthan Royals,8 wickets,,,,30,Unknown,140,0,120,120,141.0,0.0,96.0,96.0,50,50.0,35.0,0.0,0.0,0.0,7.0,8.8125,8.333333333333334,8.333333333333334,0,0,1,1.2792825112107624,0.2,0.5,0.25,0.75,8,8
336013,2008-05-10,Indian Premier League,Chennai Super Kings,Kings XI Punjab,"MA Chidambaram Stadium, Chepauk",Chennai,10,5,2008,2007/08,male,Kings XI Punjab,field,L Balaji,Chennai Super Kings,18 runs,,,,31,Unknown,181,0,120,120,163.0,0.0,120.0,120.0,53,35.0,32.0,44.0,2.0,2.0,9.05,8.15,8.833333333333334,5.833333333333333,1,0,1,1.2990646258503402,0.5,0.5,0.6666666666666666,0.625,9,8
336014,2008-05-11,Indian Premier League,Kolkata Knight Riders,Deccan Chargers,"Rajiv Gandhi International Stadium, Uppal",Hyderabad,11,5,2008,2007/08,male,Kolkata Knight Riders,bat,SC Ganguly,Kolkata Knight Riders,23 runs,,,,32,Unknown,204,0,120,120,181.0,0.0,120.0,120.0,43,55.0,68.0,44.0,1.0,3.0,10.2,9.05,7.166666666666667,9.166666666666666,1,1,0,1.2830058600482592,0.3,0.2,0.5,0.2222222222222222,8,9
336015,2008-05-11,Indian Premier League,Delhi Daredevils,Rajasthan Royals,Sawai Mansingh Stadium,Jaipur,11,5,2008,2007/08,male,Rajasthan Royals,field,SR Watson,Rajasthan Royals,3 wickets,,,,33,Unknown,156,0,120,120,159.0,0.0,114.0,114.0,47,21.0,55.0,21.0,1.0,2.0,7.8,8.368421052631579,7.833333333333333,3.5,0,0,1,1.2792825112107624,0.4,0.6,0.5,0.7777777777777778,8,9
336016,2008-05-12,Indian Premier League,Royal Challengers Bangalore,Kings XI Punjab,"Punjab Cricket Association Stadium, Mohali",Chandigarh,12,5,2008,2007/08,male,Royal Challengers Bangalore,bat,SE Marsh,Kings XI Punjab,9 wickets,,,,34,Unknown,143,0,120,120,144.0,0.0,94.0,94.0,50,42.0,25.0,0.0,3.0,0.0,7.15,9.191489361702128,8.333333333333334,7.0,0,1,0,1.3291797725623034,0.2,0.5,0.2222222222222222,0.6666666666666666,9,9
336017,2008-05-13,Indian Premier League,Kolkata Knight Riders,Delhi Daredevils,Eden Gardens,Kolkata,13,5,2008,2007/08,male,Kolkata Knight Riders,bat,Shoaib Akhtar,Kolkata Knight Riders,23 runs,,,,35,Unknown,133,0,120,120,110.0,0.0,107.0,107.0,35,37.0,29.0,9.0,1.0,4.0,6.65,6.168224299065421,5.833333333333333,6.166666666666667,1,1,0,1.3152101400933955,0.4,0.4,0.5555555555555556,0.4444444444444444,9,9
336018,2008-05-14,Indian Premier League,Chennai Super Kings,Mumbai Indians,Wankhede Stadium,Mumbai,14,5,2008,2007/08,male,Mumbai Indians,field,ST Jayasuriya,Mumbai Indians,9 wickets,,,,36,Unknown,156,0,120,120,158.0,0.0,83.0,83.0,28,78.0,54.0,0.0,2.0,0.0,7.8,11.421686746987952,4.666666666666667,13.0,0,0,1,1.3306236143482462,0.6,0.3,0.6,0.5,10,8
336020,2008-05-15,Indian Premier League,Delhi Daredevils,Deccan Chargers,Feroz Shah Kotla,Delhi,15,5,2008,2007/08,male,Deccan Chargers,field,A Mishra,Delhi Daredevils,12 runs,,,,37,Unknown,194,0,120,120,182.0,0.0,120.0,120.0,48,71.0,48.0,45.0,1.0,1.0,9.7,9.1,8.0,11.833333333333334,1,0,1,1.3205017921146953,0.4,0.2,0.5,0.2,10,10
336021,2008-05-16,Indian Premier League,Kolkata Knight Riders,Mumbai Indians,Wankhede Stadium,Mumbai,16,5,2008,2007/08,male,Mumbai Indians,field,SM Pollock,Mumbai Indians,8 wickets,,,,38,Unknown,67,0,92,92,68.0,0.0,33.0,33.0,27,68.0,0.0,0.0,3.0,2.0,4.369565217391304,12.363636363636363,4.5,11.333333333333334,0,0,1,1.3306236143482462,0.5,0.4,0.5,0.5555555555555556,10,9
336022,2008-05-17,Indian Premier League,Delhi Daredevils,Kings XI Punjab,Feroz Shah Kotla,Delhi,17,5,2008,2007/08,male,Delhi Daredevils,bat,DPMD Jayawardene,Kings XI Punjab,6 runs,,D/L,,40,Unknown,118,0,66,66,94.0,0.0,48.0,48.0,68,73.0,0.0,0.0,0.0,3.0,10.727272727272727,11.75,11.333333333333334,12.166666666666666,0,1,0,1.3205017921146953,0.5,0.6,0.45454545454545453,0.7,11,10
336023,2008-05-17,Indian Premier League,Rajasthan Royals,Royal Challengers Bangalore,Sawai Mansingh Stadium,Jaipur,17,5,2008,2007/08,male,Royal Challengers Bangalore,field,GC Smith,Rajasthan Royals,65 runs,,,,39,Unknown,197,0,120,120,132.0,0.0,120.0,120.0,51,23.0,46.0,43.0,0.0,3.0,9.85,6.6,8.5,3.8333333333333335,1,0,1,1.2792825112107624,0.7,0.2,0.8,0.2,10,10
336024,2008-05-18,Indian Premier League,Mumbai Indians,Deccan Chargers,"Rajiv Gandhi International Stadium, Uppal",Hyderabad,18,5,2008,2007/08,male,Deccan Chargers,field,DJ Bravo,Mumbai Indians,25 runs,,,,42,Unknown,178,0,120,120,153.0,0.0,120.0,120.0,57,32.0,50.0,39.0,1.0,3.0,8.9,7.65,9.5,5.333333333333333,1,0,1,1.2830058600482592,0.5,0.2,0.6,0.18181818181818182,10,11
336025,2008-05-18,Indian Premier League,Kolkata Knight Riders,Chennai Super Kings,Eden Gardens,Kolkata,18,5,2008,2007/08,male,Kolkata Knight Riders,bat,M Ntini,Chennai Super Kings,3 runs,,D/L,,41,Unknown,149,0,120,120,55.0,0.0,48.0,48.0,35,43.0,35.0,0.0,2.0,0.0,7.45,6.875,5.833333333333333,7.166666666666667,0,1,0,1.3152101400933955,0.5,0.6,0.45454545454545453,0.6363636363636364,11,11
336026,2008-05-19,Indian Premier League,Royal Challengers Bangalore,Delhi Daredevils,M Chinnaswamy Stadium,Bangalore,19,5,2008,2007/08,male,Delhi Daredevils,field,SP Goswami,Delhi Daredevils,5 wickets,,,,43,Unknown,154,0,120,120,158.0,0.0,110.0,110.0,41,71.0,49.0,25.0,1.0,0.0,7.7,8.618181818181819,6.833333333333333,11.833333333333334,0,0,1,1.3592942912725565,0.2,0.5,0.18181818181818182,0.5,11,12
336027,2008-05-20,Indian Premier League,Kolkata Knight Riders,Rajasthan Royals,Eden Gardens,Kolkata,20,5,2008,2007/08,male,Rajasthan Royals,field,YK Pathan,Rajasthan Royals,6 wickets,,,,44,Unknown,147,0,120,120,150.0,0.0,99.0,99.0,32,42.0,41.0,16.0,1.0,3.0,7.35,9.090909090909092,5.333333333333333,7.0,0,0,1,1.3152101400933955,0.5,0.8,0.4166666666666667,0.8181818181818182,12,11
336028,2008-05-21,Indian Premier League,Kings XI Punjab,Mumbai Indians,Wankhede Stadium,Mumbai,21,5,2008,2007/08,male,Mumbai Indians,field,SE Marsh,Kings XI Punjab,1 runs,,,,45,Unknown,189,0,120,120,188.0,0.0,120.0,120.0,43,68.0,50.0,32.0,1.0,1.0,9.45,9.4,7.166666666666667,11.333333333333334,1,0,1,1.3306236143482462,0.7,0.6,0.7272727272727273,0.5454545454545454,11,11
336029,2008-05-21,Indian Premier League,Royal Challengers Bangalore,Chennai Super Kings,"MA Chidambaram Stadium, Chepauk",Chennai,21,5,2008,2007/08,male,Royal Challengers Bangalore,bat,A Kumble,Royal Challengers Bangalore,14 runs,,,,46,Unknown,126,0,120,120,112.0,0.0,120.0,120.0,23,44.0,39.0,19.0,2.0,0.0,6.3,5.6,3.8333333333333335,7.333333333333333,1,1,0,1.2990646258503402,0.2,0.7,0.25,0.5833333333333334,12,12
336031,2008-05-23,Indian Premier League,Deccan Chargers,Kings XI Punjab,"Punjab Cricket Association Stadium, Mohali",Chandigarh,23,5,2008,2007/08,male,Kings XI Punjab,field,SE Marsh,Kings XI Punjab,6 wickets,,,,48,Unknown,175,0,120,120,178.0,0.0,117.0,117.0,42,74.0,53.0,39.0,0.0,0.0,8.75,9.128205128205128,7.0,12.333333333333334,0,0,1,1.3291797725623034,0.2,0.8,0.16666666666666666,0.75,12,12
336033,2008-05-24,Indian Premier League,Rajasthan Royals,Chennai Super Kings,"MA Chidambaram Stadium, Chepauk",Chennai,24,5,2008,2007/08,male,Rajasthan Royals,bat,JA Morkel,Rajasthan Royals,10 runs,,,,49,Unknown,211,0,120,120,201.0,0.0,120.0,120.0,67,65.0,37.0,36.0,0.0,1.0,10.55,10.05,11.166666666666666,10.833333333333334,1,1,0,1.2990646258503402,0.9,0.7,0.8333333333333334,0.5384615384615384,12,13
336032,2008-05-24,Indian Premier League,Mumbai Indians,Delhi Daredevils,Feroz Shah Kotla,Delhi,24,5,2008,2007/08,male,Delhi Daredevils,field,KD Karthik,Delhi Daredevils,5 wickets,,,,50,Unknown,176,0,120,120,179.0,0.0,119.0,119.0,60,56.0,48.0,42.0,0.0,2.0,8.8,9.025210084033613,10.0,9.333333333333334,0,0,1,1.3205017921146953,0.6,0.6,0.5,0.5384615384615384,12,13
336035,2008-05-25,Indian Premier League,Kings XI Punjab,Kolkata Knight Riders,Eden Gardens,Kolkata,25,5,2008,2007/08,male,Kings XI Punjab,bat,Umar Gul,Kolkata Knight Riders,3 wickets,,,,52,Unknown,174,0,120,120,175.0,0.0,118.0,118.0,47,51.0,34.0,57.0,1.0,2.0,8.7,8.898305084745763,7.833333333333333,8.5,0,1,0,1.3152101400933955,0.9,0.5,0.6923076923076923,0.46153846153846156,13,13
336002,2008-05-25,Indian Premier League,Deccan Chargers,Royal Challengers Bangalore,"Rajiv Gandhi International Stadium, Uppal",Hyderabad,25,5,2008,2007/08,male,Deccan Chargers,bat,R Vinay Kumar,Royal Challengers Bangalore,5 wickets,,,,51,Unknown,165,0,120,120,171.0,0.0,114.0,114.0,41,43.0,34.0,48.0,0.0,1.0,8.25,9.0,6.833333333333333,7.166666666666667,0,1,0,1.2830058600482592,0.2,0.3,0.15384615384615385,0.3076923076923077,13,13
336036,2008-05-26,Indian Premier League,Mumbai Indians,Rajasthan Royals,Sawai Mansingh Stadium,Jaipur,26,5,2008,2007/08,male,Rajasthan Royals,field,Sohail Tanvir,Rajasthan Royals,5 wickets,,,,53,Unknown,145,0,120,120,146.0,0.0,120.0,120.0,29,36.0,39.0,49.0,0.0,2.0,7.25,7.3,4.833333333333333,6.0,0,0,1,1.2792825112107624,0.6,1.0,0.46153846153846156,0.8461538461538461,13,13
336037,2008-05-27,Indian Premier League,Deccan Chargers,Chennai Super Kings,"Rajiv Gandhi International Stadium, Uppal",Hyderabad,27,5,2008,2007/08,male,Deccan Chargers,bat,SK Raina,Chennai Super Kings,7 wickets,,,,54,Unknown,147,0,120,120,148.0,0.0,116.0,116.0,26,44.0,43.0,31.0,2.0,1.0,7.35,7.655172413793104,4.333333333333333,7.333333333333333,0,1,0,1.2830058600482592,0.2,0.7,0.14285714285714285,0.5714285714285714,14,14
336012,2008-05-28,Indian Premier League,Royal Challengers Bangalore,Mumbai Indians,M Chinnaswamy Stadium,Bangalore,28,5,2008,2007/08,male,Mumbai Indians,field,CRD Fernando,Mumbai Indians,9 wickets,,,,55,Unknown,122,0,108,108,126.0,0.0,96.0,96.0,36,39.0,18.0,0.0,2.0,0.0,6.777777777777778,7.875,6.0,6.5,0,0,1,1.3592942912725565,0.4,0.6,0.2857142857142857,0.5,14,14
336019,2008-05-28,Indian Premier League,Kings XI Punjab,Rajasthan Royals,"Punjab Cricket Association Stadium, Mohali",Chandigarh,28,5,2008,2007/08,male,Rajasthan Royals,field,SE Marsh,Kings XI Punjab,41 runs,,,,56,Unknown,221,0,120,120,180.0,0.0,120.0,120.0,51,38.0,70.0,34.0,0.0,2.0,11.05,9.0,8.5,6.333333333333333,1,0,1,1.3291797725623034,0.9,1.0,0.7142857142857143,0.7857142857142857,14,14
336038,2008-05-30,Indian Premier League,Rajasthan Royals,Delhi Daredevils,Wankhede Stadium,Mumbai,30,5,2008,2007/08,male,Delhi Daredevils,field,SR Watson,Rajasthan Royals,105 runs,,,,Unknown,Semi Final,192,0,120,120,87.0,0.0,97.0,97.0,58,28.0,37.0,0.0,0.0,3.0,9.6,5.381443298969072,9.666666666666666,4.666666666666667,1,0,1,1.3306236143482462,1.0,0.7,0.8,0.5,15,14
336039,2008-05-31,Indian Premier League,Kings XI Punjab,Chennai Super Kings,Wankhede Stadium,Mumbai,31,5,2008,2007/08,male,Kings XI Punjab,bat,M Ntini,Chennai Super Kings,9 wickets,,,,Unknown,Semi Final,112,0,120,120,116.0,0.0,89.0,89.0,35,35.0,39.0,0.0,4.0,1.0,5.6,7.820224719101123,5.833333333333333,5.833333333333333,0,1,0,1.3306236143482462,1.0,0.8,0.6666666666666666,0.6,15,15
336040,2008-06-01,Indian Premier League,Chennai Super Kings,Rajasthan Royals,Dr DY Patil Sports Academy,Mumbai,1,6,2008,2007/08,male,Rajasthan Royals,field,YK Pathan,Rajasthan Royals,3 wickets,,,,Unknown,Final,163,0,120,120,164.0,0.0,120.0,120.0,42,41.0,36.0,39.0,1.0,1.0,8.15,8.2,7.0,6.833333333333333,0,0,1,1.2046080641121963,0.9,1.0,0.5625,0.8125,16,16
392182,2009-04-18,Indian Premier League,Royal Challengers Bangalore,Rajasthan Royals,Newlands,Cape Town,18,4,2009,2009,male,Royal Challengers Bangalore,bat,R Dravid,Royal Challengers Bangalore,75 runs,,,,2,Unknown,133,0,120,120,58.0,0.0,91.0,91.0,29,14.0,45.0,0.0,3.0,2.0,6.65,3.8241758241758244,4.833333333333333,2.3333333333333335,1,1,0,1.1676413255360625,0.4,1.0,0.3333333333333333,0.7647058823529411,15,17
392181,2009-04-18,Indian Premier League,Mumbai Indians,Chennai Super Kings,Newlands,Cape Town,18,4,2009,2009,male,Chennai Super Kings,field,SR Tendulkar,Mumbai Indians,19 runs,,,,1,Unknown,165,0,120,120,146.0,0.0,120.0,120.0,40,40.0,53.0,32.0,1.0,2.0,8.25,7.3,6.666666666666667,6.666666666666667,1,0,1,1.1676413255360625,0.7,0.9,0.5333333333333333,0.5294117647058824,15,17
392183,2009-04-19,Indian Premier League,Kings XI Punjab,Delhi Daredevils,Newlands,Cape Town,19,4,2009,2009,male,Delhi Daredevils,field,DL Vettori,Delhi Daredevils,10 wickets,,D/L,,3,Unknown,104,0,72,72,58.0,0.0,29.0,29.0,67,58.0,0.0,0.0,1.0,0.0,8.666666666666666,12.0,11.166666666666666,9.666666666666666,0,0,1,1.1676413255360625,1.0,0.7,0.625,0.5333333333333333,16,15
392184,2009-04-19,Indian Premier League,Kolkata Knight Riders,Deccan Chargers,Newlands,Cape Town,19,4,2009,2009,male,Kolkata Knight Riders,bat,RP Singh,Deccan Chargers,8 wickets,,,,4,Unknown,101,0,118,118,104.0,0.0,79.0,79.0,21,37.0,27.0,0.0,3.0,2.0,5.135593220338983,7.89873417721519,3.5,6.166666666666667,0,1,0,1.1676413255360625,0.6,0.2,0.42857142857142855,0.2,14,15
392185,2009-04-20,Indian Premier League,Chennai Super Kings,Royal Challengers Bangalore,St George's Park,Port Elizabeth,20,4,2009,2009,male,Chennai Super Kings,bat,M Muralitharan,Chennai Super Kings,92 runs,,,,5,Unknown,179,0,120,120,87.0,0.0,92.0,92.0,68,46.0,35.0,0.0,0.0,2.0,8.95,5.673913043478261,11.333333333333334,7.666666666666667,1,1,0,1.212283840190817,0.9,0.5,0.5555555555555556,0.3125,18,16
392186,2009-04-21,Indian Premier League,Kings XI Punjab,Kolkata Knight Riders,Kingsmead,Durban,21,4,2009,2009,male,Kolkata Knight Riders,field,CH Gayle,Kolkata Knight Riders,11 runs,,D/L,,6,Unknown,158,0,120,120,79.0,0.0,56.0,56.0,46,60.0,35.0,0.0,1.0,1.0,7.9,8.464285714285714,7.666666666666667,10.0,0,0,1,1.1948943178698874,1.0,0.6,0.5882352941176471,0.4666666666666667,17,15
392188,2009-04-22,Indian Premier League,Deccan Chargers,Royal Challengers Bangalore,Newlands,Cape Town,22,4,2009,2009,male,Deccan Chargers,bat,AC Gilchrist,Deccan Chargers,24 runs,,,,8,Unknown,184,0,120,120,160.0,1.0,120.0,120.0,62,31.0,35.0,39.0,1.0,2.0,9.2,8.0,10.333333333333334,5.166666666666667,1,1,0,1.1676413255360625,0.3,0.5,0.25,0.29411764705882354,16,17
392189,2009-04-23,Indian Premier League,Delhi Daredevils,Chennai Super Kings,Kingsmead,Durban,23,4,2009,2009,male,Delhi Daredevils,bat,AB de Villiers,Delhi Daredevils,9 runs,,,,9,Unknown,189,1,120,120,180.0,0.0,120.0,120.0,59,61.0,55.0,24.0,2.0,1.0,9.45,9.0,9.833333333333334,10.166666666666666,1,1,0,1.1948943178698874,0.8,1.0,0.5625,0.5263157894736842,16,19
392190,2009-04-23,Indian Premier League,Rajasthan Royals,Kolkata Knight Riders,Newlands,Cape Town,23,4,2009,2009,male,Kolkata Knight Riders,field,YK Pathan,Unknown,,tie,,Rajasthan Royals,10,Unknown,150,0,120,120,150.0,0.0,120.0,120.0,54,38.0,39.0,30.0,2.0,1.0,7.5,7.5,9.0,6.333333333333333,0,0,1,1.1676413255360625,1.0,0.7,0.7222222222222222,0.5,18,16
392191,2009-04-24,Indian Premier League,Royal Challengers Bangalore,Kings XI Punjab,Kingsmead,Durban,24,4,2009,2009,male,Royal Challengers Bangalore,bat,RS Bopara,Kings XI Punjab,7 wickets,,,,11,Unknown,168,0,120,120,173.0,0.0,114.0,114.0,49,44.0,37.0,45.0,3.0,0.0,8.4,9.105263157894736,8.166666666666666,7.333333333333333,0,1,0,1.1948943178698874,0.5,1.0,0.2777777777777778,0.6111111111111112,18,18
392192,2009-04-25,Indian Premier League,Deccan Chargers,Mumbai Indians,Kingsmead,Durban,25,4,2009,2009,male,Deccan Chargers,bat,PP Ojha,Deccan Chargers,12 runs,,,,12,Unknown,168,0,120,120,156.0,0.0,120.0,120.0,55,50.0,26.0,37.0,0.0,1.0,8.4,7.8,9.166666666666666,8.333333333333334,1,1,0,1.1948943178698874,0.4,0.8,0.29411764705882354,0.5,17,16
392194,2009-04-26,Indian Premier League,Royal Challengers Bangalore,Delhi Daredevils,St George's Park,Port Elizabeth,26,4,2009,2009,male,Royal Challengers Bangalore,bat,TM Dilshan,Delhi Daredevils,6 wickets,,,,14,Unknown,149,1,120,120,150.0,0.0,116.0,116.0,45,43.0,40.0,43.0,2.0,2.0,7.45,7.758620689655173,7.5,7.166666666666667,0,1,0,1.212283840190817,0.5,0.9,0.2631578947368421,0.5882352941176471,19,17
392195,2009-04-26,Indian Premier League,Kings XI Punjab,Rajasthan Royals,Newlands,Cape Town,26,4,2009,2009,male,Kings XI Punjab,bat,KC Sangakkara,Kings XI Punjab,27 runs,,,,15,Unknown,139,1,120,120,112.0,0.0,120.0,120.0,38,32.0,32.0,26.0,2.0,4.0,6.95,5.6,6.333333333333333,5.333333333333333,1,1,0,1.1676413255360625,1.0,1.0,0.631578947368421,0.6842105263157895,19,19
392197,2009-04-27,Indian Premier League,Mumbai Indians,Kolkata Knight Riders,St George's Park,Port Elizabeth,27,4,2009,2009,male,Mumbai Indians,bat,SR Tendulkar,Mumbai Indians,92 runs,,,,17,Unknown,187,0,120,120,95.0,0.0,92.0,92.0,61,47.0,32.0,0.0,0.0,2.0,9.35,6.195652173913043,10.166666666666666,7.833333333333333,1,1,0,1.212283840190817,0.8,0.8,0.5294117647058824,0.47058823529411764,17,17
392196,2009-04-27,Indian Premier League,Chennai Super Kings,Deccan Chargers,Kingsmead,Durban,27,4,2009,2009,male,Deccan Chargers,field,HH Gibbs,Deccan Chargers,6 wickets,,,,16,Unknown,165,0,120,120,169.0,0.0,117.0,117.0,62,69.0,45.0,38.0,1.0,1.0,8.25,8.666666666666666,10.333333333333334,11.5,0,0,1,1.1948943178698874,1.0,0.5,0.5,0.3333333333333333,20,18
392198,2009-04-28,Indian Premier League,Delhi Daredevils,Rajasthan Royals,SuperSport Park,Centurion,28,4,2009,2009,male,Delhi Daredevils,bat,YK Pathan,Rajasthan Royals,5 wickets,,,,18,Unknown,143,0,120,120,147.0,0.0,112.0,112.0,42,33.0,35.0,38.0,3.0,2.0,7.15,7.874999999999999,7.0,5.5,0,1,0,1.2745987438939288,1.0,1.0,0.5555555555555556,0.7,18,20
392199,2009-04-29,Indian Premier League,Kolkata Knight Riders,Royal Challengers Bangalore,Kingsmead,Durban,29,4,2009,2009,male,Kolkata Knight Riders,bat,MV Boucher,Royal Challengers Bangalore,5 wickets,,,,19,Unknown,139,1,120,120,143.0,0.0,119.0,119.0,45,46.0,32.0,36.0,2.0,0.0,6.95,7.2100840336134455,7.5,7.666666666666667,0,1,0,1.1948943178698874,0.8,0.5,0.4444444444444444,0.3,18,20
392200,2009-04-29,Indian Premier League,Kings XI Punjab,Mumbai Indians,Kingsmead,Durban,29,4,2009,2009,male,Kings XI Punjab,bat,KC Sangakkara,Kings XI Punjab,3 runs,,,,20,Unknown,119,0,120,120,116.0,0.0,120.0,120.0,26,23.0,26.0,28.0,2.0,3.0,5.95,5.8,4.333333333333333,3.8333333333333335,1,1,0,1.1948943178698874,1.0,0.9,0.65,0.5,20,18
392201,2009-04-30,Indian Premier League,Deccan Chargers,Delhi Daredevils,SuperSport Park,Centurion,30,4,2009,2009,male,Delhi Daredevils,field,DP Nannes,Delhi Daredevils,6 wickets,,,,21,Unknown,148,0,120,120,150.0,0.0,112.0,112.0,37,41.0,21.0,39.0,2.0,2.0,7.4,8.035714285714285,6.166666666666667,6.833333333333333,0,0,1,1.2745987438939288,0.6,1.0,0.3157894736842105,0.5789473684210527,19,19
392202,2009-04-30,Indian Premier League,Chennai Super Kings,Rajasthan Royals,SuperSport Park,Centurion,30,4,2009,2009,male,Rajasthan Royals,field,SK Raina,Chennai Super Kings,38 runs,,,,22,Unknown,164,0,120,120,126.0,0.0,117.0,117.0,40,38.0,56.0,19.0,2.0,2.0,8.2,6.461538461538462,6.666666666666667,6.333333333333333,1,0,1,1.2745987438939288,1.0,1.0,0.5238095238095238,0.6666666666666666,21,21
392203,2009-05-01,Indian Premier League,Mumbai Indians,Kolkata Knight Riders,Buffalo Park,East London,1,5,2009,2009,male,Mumbai Indians,bat,JP Duminy,Mumbai Indians,9 runs,,,,23,Unknown,148,0,120,120,139.0,0.0,120.0,120.0,40,26.0,51.0,28.0,2.0,2.0,7.4,6.95,6.666666666666667,4.333333333333333,1,1,0,1.1174825174825176,0.9,0.8,0.5263157894736842,0.42105263157894735,19,19
392204,2009-05-01,Indian Premier League,Royal Challengers Bangalore,Kings XI Punjab,Kingsmead,Durban,1,5,2009,2009,male,Royal Challengers Bangalore,bat,Yuvraj Singh,Royal Challengers Bangalore,8 runs,,,,24,Unknown,145,0,120,120,137.0,0.0,120.0,120.0,38,35.0,41.0,35.0,2.0,0.0,7.25,6.85,6.333333333333333,5.833333333333333,1,1,0,1.1948943178698874,0.6,1.0,0.3333333333333333,0.6190476190476191,21,21
392206,2009-05-02,Indian Premier League,Chennai Super Kings,Delhi Daredevils,New Wanderers Stadium,Johannesburg,2,5,2009,2009,male,Delhi Daredevils,field,SB Jakati,Chennai Super Kings,18 runs,,,,26,Unknown,163,0,120,120,145.0,0.0,120.0,120.0,53,49.0,25.0,18.0,2.0,2.0,8.15,7.25,8.833333333333334,8.166666666666666,1,0,1,1.1814432989690722,1.0,1.0,0.5454545454545454,0.55,22,20
392205,2009-05-02,Indian Premier League,Deccan Chargers,Rajasthan Royals,St George's Park,Port Elizabeth,2,5,2009,2009,male,Deccan Chargers,bat,YK Pathan,Rajasthan Royals,3 wickets,,,,25,Unknown,141,0,120,120,142.0,0.0,118.0,118.0,39,30.0,32.0,29.0,2.0,3.0,7.05,7.220338983050847,6.5,5.0,0,1,0,1.212283840190817,0.6,1.0,0.3,0.6818181818181818,20,22
392207,2009-05-03,Indian Premier League,Kolkata Knight Riders,Kings XI Punjab,St George's Park,Port Elizabeth,3,5,2009,2009,male,Kolkata Knight Riders,bat,DPMD Jayawardene,Kings XI Punjab,6 wickets,,,,27,Unknown,153,0,120,120,154.0,0.0,120.0,120.0,28,51.0,48.0,33.0,1.0,2.0,7.65,7.7,4.666666666666667,8.5,0,1,0,1.212283840190817,0.8,1.0,0.4,0.6363636363636364,20,22
392208,2009-05-03,Indian Premier League,Mumbai Indians,Royal Challengers Bangalore,New Wanderers Stadium,Johannesburg,3,5,2009,2009,male,Mumbai Indians,bat,JH Kallis,Royal Challengers Bangalore,9 wickets,,,,28,Unknown,149,0,120,120,150.0,0.0,109.0,109.0,25,51.0,55.0,23.0,3.0,1.0,7.45,8.256880733944953,4.166666666666667,8.5,0,1,0,1.1814432989690722,1.0,0.7,0.5,0.36363636363636365,20,22
392209,2009-05-04,Indian Premier League,Chennai Super Kings,Deccan Chargers,Buffalo Park,East London,4,5,2009,2009,male,Chennai Super Kings,bat,MS Dhoni,Chennai Super Kings,78 runs,,,,29,Unknown,178,0,120,120,100.0,1.0,88.0,88.0,53,52.0,41.0,0.0,0.0,3.0,8.9,6.818181818181818,8.833333333333334,8.666666666666666,1,1,0,1.1174825174825176,1.0,0.6,0.5652173913043478,0.2857142857142857,23,21
392210,2009-05-05,Indian Premier League,Rajasthan Royals,Kings XI Punjab,Kingsmead,Durban,5,5,2009,2009,male,Kings XI Punjab,field,GC Smith,Rajasthan Royals,78 runs,,,,30,Unknown,211,0,120,120,133.0,1.0,120.0,120.0,57,29.0,58.0,19.0,0.0,4.0,10.55,6.65,9.5,4.833333333333333,1,0,1,1.1948943178698874,1.0,1.0,0.6956521739130435,0.6086956521739131,23,23
392211,2009-05-05,Indian Premier League,Kolkata Knight Riders,Delhi Daredevils,Kingsmead,Durban,5,5,2009,2009,male,Kolkata Knight Riders,bat,G Gambhir,Delhi Daredevils,9 wickets,,,,31,Unknown,154,0,120,120,157.0,0.0,114.0,114.0,54,57.0,43.0,34.0,0.0,0.0,7.7,8.263157894736842,9.0,9.5,0,1,0,1.1948943178698874,0.8,1.0,0.38095238095238093,0.5714285714285714,21,21
392212,2009-05-06,Indian Premier League,Deccan Chargers,Mumbai Indians,SuperSport Park,Centurion,6,5,2009,2009,male,Deccan Chargers,bat,RG Sharma,Deccan Chargers,19 runs,,,,32,Unknown,145,0,120,120,126.0,0.0,120.0,120.0,37,41.0,42.0,23.0,2.0,2.0,7.25,6.3,6.166666666666667,6.833333333333333,1,1,0,1.2745987438939288,0.6,1.0,0.3181818181818182,0.47619047619047616,22,21
392213,2009-05-07,Indian Premier League,Royal Challengers Bangalore,Rajasthan Royals,SuperSport Park,Centurion,7,5,2009,2009,male,Rajasthan Royals,field,A Singh,Rajasthan Royals,7 wickets,,,,33,Unknown,105,0,120,120,107.0,0.0,90.0,90.0,29,31.0,23.0,0.0,3.0,1.0,5.25,7.133333333333334,4.833333333333333,5.166666666666667,0,0,1,1.2745987438939288,0.8,1.0,0.34782608695652173,0.7083333333333334,23,24
392214,2009-05-07,Indian Premier League,Chennai Super Kings,Kings XI Punjab,SuperSport Park,Centurion,7,5,2009,2009,male,Chennai Super Kings,bat,ML Hayden,Chennai Super Kings,12 runs,,D/L,,34,Unknown,185,1,108,108,174.0,0.0,108.0,108.0,57,53.0,31.0,17.0,1.0,1.0,10.277777777777779,9.666666666666666,9.5,8.833333333333334,1,1,0,1.2745987438939288,1.0,1.0,0.5833333333333334,0.5833333333333334,24,24
392215,2009-05-08,Indian Premier League,Mumbai Indians,Delhi Daredevils,Buffalo Park,East London,8,5,2009,2009,male,Mumbai Indians,bat,A Nehra,Delhi Daredevils,7 wickets,,,,35,Unknown,116,0,120,120,118.0,0.0,113.0,113.0,30,36.0,26.0,25.0,3.0,0.0,5.8,6.265486725663717,5.0,6.0,0,1,0,1.1174825174825176,1.0,1.0,0.45454545454545453,0.5909090909090909,22,22
392216,2009-05-09,Indian Premier League,Deccan Chargers,Kings XI Punjab,De Beers Diamond Oval,Kimberley,9,5,2009,2009,male,Kings XI Punjab,field,DPMD Jayawardene,Kings XI Punjab,3 wickets,,,,36,Unknown,168,0,120,120,169.0,0.0,119.0,119.0,52,45.0,55.0,45.0,1.0,2.0,8.4,8.521008403361344,8.666666666666666,7.5,0,0,1,1.2355371900826446,0.7,1.0,0.30434782608695654,0.6,23,25
392217,2009-05-09,Indian Premier League,Rajasthan Royals,Chennai Super Kings,De Beers Diamond Oval,Kimberley,9,5,2009,2009,male,Rajasthan Royals,bat,S Badrinath,Chennai Super Kings,7 wickets,,,,37,Unknown,140,0,120,120,141.0,0.0,110.0,110.0,34,37.0,39.0,24.0,1.0,2.0,7.0,7.690909090909091,5.666666666666667,6.166666666666667,0,1,0,1.2355371900826446,1.0,1.0,0.68,0.6,25,25
392218,2009-05-10,Indian Premier League,Mumbai Indians,Royal Challengers Bangalore,St George's Park,Port Elizabeth,10,5,2009,2009,male,Mumbai Indians,bat,JP Duminy,Mumbai Indians,16 runs,,,,38,Unknown,157,0,120,120,141.0,0.0,120.0,120.0,46,39.0,43.0,35.0,1.0,2.0,7.85,7.05,7.666666666666667,6.5,1,1,0,1.212283840190817,1.0,0.8,0.4782608695652174,0.3333333333333333,23,24
392219,2009-05-10,Indian Premier League,Kolkata Knight Riders,Delhi Daredevils,New Wanderers Stadium,Johannesburg,10,5,2009,2009,male,Delhi Daredevils,field,A Mishra,Delhi Daredevils,7 wickets,,,,39,Unknown,123,0,120,120,125.0,0.0,103.0,103.0,37,47.0,35.0,15.0,3.0,0.0,6.15,7.281553398058252,6.166666666666667,7.833333333333333,0,0,1,1.1814432989690722,0.8,1.0,0.36363636363636365,0.6086956521739131,22,23
392220,2009-05-11,Indian Premier League,Deccan Chargers,Rajasthan Royals,De Beers Diamond Oval,Kimberley,11,5,2009,2009,male,Deccan Chargers,bat,DR Smith,Deccan Chargers,53 runs,,,,40,Unknown,166,0,120,120,113.0,0.0,117.0,117.0,42,30.0,48.0,15.0,2.0,2.0,8.3,5.794871794871795,7.0,5.0,1,1,0,1.2355371900826446,0.7,1.0,0.3333333333333333,0.6538461538461539,24,26
392221,2009-05-12,Indian Premier League,Kolkata Knight Riders,Royal Challengers Bangalore,SuperSport Park,Centurion,12,5,2009,2009,male,Royal Challengers Bangalore,field,LRPL Taylor,Royal Challengers Bangalore,6 wickets,,,,41,Unknown,173,0,120,120,176.0,0.0,116.0,116.0,38,46.0,60.0,54.0,2.0,0.0,8.65,9.10344827586207,6.333333333333333,7.666666666666667,0,0,1,1.2745987438939288,0.8,0.8,0.34782608695652173,0.36,23,25
392222,2009-05-12,Indian Premier League,Kings XI Punjab,Mumbai Indians,SuperSport Park,Centurion,12,5,2009,2009,male,Kings XI Punjab,bat,Harbhajan Singh,Mumbai Indians,8 wickets,,,,42,Unknown,119,0,120,120,122.0,0.0,98.0,98.0,51,42.0,21.0,5.0,3.0,2.0,5.95,7.469387755102042,8.5,7.0,0,1,0,1.2745987438939288,1.0,1.0,0.5769230769230769,0.5,26,24
392223,2009-05-13,Indian Premier League,Delhi Daredevils,Deccan Chargers,Kingsmead,Durban,13,5,2009,2009,male,Deccan Chargers,field,R Bhatia,Delhi Daredevils,12 runs,,,,43,Unknown,173,0,120,120,161.0,0.0,118.0,118.0,56,50.0,54.0,16.0,1.0,2.0,8.65,8.186440677966102,9.333333333333334,8.333333333333334,1,0,1,1.1948943178698874,1.0,0.8,0.625,0.32,24,25
392225,2009-05-14,Indian Premier League,Rajasthan Royals,Mumbai Indians,Kingsmead,Durban,14,5,2009,2009,male,Rajasthan Royals,bat,SK Warne,Rajasthan Royals,2 runs,,,,45,Unknown,145,0,120,120,143.0,0.0,119.0,119.0,42,26.0,19.0,36.0,0.0,3.0,7.25,7.2100840336134455,7.0,4.333333333333333,1,1,0,1.1948943178698874,1.0,1.0,0.6666666666666666,0.48,27,25
392224,2009-05-14,Indian Premier League,Chennai Super Kings,Royal Challengers Bangalore,Kingsmead,Durban,14,5,2009,2009,male,Chennai Super Kings,bat,LRPL Taylor,Royal Challengers Bangalore,2 wickets,,,,44,Unknown,129,0,118,118,132.0,0.0,118.0,118.0,52,33.0,22.0,39.0,2.0,3.0,6.5593220338983045,6.711864406779661,8.666666666666666,5.5,0,1,0,1.1948943178698874,1.0,0.9,0.5769230769230769,0.38461538461538464,26,26
392226,2009-05-15,Indian Premier League,Delhi Daredevils,Kings XI Punjab,OUTsurance Oval,Bloemfontein,15,5,2009,2009,male,Kings XI Punjab,field,B Lee,Kings XI Punjab,6 wickets,,,,46,Unknown,120,0,120,120,123.0,0.0,115.0,115.0,38,37.0,16.0,35.0,2.0,3.0,6.0,6.4173913043478255,6.333333333333333,6.166666666666667,0,0,1,1.058,1.0,1.0,0.6,0.5925925925925926,25,27
392227,2009-05-16,Indian Premier League,Mumbai Indians,Chennai Super Kings,St George's Park,Port Elizabeth,16,5,2009,2009,male,Mumbai Indians,bat,ML Hayden,Chennai Super Kings,7 wickets,,,,47,Unknown,147,0,120,120,151.0,1.0,115.0,115.0,49,35.0,42.0,41.0,2.0,2.0,7.35,7.878260869565217,8.166666666666666,5.833333333333333,0,1,0,1.212283840190817,1.0,1.0,0.46153846153846156,0.5925925925925926,26,27
392228,2009-05-16,Indian Premier League,Kolkata Knight Riders,Deccan Chargers,New Wanderers Stadium,Johannesburg,16,5,2009,2009,male,Deccan Chargers,field,RG Sharma,Deccan Chargers,6 wickets,,,,48,Unknown,160,0,120,120,166.0,0.0,120.0,120.0,31,50.0,56.0,53.0,1.0,0.0,8.0,8.3,5.166666666666667,8.333333333333334,0,0,1,1.1814432989690722,0.8,0.8,0.3333333333333333,0.34615384615384615,24,26
392229,2009-05-17,Indian Premier League,Kings XI Punjab,Deccan Chargers,New Wanderers Stadium,Johannesburg,17,5,2009,2009,male,Deccan Chargers,field,Yuvraj Singh,Kings XI Punjab,1 runs,,,,49,Unknown,134,0,120,120,133.0,0.0,120.0,120.0,39,46.0,29.0,43.0,3.0,2.0,6.7,6.65,6.5,7.666666666666667,1,0,1,1.1814432989690722,1.0,0.9,0.6071428571428571,0.3333333333333333,28,27
392230,2009-05-17,Indian Premier League,Delhi Daredevils,Rajasthan Royals,OUTsurance Oval,Bloemfontein,17,5,2009,2009,male,Delhi Daredevils,bat,AB de Villiers,Delhi Daredevils,14 runs,,,,50,Unknown,150,0,120,120,136.0,0.0,120.0,120.0,35,24.0,51.0,37.0,2.0,2.0,7.5,6.8,5.833333333333333,4.0,1,1,0,1.058,1.0,1.0,0.6153846153846154,0.6428571428571429,26,28
392231,2009-05-18,Indian Premier League,Chennai Super Kings,Kolkata Knight Riders,SuperSport Park,Centurion,18,5,2009,2009,male,Chennai Super Kings,bat,BJ Hodge,Kolkata Knight Riders,7 wickets,,,,51,Unknown,188,0,120,120,189.0,0.0,120.0,120.0,54,56.0,48.0,52.0,0.0,1.0,9.4,9.45,9.0,9.333333333333334,0,1,0,1.2745987438939288,1.0,0.8,0.5714285714285714,0.36,28,25
392232,2009-05-19,Indian Premier League,Delhi Daredevils,Royal Challengers Bangalore,New Wanderers Stadium,Johannesburg,19,5,2009,2009,male,Delhi Daredevils,bat,JH Kallis,Royal Challengers Bangalore,7 wickets,,,,52,Unknown,134,0,120,120,135.0,0.0,114.0,114.0,37,27.0,34.0,30.0,3.0,1.0,6.7,7.105263157894737,6.166666666666667,4.5,0,1,0,1.1814432989690722,1.0,1.0,0.5925925925925926,0.4074074074074074,27,27
392234,2009-05-20,Indian Premier League,Chennai Super Kings,Kings XI Punjab,Kingsmead,Durban,20,5,2009,2009,male,Chennai Super Kings,bat,M Muralitharan,Chennai Super Kings,24 runs,,,,54,Unknown,116,0,120,120,92.0,0.0,120.0,120.0,50,29.0,16.0,31.0,1.0,1.0,5.8,4.6,8.333333333333334,4.833333333333333,1,1,0,1.1948943178698874,1.0,1.0,0.5862068965517241,0.5862068965517241,29,29
392233,2009-05-20,Indian Premier League,Rajasthan Royals,Kolkata Knight Riders,Kingsmead,Durban,20,5,2009,2009,male,Kolkata Knight Riders,field,LR Shukla,Kolkata Knight Riders,4 wickets,,,,53,Unknown,101,0,120,120,102.0,0.0,117.0,117.0,46,29.0,17.0,27.0,4.0,3.0,5.05,5.230769230769231,7.666666666666667,4.833333333333333,0,0,1,1.1948943178698874,1.0,0.9,0.6206896551724138,0.38461538461538464,29,26
392235,2009-05-21,Indian Premier League,Mumbai Indians,Delhi Daredevils,SuperSport Park,Centurion,21,5,2009,2009,male,Delhi Daredevils,field,V Sehwag,Delhi Daredevils,4 wickets,,,,55,Unknown,165,0,120,120,166.0,0.0,105.0,105.0,30,60.0,46.0,18.0,3.0,1.0,8.25,9.485714285714286,5.0,10.0,0,0,1,1.2745987438939288,1.0,1.0,0.4444444444444444,0.6071428571428571,27,28
392236,2009-05-21,Indian Premier League,Royal Challengers Bangalore,Deccan Chargers,SuperSport Park,Centurion,21,5,2009,2009,male,Royal Challengers Bangalore,bat,MK Pandey,Royal Challengers Bangalore,12 runs,,,,56,Unknown,170,0,120,120,158.0,0.0,120.0,120.0,33,64.0,38.0,33.0,1.0,0.0,8.5,7.9,5.5,10.666666666666666,1,1,0,1.2745987438939288,1.0,0.9,0.42857142857142855,0.32142857142857145,28,28
392237,2009-05-22,Indian Premier League,Delhi Daredevils,Deccan Chargers,SuperSport Park,Centurion,22,5,2009,2009,male,Deccan Chargers,field,AC Gilchrist,Deccan Chargers,6 wickets,,,,Unknown,Semi Final,153,0,120,120,154.0,0.0,106.0,106.0,49,84.0,33.0,6.0,2.0,1.0,7.65,8.716981132075471,8.166666666666666,14.0,0,0,1,1.2745987438939288,1.0,0.9,0.5862068965517241,0.3448275862068966,29,29
392238,2009-05-23,Indian Premier League,Chennai Super Kings,Royal Challengers Bangalore,New Wanderers Stadium,Johannesburg,23,5,2009,2009,male,Royal Challengers Bangalore,field,MK Pandey,Royal Challengers Bangalore,6 wickets,,,,Unknown,Semi Final,146,0,120,120,149.0,0.0,113.0,113.0,52,59.0,32.0,37.0,0.0,2.0,7.3,7.911504424778761,8.666666666666666,9.833333333333334,0,0,1,1.1814432989690722,1.0,1.0,0.5666666666666667,0.4482758620689655,30,29
392239,2009-05-24,Indian Premier League,Deccan Chargers,Royal Challengers Bangalore,New Wanderers Stadium,Johannesburg,24,5,2009,2009,male,Royal Challengers Bangalore,field,A Kumble,Deccan Chargers,6 runs,,,,Unknown,Final,143,0,120,120,137.0,0.0,120.0,120.0,31,36.0,34.0,29.0,2.0,1.0,7.15,6.85,5.166666666666667,6.0,1,0,1,1.1814432989690722,1.0,1.0,0.36666666666666664,0.43333333333333335,30,30
419106,2010-03-12,Indian Premier League,Kolkata Knight Riders,Deccan Chargers,Dr DY Patil Sports Academy,Mumbai,12,3,2010,2009/10,male,Deccan Chargers,field,AD Mathews,Kolkata Knight Riders,11 runs,,,,1,Unknown,161,1,120,120,150.0,0.0,120.0,120.0,38,62.0,58.0,22.0,4.0,1.0,8.05,7.5,6.333333333333333,10.333333333333334,1,0,1,1.2046080641121963,1.0,1.0,0.4074074074074074,0.3548387096774194,27,31
419107,2010-03-13,Indian Premier League,Mumbai Indians,Rajasthan Royals,Brabourne Stadium,Mumbai,13,3,2010,2009/10,male,Mumbai Indians,bat,YK Pathan,Mumbai Indians,4 runs,,,,2,Unknown,212,0,120,120,208.0,0.0,120.0,120.0,69,39.0,42.0,54.0,1.0,2.0,10.6,10.4,11.5,6.5,1,1,0,1.4098825435398947,1.0,1.0,0.4642857142857143,0.6,28,30
419108,2010-03-13,Indian Premier League,Kings XI Punjab,Delhi Daredevils,"Punjab Cricket Association Stadium, Mohali",Chandigarh,13,3,2010,2009/10,male,Delhi Daredevils,field,G Gambhir,Delhi Daredevils,5 wickets,,,,3,Unknown,142,0,120,120,146.0,0.0,119.0,119.0,44,39.0,28.0,32.0,3.0,2.0,7.1,7.3613445378151265,7.333333333333333,6.5,0,0,1,1.3291797725623034,1.0,1.0,0.5666666666666667,0.6,30,30
419109,2010-03-14,Indian Premier League,Royal Challengers Bangalore,Kolkata Knight Riders,Eden Gardens,Kolkata,14,3,2010,2009/10,male,Kolkata Knight Riders,field,MK Tiwary,Kolkata Knight Riders,7 wickets,,,,4,Unknown,135,0,120,120,136.0,0.0,116.0,116.0,24,61.0,38.0,18.0,3.0,0.0,6.75,7.03448275862069,4.0,10.166666666666666,0,0,1,1.3152101400933955,1.0,1.0,0.41935483870967744,0.42857142857142855,31,28
419110,2010-03-14,Indian Premier League,Deccan Chargers,Chennai Super Kings,"MA Chidambaram Stadium, Chepauk",Chennai,14,3,2010,2009/10,male,Deccan Chargers,bat,WPUJC Vaas,Deccan Chargers,31 runs,,,,5,Unknown,190,0,120,120,159.0,0.0,120.0,120.0,57,34.0,51.0,41.0,2.0,4.0,9.5,7.95,9.5,5.666666666666667,1,1,0,1.2990646258503402,1.0,1.0,0.375,0.5483870967741935,32,31
419111,2010-03-15,Indian Premier League,Rajasthan Royals,Delhi Daredevils,"Sardar Patel Stadium, Motera",Ahmedabad,15,3,2010,2009/10,male,Delhi Daredevils,field,V Sehwag,Delhi Daredevils,6 wickets,,,,6,Unknown,141,0,120,120,142.0,0.0,103.0,103.0,47,60.0,33.0,10.0,3.0,2.0,7.05,8.271844660194175,7.833333333333333,10.0,0,0,1,1.3021085378499828,1.0,1.0,0.5806451612903226,0.6129032258064516,31,31
419112,2010-03-16,Indian Premier League,Kings XI Punjab,Royal Challengers Bangalore,M Chinnaswamy Stadium,Bangalore,16,3,2010,2009/10,male,Kings XI Punjab,bat,JH Kallis,Royal Challengers Bangalore,8 wickets,,,,7,Unknown,203,0,120,120,204.0,0.0,113.0,113.0,50,61.0,61.0,45.0,0.0,0.0,10.15,10.831858407079647,8.333333333333334,10.166666666666666,0,1,0,1.3592942912725565,1.0,1.0,0.5483870967741935,0.4375,31,32
419113,2010-03-16,Indian Premier League,Chennai Super Kings,Kolkata Knight Riders,Eden Gardens,Kolkata,16,3,2010,2009/10,male,Chennai Super Kings,bat,MS Dhoni,Chennai Super Kings,55 runs,,,,8,Unknown,164,0,120,120,109.0,0.0,116.0,116.0,31,45.0,61.0,12.0,1.0,3.0,8.2,5.637931034482759,5.166666666666667,7.5,1,1,0,1.3152101400933955,1.0,1.0,0.5625,0.41379310344827586,32,29
419114,2010-03-17,Indian Premier League,Mumbai Indians,Delhi Daredevils,Feroz Shah Kotla,Delhi,17,3,2010,2009/10,male,Delhi Daredevils,field,SR Tendulkar,Mumbai Indians,98 runs,,,,9,Unknown,218,0,120,120,120.0,0.0,99.0,99.0,67,56.0,44.0,0.0,1.0,1.0,10.9,7.2727272727272725,11.166666666666666,9.333333333333334,1,0,1,1.3205017921146953,1.0,1.0,0.4827586206896552,0.59375,29,32
419115,2010-03-18,Indian Premier League,Rajasthan Royals,Royal Challengers Bangalore,M Chinnaswamy Stadium,Bangalore,18,3,2010,2009/10,male,Royal Challengers Bangalore,field,JH Kallis,Royal Challengers Bangalore,10 wickets,,,,10,Unknown,92,0,119,119,93.0,0.0,64.0,64.0,31,59.0,12.0,0.0,1.0,0.0,4.638655462184874,8.71875,5.166666666666667,9.833333333333334,0,0,1,1.3592942912725565,1.0,1.0,0.5625,0.45454545454545453,32,33
419117,2010-03-19,Indian Premier League,Deccan Chargers,Kings XI Punjab,Barabati Stadium,Cuttack,19,3,2010,2009/10,male,Kings XI Punjab,field,A Symonds,Deccan Chargers,6 runs,,,,12,Unknown,170,0,120,120,164.0,0.0,120.0,120.0,56,27.0,36.0,60.0,2.0,3.0,8.5,8.2,9.333333333333334,4.5,1,0,1,1.343952802359882,1.0,1.0,0.3939393939393939,0.53125,33,32
419116,2010-03-19,Indian Premier League,Delhi Daredevils,Chennai Super Kings,Feroz Shah Kotla,Delhi,19,3,2010,2009/10,male,Delhi Daredevils,bat,ML Hayden,Chennai Super Kings,5 wickets,,,,11,Unknown,185,0,120,120,190.0,0.0,115.0,115.0,52,56.0,41.0,34.0,1.0,1.0,9.25,9.91304347826087,8.666666666666666,9.333333333333334,0,1,0,1.3205017921146953,1.0,1.0,0.5757575757575758,0.5757575757575758,33,33
419118,2010-03-20,Indian Premier League,Rajasthan Royals,Kolkata Knight Riders,"Sardar Patel Stadium, Motera",Ahmedabad,20,3,2010,2009/10,male,Rajasthan Royals,bat,AA Jhunjhunwala,Rajasthan Royals,34 runs,,,,13,Unknown,168,1,120,120,134.0,0.0,120.0,120.0,56,38.0,33.0,25.0,2.0,1.0,8.4,6.7,9.333333333333334,6.333333333333333,1,1,0,1.3021085378499828,1.0,1.0,0.5757575757575758,0.4,33,30
419119,2010-03-20,Indian Premier League,Mumbai Indians,Royal Challengers Bangalore,Brabourne Stadium,Mumbai,20,3,2010,2009/10,male,Mumbai Indians,bat,JH Kallis,Royal Challengers Bangalore,7 wickets,,,,14,Unknown,151,0,120,120,155.0,0.0,115.0,115.0,45,55.0,43.0,23.0,2.0,0.0,7.55,8.08695652173913,7.5,9.166666666666666,0,1,0,1.4098825435398947,1.0,1.0,0.4666666666666667,0.47058823529411764,30,34
419120,2010-03-21,Indian Premier League,Deccan Chargers,Delhi Daredevils,Barabati Stadium,Cuttack,21,3,2010,2009/10,male,Deccan Chargers,bat,A Symonds,Deccan Chargers,10 runs,,,,15,Unknown,171,0,120,120,161.0,0.0,120.0,120.0,47,48.0,47.0,30.0,2.0,1.0,8.55,8.05,7.833333333333333,8.0,1,1,0,1.343952802359882,1.0,1.0,0.4117647058823529,0.5588235294117647,34,34
419121,2010-03-21,Indian Premier League,Kings XI Punjab,Chennai Super Kings,"MA Chidambaram Stadium, Chepauk",Chennai,21,3,2010,2009/10,male,Chennai Super Kings,field,J Theron,Unknown,,tie,,Kings XI Punjab,16,Unknown,136,0,120,120,136.0,0.0,120.0,120.0,38,42.0,29.0,24.0,1.0,0.0,6.8,6.8,6.333333333333333,7.0,0,0,1,1.2990646258503402,1.0,1.0,0.5151515151515151,0.5882352941176471,33,34
419122,2010-03-22,Indian Premier League,Kolkata Knight Riders,Mumbai Indians,Brabourne Stadium,Mumbai,22,3,2010,2009/10,male,Kolkata Knight Riders,bat,SR Tendulkar,Mumbai Indians,7 wickets,,,,17,Unknown,155,0,120,120,156.0,0.0,111.0,111.0,41,57.0,37.0,27.0,0.0,0.0,7.75,8.432432432432432,6.833333333333333,9.5,0,1,0,1.4098825435398947,1.0,1.0,0.3870967741935484,0.4838709677419355,31,31
419123,2010-03-23,Indian Premier League,Royal Challengers Bangalore,Chennai Super Kings,M Chinnaswamy Stadium,Bangalore,23,3,2010,2009/10,male,Chennai Super Kings,field,RV Uthappa,Royal Challengers Bangalore,36 runs,,,,18,Unknown,171,0,120,120,135.0,0.0,120.0,120.0,38,29.0,61.0,28.0,1.0,1.0,8.55,6.75,6.333333333333333,4.833333333333333,1,0,1,1.3592942912725565,1.0,1.0,0.4857142857142857,0.5714285714285714,35,35
419124,2010-03-24,Indian Premier League,Rajasthan Royals,Kings XI Punjab,"Punjab Cricket Association Stadium, Mohali",Chandigarh,24,3,2010,2009/10,male,Kings XI Punjab,field,AC Voges,Rajasthan Royals,31 runs,,,,19,Unknown,183,0,120,120,152.0,0.0,115.0,115.0,53,76.0,39.0,18.0,1.0,1.0,9.15,7.930434782608695,8.833333333333334,12.666666666666666,1,0,1,1.3291797725623034,1.0,1.0,0.5882352941176471,0.5,34,34
419125,2010-03-25,Indian Premier League,Chennai Super Kings,Mumbai Indians,"Brabourne Stadium, Mumbai",Mumbai,25,3,2010,2009/10,male,Mumbai Indians,field,SR Tendulkar,Mumbai Indians,5 wickets,,,,21,Unknown,180,0,120,120,181.0,0.0,114.0,114.0,51,63.0,44.0,29.0,2.0,0.0,9.0,9.526315789473685,8.5,10.5,0,0,1,1.4355435050529948,1.0,1.0,0.5555555555555556,0.5,36,32
419128,2010-03-25,Indian Premier League,Delhi Daredevils,Royal Challengers Bangalore,M Chinnaswamy Stadium,Bangalore,25,3,2010,2009/10,male,Royal Challengers Bangalore,field,KM Jadhav,Delhi Daredevils,17 runs,,,,20,Unknown,183,0,120,120,166.0,0.0,120.0,120.0,64,46.0,49.0,40.0,2.0,0.0,9.15,8.3,10.666666666666666,7.666666666666667,1,0,1,1.3592942912725565,1.0,1.0,0.5714285714285714,0.4722222222222222,35,36
419126,2010-03-26,Indian Premier League,Deccan Chargers,Rajasthan Royals,"Sardar Patel Stadium, Motera",Ahmedabad,26,3,2010,2009/10,male,Deccan Chargers,bat,YK Pathan,Rajasthan Royals,8 wickets,,,,22,Unknown,148,0,120,120,151.0,0.0,94.0,94.0,55,54.0,35.0,0.0,2.0,0.0,7.4,9.638297872340425,9.166666666666666,9.0,0,1,0,1.3021085378499828,1.0,1.0,0.4,0.6,35,35
419127,2010-03-27,Indian Premier League,Kolkata Knight Riders,Kings XI Punjab,"Punjab Cricket Association Stadium, Mohali",Chandigarh,27,3,2010,2009/10,male,Kolkata Knight Riders,bat,MK Tiwary,Kolkata Knight Riders,39 runs,,,,23,Unknown,183,0,120,120,144.0,0.0,120.0,120.0,50,42.0,53.0,33.0,2.0,2.0,9.15,7.2,8.333333333333334,7.0,1,1,0,1.3291797725623034,1.0,1.0,0.40625,0.4857142857142857,32,35
419129,2010-03-28,Indian Premier League,Rajasthan Royals,Chennai Super Kings,"Sardar Patel Stadium, Motera",Ahmedabad,28,3,2010,2009/10,male,Rajasthan Royals,bat,NV Ojha,Rajasthan Royals,17 runs,,,,24,Unknown,177,0,120,120,160.0,0.0,120.0,120.0,58,58.0,42.0,35.0,1.0,1.0,8.85,8.0,9.666666666666666,9.666666666666666,1,1,0,1.3021085378499828,1.0,1.0,0.6111111111111112,0.5405405405405406,36,37
419130,2010-03-28,Indian Premier League,Mumbai Indians,Deccan Chargers,Dr DY Patil Sports Academy,Mumbai,28,3,2010,2009/10,male,Deccan Chargers,field,Harbhajan Singh,Mumbai Indians,41 runs,,,,25,Unknown,172,0,120,120,131.0,0.0,106.0,106.0,52,50.0,62.0,2.0,1.0,4.0,8.6,7.415094339622641,8.666666666666666,8.333333333333334,1,0,1,1.2046080641121963,1.0,1.0,0.5151515151515151,0.3888888888888889,33,36
419131,2010-03-29,Indian Premier League,Delhi Daredevils,Kolkata Knight Riders,Feroz Shah Kotla,Delhi,29,3,2010,2009/10,male,Delhi Daredevils,bat,DA Warner,Delhi Daredevils,40 runs,,,,26,Unknown,177,0,120,120,137.0,0.0,120.0,120.0,62,36.0,38.0,29.0,3.0,3.0,8.85,6.85,10.333333333333334,6.0,1,1,0,1.3205017921146953,1.0,1.0,0.5833333333333334,0.3939393939393939,36,33
419132,2010-03-30,Indian Premier League,Kings XI Punjab,Mumbai Indians,Brabourne Stadium,Mumbai,30,3,2010,2009/10,male,Mumbai Indians,field,SL Malinga,Mumbai Indians,4 wickets,,,,27,Unknown,163,0,120,120,164.0,0.0,117.0,117.0,48,45.0,39.0,41.0,2.0,1.0,8.15,8.41025641025641,8.0,7.5,0,0,1,1.4098825435398947,1.0,1.0,0.4722222222222222,0.5294117647058824,36,34
419133,2010-03-31,Indian Premier League,Royal Challengers Bangalore,Chennai Super Kings,"MA Chidambaram Stadium, Chepauk",Chennai,31,3,2010,2009/10,male,Royal Challengers Bangalore,bat,M Vijay,Chennai Super Kings,5 wickets,,,,28,Unknown,161,0,120,120,162.0,0.0,113.0,113.0,52,56.0,44.0,26.0,1.0,0.0,8.05,8.601769911504425,8.666666666666666,9.333333333333334,0,1,0,1.2990646258503402,1.0,1.0,0.4594594594594595,0.5526315789473685,37,38
419134,2010-03-31,Indian Premier League,Delhi Daredevils,Rajasthan Royals,Feroz Shah Kotla,Delhi,31,3,2010,2009/10,male,Delhi Daredevils,bat,KD Karthik,Delhi Daredevils,67 runs,,,,29,Unknown,188,0,120,120,121.0,0.0,106.0,106.0,52,39.0,57.0,10.0,3.0,4.0,9.4,6.849056603773584,8.666666666666666,6.5,1,1,0,1.3205017921146953,1.0,1.0,0.5945945945945946,0.5945945945945946,37,37
419135,2010-04-01,Indian Premier League,Kolkata Knight Riders,Deccan Chargers,Eden Gardens,Kolkata,1,4,2010,2009/10,male,Kolkata Knight Riders,bat,SC Ganguly,Kolkata Knight Riders,24 runs,,,,30,Unknown,181,0,120,120,157.0,0.0,120.0,120.0,46,59.0,56.0,29.0,2.0,1.0,9.05,7.85,7.666666666666667,9.833333333333334,1,1,0,1.3152101400933955,1.0,1.0,0.4117647058823529,0.3783783783783784,34,37
419136,2010-04-02,Indian Premier League,Kings XI Punjab,Royal Challengers Bangalore,"Punjab Cricket Association Stadium, Mohali",Chandigarh,2,4,2010,2009/10,male,Kings XI Punjab,bat,KP Pietersen,Royal Challengers Bangalore,6 wickets,,,,31,Unknown,181,0,120,120,184.0,0.0,115.0,115.0,41,51.0,49.0,50.0,1.0,1.0,9.05,9.6,6.833333333333333,8.5,0,1,0,1.3291797725623034,1.0,1.0,0.4594594594594595,0.47368421052631576,37,38
419138,2010-04-03,Indian Premier League,Mumbai Indians,Deccan Chargers,Brabourne Stadium,Mumbai,3,4,2010,2009/10,male,Mumbai Indians,bat,AT Rayudu,Mumbai Indians,63 runs,,,,33,Unknown,178,0,120,120,115.0,0.0,110.0,110.0,53,40.0,53.0,7.0,0.0,2.0,8.9,6.272727272727273,8.833333333333334,6.666666666666667,1,1,0,1.4098825435398947,1.0,1.0,0.5428571428571428,0.3684210526315789,35,38
419137,2010-04-03,Indian Premier League,Chennai Super Kings,Rajasthan Royals,"MA Chidambaram Stadium, Chepauk",Chennai,3,4,2010,2009/10,male,Chennai Super Kings,bat,M Vijay,Chennai Super Kings,23 runs,,,,32,Unknown,246,0,120,120,223.0,0.0,120.0,120.0,66,62.0,50.0,40.0,1.0,0.0,12.3,11.15,11.0,10.333333333333334,1,1,0,1.2990646258503402,1.0,1.0,0.5641025641025641,0.5789473684210527,39,38
419139,2010-04-04,Indian Premier League,Kolkata Knight Riders,Kings XI Punjab,Eden Gardens,Kolkata,4,4,2010,2009/10,male,Kolkata Knight Riders,bat,DPMD Jayawardene,Kings XI Punjab,8 wickets,,,,34,Unknown,200,0,120,120,204.0,0.0,110.0,110.0,53,69.0,41.0,35.0,0.0,1.0,10.0,11.127272727272729,8.833333333333334,11.5,0,1,0,1.3152101400933955,1.0,1.0,0.4,0.47368421052631576,35,38
419140,2010-04-04,Indian Premier League,Delhi Daredevils,Royal Challengers Bangalore,Feroz Shah Kotla,Delhi,4,4,2010,2009/10,male,Delhi Daredevils,bat,PD Collingwood,Delhi Daredevils,37 runs,,,,35,Unknown,184,0,120,120,147.0,0.0,120.0,120.0,54,38.0,46.0,28.0,2.0,1.0,9.2,7.35,9.0,6.333333333333333,1,1,0,1.3205017921146953,1.0,1.0,0.6052631578947368,0.46153846153846156,38,39
419141,2010-04-05,Indian Premier League,Rajasthan Royals,Deccan Chargers,"Vidarbha Cricket Association Stadium, Jamtha",Nagpur,5,4,2010,2009/10,male,Rajasthan Royals,bat,SK Warne,Rajasthan Royals,2 runs,,,,36,Unknown,159,0,119,119,157.0,0.0,119.0,119.0,48,52.0,29.0,35.0,2.0,2.0,8.016806722689076,7.915966386554622,8.0,8.666666666666666,1,1,0,1.1886792452830188,1.0,1.0,0.5897435897435898,0.358974358974359,39,39
419142,2010-04-06,Indian Premier League,Chennai Super Kings,Mumbai Indians,"MA Chidambaram Stadium, Chepauk",Chennai,6,4,2010,2009/10,male,Chennai Super Kings,bat,SK Raina,Chennai Super Kings,24 runs,,,,37,Unknown,165,0,120,120,141.0,0.0,120.0,120.0,42,46.0,37.0,38.0,1.0,0.0,8.25,7.05,7.0,7.666666666666667,1,1,0,1.2990646258503402,1.0,1.0,0.575,0.5277777777777778,40,36
419143,2010-04-07,Indian Premier League,Kings XI Punjab,Rajasthan Royals,Sawai Mansingh Stadium,Jaipur,7,4,2010,2009/10,male,Kings XI Punjab,bat,MJ Lumb,Rajasthan Royals,9 wickets,,,,38,Unknown,153,0,120,120,157.0,0.0,90.0,90.0,52,70.0,21.0,0.0,1.0,0.0,7.65,10.466666666666667,8.666666666666666,11.666666666666666,0,1,0,1.2792825112107624,1.0,1.0,0.46153846153846156,0.6,39,40
419144,2010-04-07,Indian Premier League,Kolkata Knight Riders,Delhi Daredevils,Eden Gardens,Kolkata,7,4,2010,2009/10,male,Kolkata Knight Riders,bat,SC Ganguly,Kolkata Knight Riders,14 runs,,,,39,Unknown,181,0,120,120,167.0,0.0,120.0,120.0,50,44.0,51.0,25.0,0.0,1.0,9.05,8.35,8.333333333333334,7.333333333333333,1,1,0,1.3152101400933955,1.0,1.0,0.4166666666666667,0.5897435897435898,36,39
419145,2010-04-08,Indian Premier League,Royal Challengers Bangalore,Deccan Chargers,M Chinnaswamy Stadium,Bangalore,8,4,2010,2009/10,male,Deccan Chargers,field,TL Suman,Deccan Chargers,7 wickets,,,,40,Unknown,184,0,120,120,186.0,0.0,116.0,116.0,46,32.0,69.0,50.0,1.0,1.0,9.2,9.620689655172415,7.666666666666667,5.333333333333333,0,0,1,1.3592942912725565,1.0,1.0,0.45,0.375,40,40
419146,2010-04-09,Indian Premier League,Mumbai Indians,Kings XI Punjab,"Punjab Cricket Association Stadium, Mohali",Chandigarh,9,4,2010,2009/10,male,Mumbai Indians,bat,KC Sangakkara,Kings XI Punjab,6 wickets,,,,41,Unknown,154,0,120,120,158.0,0.0,116.0,116.0,51,56.0,36.0,35.0,2.0,1.0,7.7,8.172413793103448,8.5,9.333333333333334,0,1,0,1.3291797725623034,1.0,1.0,0.5135135135135135,0.475,37,40
419147,2010-04-10,Indian Premier League,Chennai Super Kings,Deccan Chargers,"Vidarbha Cricket Association Stadium, Jamtha",Nagpur,10,4,2010,2009/10,male,Chennai Super Kings,bat,RJ Harris,Deccan Chargers,6 wickets,,,,42,Unknown,138,0,120,120,139.0,0.0,115.0,115.0,55,37.0,24.0,32.0,1.0,2.0,6.9,7.252173913043478,9.166666666666666,6.166666666666667,0,1,0,1.1886792452830188,1.0,1.0,0.5609756097560976,0.3902439024390244,41,41
419148,2010-04-10,Indian Premier League,Kolkata Knight Riders,Royal Challengers Bangalore,M Chinnaswamy Stadium,Bangalore,10,4,2010,2009/10,male,Royal Challengers Bangalore,field,R Vinay Kumar,Royal Challengers Bangalore,7 wickets,,,,43,Unknown,160,0,120,120,162.0,0.0,103.0,103.0,61,48.0,27.0,25.0,1.0,1.0,8.0,9.436893203883495,10.166666666666666,8.0,0,0,1,1.3592942912725565,1.0,1.0,0.40540540540540543,0.4634146341463415,37,41
419149,2010-04-11,Indian Premier League,Delhi Daredevils,Kings XI Punjab,Feroz Shah Kotla,Delhi,11,4,2010,2009/10,male,Delhi Daredevils,bat,PP Chawla,Kings XI Punjab,7 wickets,,,,44,Unknown,111,0,118,118,112.0,0.0,112.0,112.0,45,39.0,23.0,17.0,3.0,0.0,5.6440677966101696,6.0,7.5,6.5,0,1,0,1.3205017921146953,1.0,1.0,0.575,0.4878048780487805,40,41
419150,2010-04-11,Indian Premier League,Mumbai Indians,Rajasthan Royals,Sawai Mansingh Stadium,Jaipur,11,4,2010,2009/10,male,Rajasthan Royals,field,SR Tendulkar,Mumbai Indians,37 runs,,,,45,Unknown,174,0,120,120,137.0,0.0,120.0,120.0,47,34.0,59.0,46.0,3.0,3.0,8.7,6.85,7.833333333333333,5.666666666666667,1,0,1,1.2792825112107624,1.0,1.0,0.5263157894736842,0.5853658536585366,38,41
419151,2010-04-12,Indian Premier League,Deccan Chargers,Royal Challengers Bangalore,"Vidarbha Cricket Association Stadium, Jamtha",Nagpur,12,4,2010,2009/10,male,Royal Challengers Bangalore,field,Harmeet Singh,Deccan Chargers,13 runs,,,,46,Unknown,151,0,120,120,138.0,1.0,118.0,118.0,35,38.0,27.0,29.0,3.0,1.0,7.55,7.016949152542373,5.833333333333333,6.333333333333333,1,0,1,1.1886792452830188,1.0,1.0,0.40476190476190477,0.4523809523809524,42,42
419152,2010-04-13,Indian Premier League,Mumbai Indians,Delhi Daredevils,Brabourne Stadium,Mumbai,13,4,2010,2009/10,male,Mumbai Indians,bat,KA Pollard,Mumbai Indians,39 runs,,,,47,Unknown,183,0,120,120,144.0,0.0,120.0,120.0,44,69.0,59.0,31.0,1.0,1.0,9.15,7.2,7.333333333333333,11.5,1,1,0,1.4098825435398947,1.0,1.0,0.5384615384615384,0.5609756097560976,39,41
419153,2010-04-13,Indian Premier League,Kolkata Knight Riders,Chennai Super Kings,"MA Chidambaram Stadium, Chepauk",Chennai,13,4,2010,2009/10,male,Kolkata Knight Riders,bat,R Ashwin,Chennai Super Kings,9 wickets,,,,48,Unknown,139,0,120,120,143.0,0.0,81.0,81.0,22,67.0,41.0,0.0,4.0,1.0,6.95,10.592592592592593,3.6666666666666665,11.166666666666666,0,1,0,1.2990646258503402,1.0,1.0,0.39473684210526316,0.5714285714285714,38,42
419154,2010-04-14,Indian Premier League,Rajasthan Royals,Royal Challengers Bangalore,Sawai Mansingh Stadium,Jaipur,14,4,2010,2009/10,male,Rajasthan Royals,bat,KP Pietersen,Royal Challengers Bangalore,5 wickets,,,,49,Unknown,130,0,120,120,132.0,0.0,94.0,94.0,30,59.0,38.0,0.0,3.0,2.0,6.5,8.425531914893618,5.0,9.833333333333334,0,1,0,1.2792825112107624,1.0,1.0,0.5714285714285714,0.46511627906976744,42,43
419155,2010-04-15,Indian Premier League,Chennai Super Kings,Delhi Daredevils,"MA Chidambaram Stadium, Chepauk",Chennai,15,4,2010,2009/10,male,Chennai Super Kings,bat,G Gambhir,Delhi Daredevils,6 wickets,,,,50,Unknown,112,0,121,121,113.0,0.0,112.0,112.0,39,33.0,35.0,23.0,3.0,3.0,5.553719008264462,6.053571428571428,6.5,5.5,0,1,0,1.2990646258503402,1.0,1.0,0.5581395348837209,0.5714285714285714,43,42
419156,2010-04-16,Indian Premier League,Kings XI Punjab,Deccan Chargers,Himachal Pradesh Cricket Association Stadium,Dharamsala,16,4,2010,2009/10,male,Deccan Chargers,field,RG Sharma,Deccan Chargers,5 wickets,,,,51,Unknown,174,0,120,120,178.0,0.0,115.0,115.0,43,45.0,62.0,38.0,1.0,1.0,8.7,9.28695652173913,7.166666666666667,7.5,0,0,1,1.3418249189439555,1.0,1.0,0.47619047619047616,0.4186046511627907,42,43
419157,2010-04-17,Indian Premier League,Mumbai Indians,Royal Challengers Bangalore,M Chinnaswamy Stadium,Bangalore,17,4,2010,2009/10,male,Royal Challengers Bangalore,field,R McLaren,Mumbai Indians,57 runs,,,,52,Unknown,191,0,120,120,134.0,0.0,120.0,120.0,34,34.0,49.0,27.0,1.0,2.0,9.55,6.7,5.666666666666667,5.666666666666667,1,0,1,1.3592942912725565,1.0,1.0,0.55,0.45454545454545453,40,44
419158,2010-04-17,Indian Premier League,Rajasthan Royals,Kolkata Knight Riders,Eden Gardens,Kolkata,17,4,2010,2009/10,male,Rajasthan Royals,bat,JD Unadkat,Kolkata Knight Riders,8 wickets,,,,53,Unknown,132,0,120,120,133.0,0.0,97.0,97.0,46,42.0,28.0,1.0,0.0,2.0,6.6,8.22680412371134,7.666666666666667,7.0,0,1,0,1.3152101400933955,1.0,1.0,0.5581395348837209,0.41025641025641024,43,39
419159,2010-04-18,Indian Premier League,Kings XI Punjab,Chennai Super Kings,Himachal Pradesh Cricket Association Stadium,Dharamsala,18,4,2010,2009/10,male,Chennai Super Kings,field,MS Dhoni,Chennai Super Kings,6 wickets,,,,54,Unknown,192,0,120,120,195.0,0.0,118.0,118.0,49,49.0,53.0,54.0,1.0,2.0,9.6,9.915254237288135,8.166666666666666,8.166666666666666,0,0,1,1.3418249189439555,1.0,1.0,0.46511627906976744,0.5681818181818182,43,44
419160,2010-04-18,Indian Premier League,Deccan Chargers,Delhi Daredevils,Feroz Shah Kotla,Delhi,18,4,2010,2009/10,male,Deccan Chargers,bat,A Symonds,Deccan Chargers,11 runs,,,,55,Unknown,145,0,120,120,134.0,0.0,120.0,120.0,38,39.0,24.0,35.0,2.0,3.0,7.25,6.7,6.333333333333333,6.5,1,1,0,1.3205017921146953,1.0,1.0,0.4318181818181818,0.5581395348837209,44,43
419161,2010-04-19,Indian Premier League,Mumbai Indians,Kolkata Knight Riders,Eden Gardens,Kolkata,19,4,2010,2009/10,male,Mumbai Indians,bat,M Kartik,Kolkata Knight Riders,9 wickets,,,,56,Unknown,133,0,120,120,135.0,0.0,105.0,105.0,42,44.0,39.0,17.0,2.0,0.0,6.65,7.714285714285714,7.0,7.333333333333333,0,1,0,1.3152101400933955,1.0,1.0,0.5365853658536586,0.425,41,40
419162,2010-04-21,Indian Premier League,Mumbai Indians,Royal Challengers Bangalore,Dr DY Patil Sports Academy,Mumbai,21,4,2010,2009/10,male,Mumbai Indians,bat,KA Pollard,Mumbai Indians,35 runs,,,,Unknown,Semi Final,184,0,120,120,149.0,0.0,120.0,120.0,54,44.0,60.0,26.0,2.0,1.0,9.2,7.45,9.0,7.333333333333333,1,1,0,1.2046080641121963,1.0,1.0,0.5476190476190477,0.4444444444444444,42,45
419163,2010-04-22,Indian Premier League,Chennai Super Kings,Deccan Chargers,Dr DY Patil Sports Academy,Mumbai,22,4,2010,2009/10,male,Chennai Super Kings,bat,DE Bollinger,Chennai Super Kings,38 runs,,,,Unknown,Semi Final,142,0,120,120,104.0,0.0,116.0,116.0,39,23.0,39.0,20.0,3.0,2.0,7.1,5.379310344827586,6.5,3.8333333333333335,1,1,0,1.2046080641121963,1.0,1.0,0.5777777777777777,0.4222222222222222,45,45
419164,2010-04-24,Indian Premier League,Deccan Chargers,Royal Challengers Bangalore,Dr DY Patil Sports Academy,Mumbai,24,4,2010,2009/10,male,Deccan Chargers,bat,A Kumble,Royal Challengers Bangalore,9 wickets,,,,Unknown,3rd Place Play-Off,82,0,111,111,86.0,0.0,83.0,83.0,27,33.0,1.0,0.0,3.0,0.0,4.4324324324324325,6.216867469879518,4.5,5.5,0,1,0,1.2046080641121963,1.0,1.0,0.41304347826086957,0.45652173913043476,46,46
419165,2010-04-25,Indian Premier League,Chennai Super Kings,Mumbai Indians,Dr DY Patil Sports Academy,Mumbai,25,4,2010,2009/10,male,Chennai Super Kings,bat,SK Raina,Chennai Super Kings,22 runs,,,,Unknown,Final,168,0,120,120,146.0,0.0,120.0,120.0,40,33.0,41.0,37.0,0.0,1.0,8.4,7.3,6.666666666666667,5.5,1,1,0,1.2046080641121963,1.0,1.0,0.5869565217391305,0.5348837209302325,46,43
501198,2011-04-08,Indian Premier League,Chennai Super Kings,Kolkata Knight Riders,"MA Chidambaram Stadium, Chepauk",Chennai,8,4,2011,2011,male,Chennai Super Kings,bat,S Anirudha,Chennai Super Kings,2 runs,,,,1,Unknown,153,0,120,120,151.0,0.0,120.0,120.0,45,52.0,32.0,33.0,1.0,0.0,7.65,7.55,7.5,8.666666666666666,1,1,0,1.2990646258503402,1.0,1.0,0.5957446808510638,0.4146341463414634,47,41
501199,2011-04-09,Indian Premier League,Deccan Chargers,Rajasthan Royals,"Rajiv Gandhi International Stadium, Uppal",Hyderabad,9,4,2011,2011,male,Rajasthan Royals,field,SK Trivedi,Rajasthan Royals,8 wickets,,,,2,Unknown,137,0,120,120,141.0,0.0,113.0,113.0,44,31.0,32.0,35.0,2.0,1.0,6.85,7.486725663716815,7.333333333333333,5.166666666666667,0,0,1,1.2830058600482592,1.0,1.0,0.40425531914893614,0.5681818181818182,47,44
501200,2011-04-09,Indian Premier League,Kochi Tuskers Kerala,Royal Challengers Bangalore,Nehru Stadium,Kochi,9,4,2011,2011,male,Kochi Tuskers Kerala,bat,AB de Villiers,Royal Challengers Bangalore,6 wickets,,,,3,Unknown,161,0,120,120,162.0,0.0,112.0,112.0,61,48.0,35.0,39.0,0.0,2.0,8.05,8.678571428571429,10.166666666666666,8.0,0,1,0,1.18008658008658,0.5,1.0,0.0,0.46808510638297873,1,47
501201,2011-04-10,Indian Premier League,Delhi Daredevils,Mumbai Indians,Feroz Shah Kotla,Delhi,10,4,2011,2011,male,Delhi Daredevils,bat,SL Malinga,Mumbai Indians,8 wickets,,,,4,Unknown,95,0,106,106,99.0,0.0,101.0,101.0,38,31.0,7.0,9.0,3.0,1.0,5.377358490566038,5.881188118811882,6.333333333333333,5.166666666666667,0,1,0,1.3205017921146953,1.0,1.0,0.5454545454545454,0.5454545454545454,44,44
501202,2011-04-10,Indian Premier League,Kings XI Punjab,Pune Warriors,Dr DY Patil Sports Academy,Mumbai,10,4,2011,2011,male,Kings XI Punjab,bat,SB Wagh,Pune Warriors,7 wickets,,,,5,Unknown,112,0,119,119,113.0,1.0,79.0,79.0,36,44.0,36.0,0.0,5.0,1.0,5.647058823529412,8.582278481012658,6.0,7.333333333333333,0,1,0,1.2046080641121963,1.0,0.5,0.45454545454545453,1.0,44,1
501203,2011-04-11,Indian Premier League,Kolkata Knight Riders,Deccan Chargers,Eden Gardens,Kolkata,11,4,2011,2011,male,Kolkata Knight Riders,bat,JH Kallis,Kolkata Knight Riders,9 runs,,,,6,Unknown,163,0,120,120,154.0,0.0,120.0,120.0,46,30.0,36.0,41.0,0.0,2.0,8.15,7.7,7.666666666666667,5.0,1,1,0,1.3152101400933955,1.0,1.0,0.42857142857142855,0.3958333333333333,42,48
501204,2011-04-12,Indian Premier League,Delhi Daredevils,Rajasthan Royals,Sawai Mansingh Stadium,Jaipur,12,4,2011,2011,male,Delhi Daredevils,bat,SK Warne,Rajasthan Royals,6 wickets,,,,7,Unknown,151,0,120,120,152.0,0.0,111.0,111.0,30,57.0,45.0,28.0,2.0,1.0,7.55,8.216216216216216,5.0,9.5,0,1,0,1.2792825112107624,1.0,1.0,0.5333333333333333,0.5777777777777777,45,45
501205,2011-04-12,Indian Premier League,Royal Challengers Bangalore,Mumbai Indians,M Chinnaswamy Stadium,Bangalore,12,4,2011,2011,male,Mumbai Indians,field,SR Tendulkar,Mumbai Indians,9 wickets,,,,8,Unknown,140,1,120,120,143.0,0.0,111.0,111.0,24,40.0,37.0,21.0,2.0,1.0,7.0,7.72972972972973,4.0,6.666666666666667,0,0,1,1.3592942912725565,1.0,1.0,0.4583333333333333,0.5555555555555556,48,45
501207,2011-04-13,Indian Premier League,Kochi Tuskers Kerala,Pune Warriors,Dr DY Patil Sports Academy,Mumbai,13,4,2011,2011,male,Kochi Tuskers Kerala,bat,MD Mishra,Pune Warriors,4 wickets,,,,10,Unknown,148,1,120,120,151.0,0.0,113.0,113.0,37,44.0,35.0,32.0,4.0,1.0,7.4,8.017699115044248,6.166666666666667,7.333333333333333,0,1,0,1.2046080641121963,0.5,0.1,0.0,1.0,2,2
501206,2011-04-13,Indian Premier League,Chennai Super Kings,Kings XI Punjab,"Punjab Cricket Association Stadium, Mohali",Chandigarh,13,4,2011,2011,male,Kings XI Punjab,field,PC Valthaty,Kings XI Punjab,6 wickets,,,,9,Unknown,188,1,120,120,193.0,0.0,115.0,115.0,31,65.0,48.0,42.0,2.0,1.0,9.4,10.069565217391304,5.166666666666667,10.833333333333334,0,0,1,1.3291797725623034,1.0,1.0,0.5833333333333334,0.4666666666666667,48,45
501208,2011-04-14,Indian Premier League,Deccan Chargers,Royal Challengers Bangalore,"Rajiv Gandhi International Stadium, Uppal",Hyderabad,14,4,2011,2011,male,Royal Challengers Bangalore,field,DW Steyn,Deccan Chargers,33 runs,,,,11,Unknown,175,0,120,120,142.0,0.0,120.0,120.0,41,28.0,45.0,34.0,1.0,3.0,8.75,7.1,6.833333333333333,4.666666666666667,1,0,1,1.2830058600482592,1.0,1.0,0.40816326530612246,0.4489795918367347,49,49
501209,2011-04-15,Indian Premier League,Rajasthan Royals,Kolkata Knight Riders,Sawai Mansingh Stadium,Jaipur,15,4,2011,2011,male,Kolkata Knight Riders,field,G Gambhir,Kolkata Knight Riders,9 wickets,,,,12,Unknown,159,0,120,120,160.0,0.0,111.0,111.0,31,62.0,43.0,20.0,1.0,1.0,7.95,8.64864864864865,5.166666666666667,10.333333333333334,0,0,1,1.2792825112107624,1.0,1.0,0.5652173913043478,0.4418604651162791,46,43
501210,2011-04-15,Indian Premier League,Mumbai Indians,Kochi Tuskers Kerala,Wankhede Stadium,Mumbai,15,4,2011,2011,male,Kochi Tuskers Kerala,field,BB McCullum,Kochi Tuskers Kerala,8 wickets,,,,13,Unknown,182,0,120,120,184.0,0.0,114.0,114.0,44,50.0,37.0,41.0,0.0,0.0,9.1,9.68421052631579,7.333333333333333,8.333333333333334,0,0,1,1.3306236143482462,1.0,0.5,0.5434782608695652,0.3333333333333333,46,3
501211,2011-04-16,Indian Premier League,Chennai Super Kings,Royal Challengers Bangalore,"MA Chidambaram Stadium, Chepauk",Chennai,16,4,2011,2011,male,Chennai Super Kings,bat,MEK Hussey,Chennai Super Kings,21 runs,,,,14,Unknown,183,0,120,120,162.0,0.0,120.0,120.0,45,33.0,46.0,39.0,0.0,3.0,9.15,8.1,7.5,5.5,1,1,0,1.2990646258503402,1.0,1.0,0.5918367346938775,0.44,49,50
501212,2011-04-16,Indian Premier League,Deccan Chargers,Kings XI Punjab,"Rajiv Gandhi International Stadium, Uppal",Hyderabad,16,4,2011,2011,male,Kings XI Punjab,field,PC Valthaty,Kings XI Punjab,8 wickets,,,,15,Unknown,165,0,120,120,166.0,0.0,106.0,106.0,48,62.0,43.0,15.0,1.0,0.0,8.25,9.39622641509434,8.0,10.333333333333334,0,0,1,1.2830058600482592,1.0,1.0,0.4,0.4782608695652174,50,46
501213,2011-04-17,Indian Premier League,Pune Warriors,Delhi Daredevils,Dr DY Patil Sports Academy,Mumbai,17,4,2011,2011,male,Delhi Daredevils,field,Yuvraj Singh,Delhi Daredevils,3 wickets,,,,16,Unknown,187,0,120,120,190.0,0.0,116.0,116.0,63,67.0,46.0,50.0,1.0,0.0,9.35,9.827586206896552,10.5,11.166666666666666,0,0,1,1.2046080641121963,0.2,1.0,0.6666666666666666,0.5434782608695652,3,46
501214,2011-04-17,Indian Premier League,Rajasthan Royals,Kolkata Knight Riders,Eden Gardens,Kolkata,17,4,2011,2011,male,Kolkata Knight Riders,field,L Balaji,Kolkata Knight Riders,8 wickets,,,,17,Unknown,81,0,92,92,85.0,0.0,83.0,83.0,36,26.0,0.0,0.0,2.0,1.0,5.282608695652174,6.144578313253012,6.0,4.333333333333333,0,0,1,1.3152101400933955,1.0,1.0,0.5531914893617021,0.45454545454545453,47,44
501215,2011-04-18,Indian Premier League,Chennai Super Kings,Kochi Tuskers Kerala,Nehru Stadium,Kochi,18,4,2011,2011,male,Kochi Tuskers Kerala,field,BB McCullum,Kochi Tuskers Kerala,7 wickets,,D/L,,18,Unknown,131,0,102,102,135.0,0.0,90.0,90.0,42,49.0,14.0,0.0,1.0,1.0,7.705882352941177,9.0,7.0,8.166666666666666,0,0,1,1.18008658008658,1.0,0.1,0.58,0.5,50,4
501216,2011-04-19,Indian Premier League,Deccan Chargers,Delhi Daredevils,Feroz Shah Kotla,Delhi,19,4,2011,2011,male,Deccan Chargers,bat,S Sohal,Deccan Chargers,16 runs,,,,19,Unknown,168,0,120,120,152.0,0.0,120.0,120.0,43,38.0,35.0,40.0,1.0,3.0,8.4,7.6,7.166666666666667,6.333333333333333,1,1,0,1.3205017921146953,1.0,1.0,0.4117647058823529,0.5319148936170213,51,47
501218,2011-04-20,Indian Premier League,Pune Warriors,Mumbai Indians,Wankhede Stadium,Mumbai,20,4,2011,2011,male,Pune Warriors,bat,MM Patel,Mumbai Indians,7 wickets,,,,21,Unknown,118,0,104,104,124.0,0.0,120.0,120.0,33,32.0,7.0,29.0,4.0,1.0,6.807692307692308,6.2,5.5,5.333333333333333,0,1,0,1.3306236143482462,0.2,1.0,0.5,0.5531914893617021,4,47
501219,2011-04-20,Indian Premier League,Kochi Tuskers Kerala,Kolkata Knight Riders,Eden Gardens,Kolkata,20,4,2011,2011,male,Kolkata Knight Riders,field,DPMD Jayawardene,Kochi Tuskers Kerala,6 runs,,,,22,Unknown,132,0,120,120,126.0,0.0,120.0,120.0,45,37.0,26.0,28.0,0.0,3.0,6.6,6.3,7.5,6.166666666666667,1,0,1,1.3152101400933955,0.2,1.0,0.6,0.4444444444444444,5,45
501220,2011-04-21,Indian Premier League,Kings XI Punjab,Rajasthan Royals,"Punjab Cricket Association Stadium, Mohali",Chandigarh,21,4,2011,2011,male,Rajasthan Royals,field,SE Marsh,Kings XI Punjab,48 runs,,,,23,Unknown,195,0,120,120,147.0,0.0,120.0,120.0,77,45.0,20.0,29.0,1.0,2.0,9.75,7.35,12.833333333333334,7.5,1,0,1,1.3291797725623034,1.0,1.0,0.48936170212765956,0.5416666666666666,47,48
501221,2011-04-22,Indian Premier League,Mumbai Indians,Chennai Super Kings,Wankhede Stadium,Mumbai,22,4,2011,2011,male,Chennai Super Kings,field,Harbhajan Singh,Mumbai Indians,8 runs,,,,25,Unknown,164,0,120,120,156.0,0.0,120.0,120.0,40,44.0,40.0,33.0,2.0,2.0,8.2,7.8,6.666666666666667,7.333333333333333,1,0,1,1.3306236143482462,1.0,1.0,0.5625,0.5686274509803921,48,51
501222,2011-04-22,Indian Premier League,Kolkata Knight Riders,Royal Challengers Bangalore,Eden Gardens,Kolkata,22,4,2011,2011,male,Royal Challengers Bangalore,field,CH Gayle,Royal Challengers Bangalore,9 wickets,,,,24,Unknown,171,0,120,120,175.0,0.0,109.0,109.0,50,57.0,43.0,16.0,1.0,0.0,8.55,9.633027522935778,8.333333333333334,9.5,0,0,1,1.3152101400933955,1.0,1.0,0.43478260869565216,0.45098039215686275,46,51
501223,2011-04-23,Indian Premier League,Delhi Daredevils,Kings XI Punjab,Feroz Shah Kotla,Delhi,23,4,2011,2011,male,Kings XI Punjab,field,DA Warner,Delhi Daredevils,29 runs,,,,26,Unknown,231,0,120,120,202.0,0.0,120.0,120.0,70,46.0,51.0,41.0,0.0,1.0,11.55,10.1,11.666666666666666,7.666666666666667,1,0,1,1.3205017921146953,1.0,1.0,0.5416666666666666,0.4791666666666667,48,48
501224,2011-04-24,Indian Premier League,Mumbai Indians,Deccan Chargers,"Rajiv Gandhi International Stadium, Uppal",Hyderabad,24,4,2011,2011,male,Deccan Chargers,field,SL Malinga,Mumbai Indians,37 runs,,,,27,Unknown,172,0,120,120,135.0,0.0,120.0,120.0,57,41.0,58.0,34.0,1.0,2.0,8.6,6.75,9.5,6.833333333333333,1,0,1,1.2830058600482592,1.0,1.0,0.5714285714285714,0.40384615384615385,49,52
501225,2011-04-24,Indian Premier League,Kochi Tuskers Kerala,Rajasthan Royals,Sawai Mansingh Stadium,Jaipur,24,4,2011,2011,male,Rajasthan Royals,field,SK Warne,Rajasthan Royals,8 wickets,,,,28,Unknown,109,0,120,120,111.0,0.0,85.0,85.0,32,38.0,19.0,0.0,2.0,0.0,5.45,7.835294117647059,5.333333333333333,6.333333333333333,0,0,1,1.2792825112107624,0.3,1.0,0.5,0.5510204081632653,6,49
501226,2011-04-25,Indian Premier League,Chennai Super Kings,Pune Warriors,"MA Chidambaram Stadium, Chepauk",Chennai,25,4,2011,2011,male,Pune Warriors,field,MEK Hussey,Chennai Super Kings,25 runs,,,,29,Unknown,142,0,120,120,117.0,0.0,120.0,120.0,45,40.0,33.0,19.0,0.0,4.0,7.1,5.85,7.5,6.666666666666667,1,0,1,1.2990646258503402,1.0,0.2,0.5769230769230769,0.4,52,5
501227,2011-04-26,Indian Premier League,Delhi Daredevils,Royal Challengers Bangalore,Feroz Shah Kotla,Delhi,26,4,2011,2011,male,Royal Challengers Bangalore,field,V Kohli,Royal Challengers Bangalore,3 wickets,,,,30,Unknown,160,0,120,120,161.0,0.0,117.0,117.0,42,65.0,38.0,32.0,1.0,1.0,8.0,8.256410256410257,7.0,10.833333333333334,0,0,1,1.3205017921146953,1.0,1.0,0.5306122448979592,0.46153846153846156,49,52
501228,2011-04-27,Indian Premier League,Pune Warriors,Chennai Super Kings,Dr DY Patil Sports Academy,Mumbai,27,4,2011,2011,male,Pune Warriors,bat,DE Bollinger,Chennai Super Kings,8 wickets,,,,31,Unknown,141,0,120,120,145.0,0.0,117.0,117.0,37,28.0,40.0,35.0,3.0,1.0,7.05,7.435897435897436,6.166666666666667,4.666666666666667,0,1,0,1.2046080641121963,0.2,1.0,0.3333333333333333,0.5849056603773585,6,53
501229,2011-04-27,Indian Premier League,Deccan Chargers,Kochi Tuskers Kerala,Nehru Stadium,Kochi,27,4,2011,2011,male,Kochi Tuskers Kerala,field,I Sharma,Deccan Chargers,55 runs,,,,32,Unknown,129,0,120,120,74.0,0.0,99.0,99.0,20,29.0,24.0,0.0,3.0,6.0,6.45,4.484848484848484,3.3333333333333335,4.833333333333333,1,0,1,1.18008658008658,1.0,0.3,0.41509433962264153,0.42857142857142855,53,7
501230,2011-04-28,Indian Premier League,Kolkata Knight Riders,Delhi Daredevils,Feroz Shah Kotla,Delhi,28,4,2011,2011,male,Delhi Daredevils,field,MK Tiwary,Kolkata Knight Riders,17 runs,,,,33,Unknown,148,0,120,120,131.0,0.0,120.0,120.0,42,41.0,39.0,32.0,1.0,1.0,7.4,6.55,7.0,6.833333333333333,1,0,1,1.3205017921146953,1.0,1.0,0.44680851063829785,0.52,47,50
501231,2011-04-29,Indian Premier League,Mumbai Indians,Rajasthan Royals,Sawai Mansingh Stadium,Jaipur,29,4,2011,2011,male,Rajasthan Royals,field,J Botha,Rajasthan Royals,7 wickets,,,,34,Unknown,94,0,120,120,95.0,0.0,109.0,109.0,31,18.0,23.0,15.0,2.0,1.0,4.7,5.229357798165137,5.166666666666667,3.0,0,0,1,1.2792825112107624,1.0,1.0,0.56,0.56,50,50
501232,2011-04-29,Indian Premier League,Royal Challengers Bangalore,Pune Warriors,M Chinnaswamy Stadium,Bangalore,29,4,2011,2011,male,Pune Warriors,field,V Kohli,Royal Challengers Bangalore,26 runs,,,,35,Unknown,181,0,120,120,155.0,0.0,120.0,120.0,57,42.0,47.0,28.0,0.0,1.0,9.05,7.75,9.5,7.0,1,0,1,1.3592942912725565,1.0,0.2,0.4716981132075472,0.2857142857142857,53,7
501233,2011-04-30,Indian Premier League,Delhi Daredevils,Kochi Tuskers Kerala,Nehru Stadium,Kochi,30,4,2011,2011,male,Delhi Daredevils,bat,V Sehwag,Delhi Daredevils,38 runs,,,,36,Unknown,157,0,120,120,119.0,0.0,113.0,113.0,34,37.0,45.0,20.0,2.0,3.0,7.85,6.318584070796461,5.666666666666667,6.166666666666667,1,1,0,1.18008658008658,1.0,0.3,0.5294117647058824,0.375,51,8
501234,2011-04-30,Indian Premier League,Kings XI Punjab,Kolkata Knight Riders,Eden Gardens,Kolkata,30,4,2011,2011,male,Kolkata Knight Riders,field,Iqbal Abdulla,Kolkata Knight Riders,8 wickets,,,,37,Unknown,119,0,120,120,120.0,0.0,104.0,104.0,40,45.0,26.0,7.0,2.0,2.0,5.95,6.923076923076923,6.666666666666667,7.5,0,0,1,1.3152101400933955,1.0,1.0,0.46938775510204084,0.4583333333333333,49,48
501235,2011-05-01,Indian Premier League,Pune Warriors,Rajasthan Royals,Sawai Mansingh Stadium,Jaipur,1,5,2011,2011,male,Rajasthan Royals,field,LRPL Taylor,Rajasthan Royals,6 wickets,,,,38,Unknown,143,0,120,120,144.0,0.0,117.0,117.0,49,34.0,35.0,35.0,1.0,1.0,7.15,7.384615384615385,8.166666666666666,5.666666666666667,0,0,1,1.2792825112107624,0.2,1.0,0.25,0.5686274509803921,8,51
501236,2011-05-01,Indian Premier League,Chennai Super Kings,Deccan Chargers,"MA Chidambaram Stadium, Chepauk",Chennai,1,5,2011,2011,male,Chennai Super Kings,bat,JA Morkel,Chennai Super Kings,19 runs,,,,39,Unknown,165,0,120,120,146.0,0.0,120.0,120.0,34,64.0,54.0,24.0,1.0,0.0,8.25,7.3,5.666666666666667,10.666666666666666,1,1,0,1.2990646258503402,1.0,1.0,0.5925925925925926,0.4074074074074074,54,54
501237,2011-05-02,Indian Premier League,Mumbai Indians,Kings XI Punjab,Wankhede Stadium,Mumbai,2,5,2011,2011,male,Kings XI Punjab,field,KA Pollard,Mumbai Indians,23 runs,,,,40,Unknown,159,0,120,120,136.0,0.0,120.0,120.0,35,24.0,34.0,23.0,1.0,1.0,7.95,6.8,5.833333333333333,4.0,1,0,1,1.3306236143482462,1.0,1.0,0.5686274509803921,0.46,51,50
501238,2011-05-02,Indian Premier League,Delhi Daredevils,Kochi Tuskers Kerala,Feroz Shah Kotla,Delhi,2,5,2011,2011,male,Kochi Tuskers Kerala,field,P Parameswaran,Kochi Tuskers Kerala,7 wickets,,,,41,Unknown,140,0,120,120,141.0,0.0,90.0,90.0,42,67.0,32.0,0.0,2.0,1.0,7.0,9.4,7.0,11.166666666666666,0,0,1,1.3205017921146953,1.0,0.3,0.5192307692307693,0.4444444444444444,52,9
501239,2011-05-03,Indian Premier League,Kolkata Knight Riders,Deccan Chargers,"Rajiv Gandhi International Stadium, Uppal",Hyderabad,3,5,2011,2011,male,Deccan Chargers,field,YK Pathan,Kolkata Knight Riders,20 runs,,,,42,Unknown,169,0,120,120,149.0,0.0,120.0,120.0,41,41.0,48.0,30.0,1.0,2.0,8.45,7.45,6.833333333333333,6.833333333333333,1,0,1,1.2830058600482592,1.0,1.0,0.46938775510204084,0.4,49,55
501240,2011-05-04,Indian Premier League,Rajasthan Royals,Chennai Super Kings,"MA Chidambaram Stadium, Chepauk",Chennai,4,5,2011,2011,male,Rajasthan Royals,bat,MEK Hussey,Chennai Super Kings,8 wickets,,,,43,Unknown,147,0,120,120,149.0,0.0,112.0,112.0,47,43.0,29.0,24.0,0.0,1.0,7.35,7.982142857142857,7.833333333333333,7.166666666666667,0,1,0,1.2990646258503402,1.0,1.0,0.5576923076923077,0.6,52,55
501241,2011-05-04,Indian Premier League,Mumbai Indians,Pune Warriors,Dr DY Patil Sports Academy,Mumbai,4,5,2011,2011,male,Pune Warriors,field,R Sharma,Mumbai Indians,21 runs,,,,44,Unknown,160,0,120,120,139.0,1.0,120.0,120.0,49,31.0,47.0,43.0,1.0,2.0,8.0,6.95,8.166666666666666,5.166666666666667,1,0,1,1.2046080641121963,1.0,0.2,0.5769230769230769,0.2222222222222222,52,9
501243,2011-05-05,Indian Premier League,Deccan Chargers,Delhi Daredevils,"Rajiv Gandhi International Stadium, Uppal",Hyderabad,5,5,2011,2011,male,Delhi Daredevils,field,V Sehwag,Delhi Daredevils,4 wickets,,,,46,Unknown,175,0,120,120,179.0,0.0,114.0,114.0,43,29.0,41.0,27.0,1.0,3.0,8.75,9.421052631578947,7.166666666666667,4.833333333333333,0,0,1,1.2830058600482592,1.0,1.0,0.39285714285714285,0.5283018867924528,56,53
501242,2011-05-05,Indian Premier League,Kochi Tuskers Kerala,Kolkata Knight Riders,Nehru Stadium,Kochi,5,5,2011,2011,male,Kolkata Knight Riders,field,BJ Hodge,Kochi Tuskers Kerala,17 runs,,,,45,Unknown,156,0,120,120,139.0,0.0,120.0,120.0,35,43.0,54.0,33.0,2.0,0.0,7.8,6.95,5.833333333333333,7.166666666666667,1,0,1,1.18008658008658,0.4,1.0,0.5,0.46,10,50
501244,2011-05-06,Indian Premier League,Royal Challengers Bangalore,Kings XI Punjab,M Chinnaswamy Stadium,Bangalore,6,5,2011,2011,male,Kings XI Punjab,field,CH Gayle,Royal Challengers Bangalore,85 runs,,,,47,Unknown,205,0,120,120,120.0,1.0,120.0,120.0,48,38.0,42.0,24.0,1.0,4.0,10.25,6.0,8.0,6.333333333333333,1,0,1,1.3592942912725565,1.0,1.0,0.48148148148148145,0.45098039215686275,54,51
501246,2011-05-07,Indian Premier League,Mumbai Indians,Delhi Daredevils,Wankhede Stadium,Mumbai,7,5,2011,2011,male,Delhi Daredevils,field,AT Rayudu,Mumbai Indians,32 runs,,,,49,Unknown,178,0,120,120,146.0,0.0,119.0,119.0,50,23.0,37.0,32.0,1.0,4.0,8.9,7.3613445378151265,8.333333333333334,3.8333333333333335,1,0,1,1.3306236143482462,1.0,1.0,0.5849056603773585,0.5185185185185185,53,54
501245,2011-05-07,Indian Premier League,Chennai Super Kings,Kolkata Knight Riders,Eden Gardens,Kolkata,7,5,2011,2011,male,Chennai Super Kings,bat,Iqbal Abdulla,Kolkata Knight Riders,10 runs,,D/L,,48,Unknown,114,0,120,120,61.0,0.0,60.0,60.0,15,33.0,33.0,0.0,2.0,2.0,5.7,6.1,2.5,5.5,0,1,0,1.3152101400933955,1.0,1.0,0.5892857142857143,0.47058823529411764,56,51
501247,2011-05-08,Indian Premier League,Kochi Tuskers Kerala,Royal Challengers Bangalore,M Chinnaswamy Stadium,Bangalore,8,5,2011,2011,male,Kochi Tuskers Kerala,bat,CH Gayle,Royal Challengers Bangalore,9 wickets,,,,50,Unknown,125,0,120,120,128.0,0.0,79.0,79.0,49,79.0,22.0,0.0,1.0,1.0,6.25,9.721518987341772,8.166666666666666,13.166666666666666,0,1,0,1.3592942912725565,0.5,1.0,0.45454545454545453,0.4909090909090909,11,55
501248,2011-05-08,Indian Premier League,Kings XI Punjab,Pune Warriors,"Punjab Cricket Association Stadium, Mohali",Chandigarh,8,5,2011,2011,male,Kings XI Punjab,bat,R Sharma,Pune Warriors,5 wickets,,,,51,Unknown,119,0,120,120,120.0,0.0,103.0,103.0,34,40.0,17.0,3.0,1.0,1.0,5.95,6.990291262135922,5.666666666666667,6.666666666666667,0,1,0,1.3291797725623034,1.0,0.2,0.4423076923076923,0.3,52,10
501249,2011-05-09,Indian Premier League,Chennai Super Kings,Rajasthan Royals,Sawai Mansingh Stadium,Jaipur,9,5,2011,2011,male,Rajasthan Royals,field,M Vijay,Chennai Super Kings,63 runs,,,,52,Unknown,196,0,120,120,133.0,0.0,117.0,117.0,55,48.0,56.0,14.0,0.0,2.0,9.8,6.82051282051282,9.166666666666666,8.0,1,0,1,1.2792825112107624,1.0,1.0,0.5964912280701754,0.5471698113207547,57,53
501250,2011-05-10,Indian Premier League,Deccan Chargers,Pune Warriors,"Rajiv Gandhi International Stadium, Uppal",Hyderabad,10,5,2011,2011,male,Deccan Chargers,bat,MR Marsh,Pune Warriors,6 wickets,,,,53,Unknown,136,0,120,120,137.0,0.0,110.0,110.0,50,52.0,29.0,18.0,0.0,0.0,6.8,7.4727272727272736,8.333333333333334,8.666666666666666,0,1,0,1.2830058600482592,1.0,0.3,0.38596491228070173,0.36363636363636365,57,11
501251,2011-05-10,Indian Premier League,Kings XI Punjab,Mumbai Indians,"Punjab Cricket Association Stadium, Mohali",Chandigarh,10,5,2011,2011,male,Mumbai Indians,field,BA Bhatt,Kings XI Punjab,76 runs,,,,54,Unknown,163,0,120,120,87.0,0.0,77.0,77.0,39,33.0,34.0,0.0,1.0,3.0,8.15,6.779220779220779,6.5,5.5,1,0,1,1.3291797725623034,1.0,1.0,0.4528301886792453,0.5740740740740741,53,54
501252,2011-05-11,Indian Premier League,Rajasthan Royals,Royal Challengers Bangalore,Sawai Mansingh Stadium,Jaipur,11,5,2011,2011,male,Royal Challengers Bangalore,field,S Aravind,Royal Challengers Bangalore,9 wickets,,,,55,Unknown,146,0,120,120,151.0,0.0,102.0,102.0,43,66.0,27.0,12.0,0.0,0.0,7.3,8.882352941176471,7.166666666666667,11.0,0,0,1,1.2792825112107624,1.0,1.0,0.5370370370370371,0.5,54,56
501253,2011-05-12,Indian Premier League,Chennai Super Kings,Delhi Daredevils,"MA Chidambaram Stadium, Chepauk",Chennai,12,5,2011,2011,male,Chennai Super Kings,bat,MS Dhoni,Chennai Super Kings,18 runs,,,,56,Unknown,176,0,120,120,158.0,0.0,120.0,120.0,42,52.0,59.0,41.0,2.0,1.0,8.8,7.9,7.0,8.666666666666666,1,1,0,1.2990646258503402,1.0,1.0,0.603448275862069,0.509090909090909,58,55
501254,2011-05-13,Indian Premier League,Kochi Tuskers Kerala,Kings XI Punjab,Holkar Cricket Stadium,Indore,13,5,2011,2011,male,Kings XI Punjab,field,KD Karthik,Kings XI Punjab,6 wickets,,,,57,Unknown,178,0,120,120,181.0,0.0,113.0,113.0,62,49.0,39.0,32.0,0.0,2.0,8.9,9.610619469026549,10.333333333333334,8.166666666666666,0,0,1,1.4615776081424936,0.5,1.0,0.4166666666666667,0.46296296296296297,12,54
501256,2011-05-14,Indian Premier League,Deccan Chargers,Mumbai Indians,Wankhede Stadium,Mumbai,14,5,2011,2011,male,Deccan Chargers,bat,A Mishra,Deccan Chargers,10 runs,,,,59,Unknown,135,0,120,120,125.0,0.0,120.0,120.0,32,26.0,46.0,42.0,1.0,3.0,6.75,6.25,5.333333333333333,4.333333333333333,1,1,0,1.3306236143482462,1.0,1.0,0.39655172413793105,0.5636363636363636,58,55
501255,2011-05-14,Indian Premier League,Kolkata Knight Riders,Royal Challengers Bangalore,M Chinnaswamy Stadium,Bangalore,14,5,2011,2011,male,Royal Challengers Bangalore,field,CH Gayle,Royal Challengers Bangalore,4 wickets,,D/L,,58,Unknown,89,0,78,78,105.0,0.0,74.0,74.0,33,65.0,0.0,0.0,3.0,2.0,6.846153846153846,8.513513513513512,5.5,10.833333333333334,0,0,1,1.3592942912725565,1.0,1.0,0.46153846153846156,0.5087719298245614,52,57
501257,2011-05-15,Indian Premier League,Kings XI Punjab,Delhi Daredevils,Himachal Pradesh Cricket Association Stadium,Dharamsala,15,5,2011,2011,male,Delhi Daredevils,field,PP Chawla,Kings XI Punjab,29 runs,,,,60,Unknown,170,0,120,120,141.0,0.0,120.0,120.0,43,42.0,36.0,39.0,1.0,0.0,8.5,7.05,7.166666666666667,7.0,1,0,1,1.3418249189439555,1.0,1.0,0.4727272727272727,0.5,55,56
501258,2011-05-15,Indian Premier League,Rajasthan Royals,Kochi Tuskers Kerala,Holkar Cricket Stadium,Indore,15,5,2011,2011,male,Kochi Tuskers Kerala,field,BJ Hodge,Kochi Tuskers Kerala,8 wickets,,,,61,Unknown,97,0,111,111,98.0,0.0,44.0,44.0,32,87.0,7.0,0.0,3.0,2.0,5.243243243243243,13.363636363636363,5.333333333333333,14.5,0,0,1,1.4615776081424936,1.0,0.5,0.5272727272727272,0.46153846153846156,55,13
501259,2011-05-16,Indian Premier League,Pune Warriors,Deccan Chargers,Dr DY Patil Sports Academy,Mumbai,16,5,2011,2011,male,Deccan Chargers,field,A Mishra,Deccan Chargers,6 wickets,,,,62,Unknown,136,0,120,120,138.0,0.0,116.0,116.0,39,57.0,37.0,26.0,2.0,0.0,6.8,7.137931034482759,6.5,9.5,0,0,1,1.2046080641121963,0.4,1.0,0.3333333333333333,0.4067796610169492,12,59
501260,2011-05-17,Indian Premier League,Kings XI Punjab,Royal Challengers Bangalore,Himachal Pradesh Cricket Association Stadium,Dharamsala,17,5,2011,2011,male,Kings XI Punjab,bat,AC Gilchrist,Kings XI Punjab,111 runs,,,,63,Unknown,232,0,120,120,121.0,0.0,102.0,102.0,30,34.0,47.0,11.0,1.0,3.0,11.6,7.117647058823529,5.0,5.666666666666667,1,1,0,1.3418249189439555,1.0,1.0,0.48214285714285715,0.5,56,58
501261,2011-05-18,Indian Premier League,Chennai Super Kings,Kochi Tuskers Kerala,"MA Chidambaram Stadium, Chepauk",Chennai,18,5,2011,2011,male,Chennai Super Kings,bat,WP Saha,Chennai Super Kings,11 runs,,,,64,Unknown,152,0,120,120,141.0,0.0,120.0,120.0,41,40.0,38.0,46.0,2.0,1.0,7.6,7.05,6.833333333333333,6.666666666666667,1,1,0,1.2990646258503402,1.0,0.6,0.6101694915254238,0.42857142857142855,59,14
501262,2011-05-19,Indian Premier League,Pune Warriors,Kolkata Knight Riders,Dr DY Patil Sports Academy,Mumbai,19,5,2011,2011,male,Kolkata Knight Riders,field,YK Pathan,Kolkata Knight Riders,7 wickets,,,,65,Unknown,118,0,120,120,119.0,0.0,100.0,100.0,29,44.0,31.0,2.0,2.0,1.0,5.9,7.14,4.833333333333333,7.333333333333333,0,0,1,1.2046080641121963,0.4,1.0,0.3076923076923077,0.4716981132075472,13,53
501263,2011-05-20,Indian Premier League,Mumbai Indians,Rajasthan Royals,Wankhede Stadium,Mumbai,20,5,2011,2011,male,Mumbai Indians,bat,SR Watson,Rajasthan Royals,10 wickets,,,,66,Unknown,133,0,120,120,134.0,0.0,79.0,79.0,26,52.0,34.0,0.0,2.0,0.0,6.65,10.177215189873419,4.333333333333333,8.666666666666666,0,1,0,1.3306236143482462,1.0,1.0,0.5535714285714286,0.5357142857142857,56,56
501265,2011-05-21,Indian Premier League,Delhi Daredevils,Pune Warriors,Feroz Shah Kotla,Delhi,21,5,2011,2011,male,Delhi Daredevils,bat,Unknown,Unknown,,no result,,,68,Unknown,56,0,61,61,0.0,0.0,0.0,0.0,33,0.0,0.0,0.0,2.0,0.0,5.508196721311475,,5.5,0.0,0,1,0,1.3205017921146953,1.0,0.4,0.49122807017543857,0.35714285714285715,57,14
501264,2011-05-21,Indian Premier League,Deccan Chargers,Kings XI Punjab,Himachal Pradesh Cricket Association Stadium,Dharamsala,21,5,2011,2011,male,Kings XI Punjab,field,S Dhawan,Deccan Chargers,82 runs,,,,67,Unknown,198,0,120,120,116.0,0.0,114.0,114.0,58,45.0,40.0,14.0,0.0,2.0,9.9,6.105263157894737,9.666666666666666,7.5,1,0,1,1.3418249189439555,1.0,1.0,0.4166666666666667,0.47368421052631576,60,57
501266,2011-05-22,Indian Premier League,Chennai Super Kings,Royal Challengers Bangalore,M Chinnaswamy Stadium,Bangalore,22,5,2011,2011,male,Royal Challengers Bangalore,field,CH Gayle,Royal Challengers Bangalore,8 wickets,,,,69,Unknown,128,0,120,120,129.0,0.0,108.0,108.0,23,44.0,46.0,17.0,4.0,1.0,6.4,7.166666666666667,3.8333333333333335,7.333333333333333,0,0,1,1.3592942912725565,1.0,1.0,0.6,0.5084745762711864,60,59
501267,2011-05-22,Indian Premier League,Kolkata Knight Riders,Mumbai Indians,Eden Gardens,Kolkata,22,5,2011,2011,male,Mumbai Indians,field,JEC Franklin,Mumbai Indians,5 wickets,,,,70,Unknown,175,0,120,120,178.0,0.0,120.0,120.0,46,54.0,51.0,55.0,2.0,1.0,8.75,8.9,7.666666666666667,9.0,0,0,1,1.3152101400933955,1.0,1.0,0.46296296296296297,0.5614035087719298,54,57
501268,2011-05-24,Indian Premier League,Royal Challengers Bangalore,Chennai Super Kings,Wankhede Stadium,Mumbai,24,5,2011,2011,male,Chennai Super Kings,field,SK Raina,Chennai Super Kings,6 wickets,,,,Unknown,Qualifier 1,175,0,120,120,177.0,0.0,118.0,118.0,44,25.0,44.0,59.0,1.0,2.0,8.75,9.0,7.333333333333333,4.166666666666667,0,0,1,1.3306236143482462,1.0,1.0,0.5,0.6065573770491803,60,61
501269,2011-05-25,Indian Premier League,Kolkata Knight Riders,Mumbai Indians,Wankhede Stadium,Mumbai,25,5,2011,2011,male,Mumbai Indians,field,MM Patel,Mumbai Indians,4 wickets,,,,Unknown,Elimination Final,147,0,120,120,148.0,0.0,116.0,116.0,25,62.0,37.0,25.0,4.0,0.0,7.35,7.655172413793104,4.166666666666667,10.333333333333334,0,0,1,1.3306236143482462,1.0,1.0,0.45454545454545453,0.5689655172413793,55,58
501270,2011-05-27,Indian Premier League,Royal Challengers Bangalore,Mumbai Indians,"MA Chidambaram Stadium, Chepauk",Chennai,27,5,2011,2011,male,Mumbai Indians,field,CH Gayle,Royal Challengers Bangalore,43 runs,,,,Unknown,Qualifier 2,185,0,120,120,142.0,0.0,120.0,120.0,68,52.0,30.0,31.0,0.0,2.0,9.25,7.1,11.333333333333334,8.666666666666666,1,0,1,1.2990646258503402,1.0,1.0,0.5081967213114754,0.559322033898305,61,59
501271,2011-05-28,Indian Premier League,Chennai Super Kings,Royal Challengers Bangalore,"MA Chidambaram Stadium, Chepauk",Chennai,28,5,2011,2011,male,Chennai Super Kings,bat,M Vijay,Chennai Super Kings,58 runs,,,,Unknown,Final,205,0,120,120,147.0,0.0,120.0,120.0,56,47.0,38.0,32.0,0.0,2.0,10.25,7.35,9.333333333333334,7.833333333333333,1,1,0,1.2990646258503402,1.0,1.0,0.6129032258064516,0.5,62,62
548306,2012-04-04,Indian Premier League,Chennai Super Kings,Mumbai Indians,"MA Chidambaram Stadium, Chepauk",Chennai,4,4,2012,2012,male,Mumbai Indians,field,RE Levi,Mumbai Indians,8 wickets,,,,1,Unknown,112,0,119,119,115.0,0.0,101.0,101.0,42,53.0,13.0,11.0,2.0,0.0,5.647058823529412,6.831683168316832,7.0,8.833333333333334,0,0,1,1.2990646258503402,1.0,1.0,0.6031746031746031,0.5666666666666667,63,60
548307,2012-04-05,Indian Premier League,Kolkata Knight Riders,Delhi Daredevils,Eden Gardens,Kolkata,5,4,2012,2012,male,Delhi Daredevils,field,IK Pathan,Delhi Daredevils,8 wickets,,,,2,Unknown,97,0,72,72,100.0,0.0,67.0,67.0,46,48.0,0.0,0.0,4.0,0.0,8.083333333333334,8.955223880597016,7.666666666666667,8.0,0,0,1,1.3152101400933955,1.0,1.0,0.44642857142857145,0.5,56,58
548308,2012-04-06,Indian Premier League,Pune Warriors,Mumbai Indians,Wankhede Stadium,Mumbai,6,4,2012,2012,male,Mumbai Indians,field,SPD Smith,Pune Warriors,28 runs,,,,3,Unknown,129,0,120,120,101.0,0.0,120.0,120.0,30,27.0,29.0,24.0,3.0,3.0,6.45,5.05,5.0,4.5,1,0,1,1.3306236143482462,0.5,1.0,0.4,0.5573770491803278,15,61
548309,2012-04-06,Indian Premier League,Rajasthan Royals,Kings XI Punjab,Sawai Mansingh Stadium,Jaipur,6,4,2012,2012,male,Kings XI Punjab,field,AM Rahane,Rajasthan Royals,31 runs,,,,4,Unknown,191,0,120,120,160.0,0.0,120.0,120.0,57,45.0,53.0,33.0,0.0,2.0,9.55,8.0,9.5,7.5,1,0,1,1.2792825112107624,1.0,1.0,0.543859649122807,0.46551724137931033,57,58
548310,2012-04-07,Indian Premier League,Royal Challengers Bangalore,Delhi Daredevils,M Chinnaswamy Stadium,Bangalore,7,4,2012,2012,male,Delhi Daredevils,field,AB de Villiers,Royal Challengers Bangalore,20 runs,,,,5,Unknown,157,0,120,120,137.0,0.0,120.0,120.0,46,46.0,44.0,32.0,2.0,1.0,7.85,6.85,7.666666666666667,7.666666666666667,1,0,1,1.3592942912725565,1.0,1.0,0.5079365079365079,0.4915254237288136,63,59
548311,2012-04-07,Indian Premier League,Chennai Super Kings,Deccan Chargers,Dr. Y.S. Rajasekhara Reddy ACA-VDCA Cricket Stadium,Visakhapatnam,7,4,2012,2012,male,Deccan Chargers,field,RA Jadeja,Chennai Super Kings,74 runs,,,,6,Unknown,193,0,120,120,119.0,0.0,103.0,103.0,44,45.0,60.0,2.0,2.0,1.0,9.65,6.932038834951456,7.333333333333333,7.5,1,0,1,1.2334540665130063,1.0,1.0,0.609375,0.4098360655737705,64,61
548312,2012-04-08,Indian Premier League,Rajasthan Royals,Kolkata Knight Riders,Sawai Mansingh Stadium,Jaipur,8,4,2012,2012,male,Kolkata Knight Riders,field,BJ Hodge,Rajasthan Royals,22 runs,,,,7,Unknown,164,0,120,120,142.0,0.0,120.0,120.0,37,27.0,39.0,44.0,1.0,4.0,8.2,7.1,6.166666666666667,4.5,1,0,1,1.2792825112107624,1.0,1.0,0.5517241379310345,0.43859649122807015,58,57
548313,2012-04-08,Indian Premier League,Pune Warriors,Kings XI Punjab,Subrata Roy Sahara Stadium,Pune,8,4,2012,2012,male,Pune Warriors,bat,MN Samuels,Pune Warriors,22 runs,,,,8,Unknown,166,0,120,120,144.0,0.0,120.0,120.0,38,19.0,45.0,40.0,2.0,2.0,8.3,7.2,6.333333333333333,3.1666666666666665,1,1,0,1.1837908496732026,0.6,1.0,0.4375,0.4576271186440678,16,59
548314,2012-04-09,Indian Premier League,Deccan Chargers,Mumbai Indians,Dr. Y.S. Rajasekhara Reddy ACA-VDCA Cricket Stadium,Visakhapatnam,9,4,2012,2012,male,Deccan Chargers,bat,RG Sharma,Mumbai Indians,5 wickets,,,,9,Unknown,138,0,120,120,142.0,0.0,120.0,120.0,45,29.0,29.0,48.0,2.0,2.0,6.9,7.1,7.5,4.833333333333333,0,1,0,1.2334540665130063,1.0,1.0,0.4032258064516129,0.5645161290322581,62,62
548316,2012-04-10,Indian Premier League,Chennai Super Kings,Delhi Daredevils,Feroz Shah Kotla,Delhi,10,4,2012,2012,male,Delhi Daredevils,field,M Morkel,Delhi Daredevils,8 wickets,,,,11,Unknown,110,1,120,120,111.0,0.0,80.0,80.0,41,50.0,27.0,0.0,2.0,2.0,5.5,8.325,6.833333333333333,8.333333333333334,0,0,1,1.3205017921146953,1.0,1.0,0.6,0.5,65,60
548315,2012-04-10,Indian Premier League,Kolkata Knight Riders,Royal Challengers Bangalore,M Chinnaswamy Stadium,Bangalore,10,4,2012,2012,male,Royal Challengers Bangalore,field,L Balaji,Kolkata Knight Riders,42 runs,,,,10,Unknown,165,0,120,120,123.0,0.0,120.0,120.0,60,20.0,30.0,32.0,0.0,3.0,8.25,6.15,10.0,3.3333333333333335,1,0,1,1.3592942912725565,1.0,1.0,0.4482758620689655,0.5,58,64
548317,2012-04-11,Indian Premier League,Mumbai Indians,Rajasthan Royals,Wankhede Stadium,Mumbai,11,4,2012,2012,male,Rajasthan Royals,field,KA Pollard,Mumbai Indians,27 runs,,,,12,Unknown,197,0,120,120,170.0,0.0,118.0,118.0,54,44.0,49.0,24.0,1.0,2.0,9.85,8.64406779661017,9.0,7.333333333333333,1,0,1,1.3306236143482462,1.0,1.0,0.5714285714285714,0.5423728813559322,63,59
548318,2012-04-12,Indian Premier League,Royal Challengers Bangalore,Chennai Super Kings,"MA Chidambaram Stadium, Chepauk",Chennai,12,4,2012,2012,male,Royal Challengers Bangalore,bat,F du Plessis,Chennai Super Kings,5 wickets,,,,13,Unknown,205,0,120,120,208.0,0.0,120.0,120.0,56,52.0,44.0,67.0,1.0,0.0,10.25,10.4,9.333333333333334,8.666666666666666,0,1,0,1.2990646258503402,1.0,1.0,0.49230769230769234,0.6060606060606061,65,66
548319,2012-04-12,Indian Premier League,Pune Warriors,Kings XI Punjab,"Punjab Cricket Association Stadium, Mohali",Chandigarh,12,4,2012,2012,male,Kings XI Punjab,field,AD Mascarenhas,Kings XI Punjab,7 wickets,,,,14,Unknown,115,0,114,114,116.0,1.0,106.0,106.0,29,38.0,16.0,17.0,3.0,1.0,6.052631578947368,6.566037735849056,4.833333333333333,6.333333333333333,0,0,1,1.3291797725623034,0.7,1.0,0.4117647058823529,0.4666666666666667,17,60
548320,2012-04-13,Indian Premier League,Rajasthan Royals,Kolkata Knight Riders,Eden Gardens,Kolkata,13,4,2012,2012,male,Rajasthan Royals,bat,Shakib Al Hasan,Kolkata Knight Riders,5 wickets,,,,15,Unknown,131,0,120,120,137.0,0.0,116.0,116.0,45,36.0,30.0,35.0,0.0,1.0,6.55,7.086206896551724,7.5,6.0,0,1,0,1.3152101400933955,1.0,1.0,0.5333333333333333,0.4576271186440678,60,59
548322,2012-04-14,Indian Premier League,Chennai Super Kings,Pune Warriors,Subrata Roy Sahara Stadium,Pune,14,4,2012,2012,male,Chennai Super Kings,bat,JD Ryder,Pune Warriors,7 wickets,,,,16,Unknown,155,0,120,120,156.0,0.0,116.0,116.0,43,56.0,30.0,39.0,0.0,1.0,7.75,8.068965517241379,7.166666666666667,9.333333333333334,0,1,0,1.1837908496732026,1.0,0.7,0.5970149253731343,0.4444444444444444,67,18
548323,2012-04-15,Indian Premier League,Kings XI Punjab,Kolkata Knight Riders,Eden Gardens,Kolkata,15,4,2012,2012,male,Kolkata Knight Riders,field,SP Narine,Kings XI Punjab,2 runs,,,,17,Unknown,134,0,120,120,132.0,0.0,120.0,120.0,26,48.0,36.0,33.0,2.0,2.0,6.7,6.6,4.333333333333333,8.0,1,0,1,1.3152101400933955,1.0,1.0,0.47540983606557374,0.45,61,60
548324,2012-04-15,Indian Premier League,Rajasthan Royals,Royal Challengers Bangalore,M Chinnaswamy Stadium,Bangalore,15,4,2012,2012,male,Rajasthan Royals,bat,AM Rahane,Rajasthan Royals,59 runs,,,,18,Unknown,195,0,120,120,136.0,0.0,119.0,119.0,43,54.0,61.0,28.0,0.0,2.0,9.75,6.857142857142858,7.166666666666667,9.0,1,1,0,1.3592942912725565,1.0,1.0,0.5409836065573771,0.48484848484848486,61,66
548325,2012-04-16,Indian Premier League,Mumbai Indians,Delhi Daredevils,Wankhede Stadium,Mumbai,16,4,2012,2012,male,Delhi Daredevils,field,S Nadeem,Delhi Daredevils,7 wickets,,,,19,Unknown,92,0,116,116,93.0,0.0,89.0,89.0,23,41.0,12.0,0.0,2.0,1.0,4.758620689655173,6.269662921348314,3.8333333333333335,6.833333333333333,0,0,1,1.3306236143482462,1.0,1.0,0.5625,0.5081967213114754,64,61
548326,2012-04-17,Indian Premier League,Deccan Chargers,Rajasthan Royals,Sawai Mansingh Stadium,Jaipur,17,4,2012,2012,male,Deccan Chargers,bat,BJ Hodge,Rajasthan Royals,5 wickets,,,,20,Unknown,196,0,120,120,197.0,0.0,118.0,118.0,57,62.0,64.0,55.0,0.0,1.0,9.8,10.016949152542372,9.5,10.333333333333334,0,1,0,1.2792825112107624,1.0,1.0,0.3968253968253968,0.5483870967741935,63,62
548327,2012-04-17,Indian Premier League,Pune Warriors,Royal Challengers Bangalore,M Chinnaswamy Stadium,Bangalore,17,4,2012,2012,male,Pune Warriors,bat,CH Gayle,Royal Challengers Bangalore,6 wickets,,,,21,Unknown,182,0,120,120,186.0,0.0,120.0,120.0,58,42.0,41.0,58.0,0.0,2.0,9.1,9.3,9.666666666666666,7.0,0,1,0,1.3592942912725565,0.8,1.0,0.42105263157894735,0.4925373134328358,19,67
548328,2012-04-18,Indian Premier League,Kings XI Punjab,Kolkata Knight Riders,"Punjab Cricket Association Stadium, Mohali",Chandigarh,18,4,2012,2012,male,Kings XI Punjab,bat,G Gambhir,Kolkata Knight Riders,8 wickets,,,,22,Unknown,124,0,120,120,127.0,0.0,99.0,99.0,45,53.0,28.0,10.0,1.0,1.0,6.2,7.696969696969697,7.5,8.833333333333334,0,1,0,1.3291797725623034,1.0,1.0,0.46774193548387094,0.45901639344262296,62,61
548321,2012-04-19,Indian Premier League,Deccan Chargers,Delhi Daredevils,Feroz Shah Kotla,Delhi,19,4,2012,2012,male,Deccan Chargers,bat,KP Pietersen,Delhi Daredevils,5 wickets,,,,23,Unknown,157,0,120,120,162.0,0.0,115.0,115.0,50,34.0,32.0,41.0,1.0,3.0,7.85,8.452173913043477,8.333333333333334,5.666666666666667,0,1,0,1.3205017921146953,1.0,1.0,0.390625,0.5161290322580645,64,62
548330,2012-04-19,Indian Premier League,Chennai Super Kings,Pune Warriors,"MA Chidambaram Stadium, Chepauk",Chennai,19,4,2012,2012,male,Pune Warriors,field,KMDN Kulasekara,Chennai Super Kings,13 runs,,,,24,Unknown,164,0,120,120,151.0,0.0,120.0,120.0,42,53.0,48.0,27.0,0.0,2.0,8.2,7.55,7.0,8.833333333333334,1,0,1,1.2990646258503402,1.0,0.8,0.6029411764705882,0.4,68,20
548331,2012-04-20,Indian Premier League,Kings XI Punjab,Royal Challengers Bangalore,"Punjab Cricket Association Stadium, Mohali",Chandigarh,20,4,2012,2012,male,Royal Challengers Bangalore,field,CH Gayle,Royal Challengers Bangalore,5 wickets,,,,25,Unknown,163,0,120,120,166.0,0.0,117.0,117.0,41,36.0,51.0,34.0,2.0,3.0,8.15,8.512820512820513,6.833333333333333,6.0,0,0,1,1.3291797725623034,1.0,1.0,0.4603174603174603,0.5,63,68
548332,2012-04-21,Indian Premier League,Rajasthan Royals,Chennai Super Kings,"MA Chidambaram Stadium, Chepauk",Chennai,21,4,2012,2012,male,Rajasthan Royals,bat,F du Plessis,Chennai Super Kings,7 wickets,,,,26,Unknown,146,0,120,120,147.0,0.0,120.0,120.0,41,45.0,30.0,31.0,1.0,0.0,7.3,7.35,6.833333333333333,7.5,0,1,0,1.2990646258503402,1.0,1.0,0.5396825396825397,0.6086956521739131,63,69
548333,2012-04-21,Indian Premier League,Pune Warriors,Delhi Daredevils,Feroz Shah Kotla,Delhi,21,4,2012,2012,male,Delhi Daredevils,field,SC Ganguly,Pune Warriors,20 runs,,,,27,Unknown,192,0,120,120,172.0,0.0,120.0,120.0,52,49.0,56.0,33.0,1.0,1.0,9.6,8.6,8.666666666666666,8.166666666666666,1,0,1,1.3205017921146953,0.8,1.0,0.42857142857142855,0.5079365079365079,21,63
548334,2012-04-22,Indian Premier League,Mumbai Indians,Kings XI Punjab,Wankhede Stadium,Mumbai,22,4,2012,2012,male,Mumbai Indians,bat,SE Marsh,Kings XI Punjab,6 wickets,,,,28,Unknown,163,0,120,120,164.0,0.0,117.0,117.0,39,48.0,31.0,44.0,0.0,0.0,8.15,8.41025641025641,6.5,8.0,0,1,0,1.3306236143482462,1.0,1.0,0.5538461538461539,0.46875,65,64
548335,2012-04-22,Indian Premier League,Deccan Chargers,Kolkata Knight Riders,Barabati Stadium,Cuttack,22,4,2012,2012,male,Kolkata Knight Riders,field,B Lee,Kolkata Knight Riders,5 wickets,,,,29,Unknown,126,0,120,120,127.0,0.0,114.0,114.0,39,42.0,24.0,26.0,1.0,1.0,6.3,6.684210526315789,6.5,7.0,0,0,1,1.343952802359882,1.0,1.0,0.38461538461538464,0.46774193548387094,65,62
548336,2012-04-23,Indian Premier League,Royal Challengers Bangalore,Rajasthan Royals,Sawai Mansingh Stadium,Jaipur,23,4,2012,2012,male,Rajasthan Royals,field,AB de Villiers,Royal Challengers Bangalore,46 runs,,,,30,Unknown,189,0,120,120,143.0,0.0,120.0,120.0,37,48.0,67.0,33.0,1.0,0.0,9.45,7.15,6.166666666666667,8.0,1,0,1,1.2792825112107624,1.0,1.0,0.5072463768115942,0.53125,69,64
548337,2012-04-24,Indian Premier League,Pune Warriors,Delhi Daredevils,Subrata Roy Sahara Stadium,Pune,24,4,2012,2012,male,Pune Warriors,bat,V Sehwag,Delhi Daredevils,8 wickets,,,,31,Unknown,146,0,120,120,148.0,0.0,96.0,96.0,28,61.0,47.0,0.0,2.0,1.0,7.3,9.25,4.666666666666667,10.166666666666666,0,1,0,1.1837908496732026,0.9,1.0,0.4090909090909091,0.515625,22,64
548339,2012-04-25,Indian Premier League,Kings XI Punjab,Mumbai Indians,"Punjab Cricket Association Stadium, Mohali",Chandigarh,25,4,2012,2012,male,Kings XI Punjab,bat,AT Rayudu,Mumbai Indians,4 wickets,,,,33,Unknown,168,0,120,120,171.0,0.0,119.0,119.0,44,40.0,52.0,54.0,1.0,0.0,8.4,8.6218487394958,7.333333333333333,6.666666666666667,0,1,0,1.3291797725623034,1.0,1.0,0.46153846153846156,0.5606060606060606,65,66
548341,2012-04-26,Indian Premier League,Deccan Chargers,Pune Warriors,Subrata Roy Sahara Stadium,Pune,26,4,2012,2012,male,Deccan Chargers,bat,CL White,Deccan Chargers,18 runs,,,,35,Unknown,177,0,120,120,159.0,0.0,120.0,120.0,50,44.0,36.0,48.0,2.0,2.0,8.85,7.95,8.333333333333334,7.333333333333333,1,1,0,1.1837908496732026,1.0,0.9,0.3939393939393939,0.391304347826087,66,23
548342,2012-04-27,Indian Premier League,Delhi Daredevils,Mumbai Indians,Feroz Shah Kotla,Delhi,27,4,2012,2012,male,Mumbai Indians,field,V Sehwag,Delhi Daredevils,37 runs,,,,36,Unknown,207,0,120,120,170.0,0.0,120.0,120.0,54,49.0,50.0,28.0,0.0,3.0,10.35,8.5,9.0,8.166666666666666,1,0,1,1.3205017921146953,1.0,1.0,0.5230769230769231,0.5522388059701493,65,67
548343,2012-04-28,Indian Premier League,Kings XI Punjab,Chennai Super Kings,"MA Chidambaram Stadium, Chepauk",Chennai,28,4,2012,2012,male,Kings XI Punjab,bat,Mandeep Singh,Kings XI Punjab,7 runs,,,,37,Unknown,156,0,120,120,149.0,0.0,120.0,120.0,43,48.0,27.0,42.0,0.0,1.0,7.8,7.45,7.166666666666667,8.0,1,1,0,1.2990646258503402,1.0,1.0,0.4696969696969697,0.6,66,70
548344,2012-04-28,Indian Premier League,Kolkata Knight Riders,Royal Challengers Bangalore,Eden Gardens,Kolkata,28,4,2012,2012,male,Kolkata Knight Riders,bat,G Gambhir,Kolkata Knight Riders,47 runs,,,,38,Unknown,190,0,120,120,143.0,0.0,120.0,120.0,46,35.0,46.0,45.0,0.0,3.0,9.5,7.15,7.666666666666667,5.833333333333333,1,1,0,1.3152101400933955,1.0,1.0,0.47619047619047616,0.5,63,70
548345,2012-04-29,Indian Premier League,Delhi Daredevils,Rajasthan Royals,Feroz Shah Kotla,Delhi,29,4,2012,2012,male,Delhi Daredevils,bat,V Sehwag,Delhi Daredevils,1 runs,,,,39,Unknown,152,0,120,120,151.0,0.0,120.0,120.0,42,40.0,38.0,34.0,2.0,0.0,7.6,7.55,7.0,6.666666666666667,1,1,0,1.3205017921146953,1.0,1.0,0.5303030303030303,0.5230769230769231,66,65
548346,2012-04-29,Indian Premier League,Deccan Chargers,Mumbai Indians,Wankhede Stadium,Mumbai,29,4,2012,2012,male,Mumbai Indians,field,DW Steyn,Mumbai Indians,5 wickets,,,,40,Unknown,100,0,112,112,101.0,1.0,109.0,109.0,38,31.0,13.0,20.0,1.0,2.0,5.357142857142857,5.559633027522936,6.333333333333333,5.166666666666667,0,0,1,1.3306236143482462,1.0,1.0,0.3880597014925373,0.5588235294117647,67,68
548347,2012-04-30,Indian Premier League,Chennai Super Kings,Kolkata Knight Riders,"MA Chidambaram Stadium, Chepauk",Chennai,30,4,2012,2012,male,Chennai Super Kings,bat,G Gambhir,Kolkata Knight Riders,5 wickets,,,,41,Unknown,139,0,120,120,140.0,0.0,118.0,118.0,43,37.0,37.0,28.0,2.0,1.0,6.95,7.11864406779661,7.166666666666667,6.166666666666667,0,1,0,1.2990646258503402,1.0,1.0,0.5915492957746479,0.484375,71,64
548348,2012-05-01,Indian Premier League,Deccan Chargers,Pune Warriors,Barabati Stadium,Cuttack,1,5,2012,2012,male,Deccan Chargers,bat,KC Sangakkara,Deccan Chargers,13 runs,,,,42,Unknown,186,1,120,120,173.0,1.0,120.0,120.0,33,48.0,64.0,48.0,2.0,1.0,9.3,8.65,5.5,8.0,1,1,0,1.343952802359882,1.0,0.9,0.39705882352941174,0.375,68,24
548349,2012-05-01,Indian Premier League,Rajasthan Royals,Delhi Daredevils,Sawai Mansingh Stadium,Jaipur,1,5,2012,2012,male,Rajasthan Royals,bat,P Negi,Delhi Daredevils,6 wickets,,,,43,Unknown,141,0,120,120,144.0,0.0,92.0,92.0,56,61.0,26.0,0.0,0.0,1.0,7.05,9.391304347826086,9.333333333333334,10.166666666666666,0,1,0,1.2792825112107624,1.0,1.0,0.5151515151515151,0.5373134328358209,66,67
548350,2012-05-02,Indian Premier League,Royal Challengers Bangalore,Kings XI Punjab,M Chinnaswamy Stadium,Bangalore,2,5,2012,2012,male,Kings XI Punjab,field,Azhar Mahmood,Kings XI Punjab,4 wickets,,,,44,Unknown,158,0,120,120,163.0,0.0,119.0,119.0,33,53.0,29.0,17.0,1.0,1.0,7.9,8.218487394957984,5.5,8.833333333333334,0,0,1,1.3592942912725565,1.0,1.0,0.49295774647887325,0.47761194029850745,71,67
548351,2012-05-03,Indian Premier League,Mumbai Indians,Pune Warriors,Subrata Roy Sahara Stadium,Pune,3,5,2012,2012,male,Mumbai Indians,bat,SL Malinga,Mumbai Indians,1 runs,,,,45,Unknown,120,0,120,120,119.0,0.0,120.0,120.0,42,37.0,27.0,34.0,0.0,1.0,6.0,5.95,7.0,6.166666666666667,1,1,0,1.1837908496732026,1.0,0.9,0.5652173913043478,0.36,69,25
548352,2012-05-04,Indian Premier League,Chennai Super Kings,Deccan Chargers,"MA Chidambaram Stadium, Chepauk",Chennai,4,5,2012,2012,male,Chennai Super Kings,bat,SK Raina,Chennai Super Kings,10 runs,,,,46,Unknown,160,0,120,120,150.0,0.0,120.0,120.0,56,47.0,31.0,44.0,1.0,1.0,8.0,7.5,9.333333333333334,7.833333333333333,1,1,0,1.2990646258503402,1.0,1.0,0.5972222222222222,0.391304347826087,72,69
548353,2012-05-05,Indian Premier League,Kolkata Knight Riders,Pune Warriors,Eden Gardens,Kolkata,5,5,2012,2012,male,Kolkata Knight Riders,bat,SP Narine,Kolkata Knight Riders,7 runs,,,,47,Unknown,150,0,120,120,143.0,0.0,120.0,120.0,68,45.0,25.0,27.0,0.0,2.0,7.5,7.15,11.333333333333334,7.5,1,1,0,1.3152101400933955,1.0,0.9,0.49230769230769234,0.34615384615384615,65,26
548354,2012-05-05,Indian Premier League,Rajasthan Royals,Kings XI Punjab,"Punjab Cricket Association Stadium, Mohali",Chandigarh,5,5,2012,2012,male,Rajasthan Royals,bat,SR Watson,Rajasthan Royals,43 runs,,,,48,Unknown,177,0,120,120,134.0,0.0,120.0,120.0,64,33.0,44.0,30.0,1.0,2.0,8.85,6.7,10.666666666666666,5.5,1,1,0,1.3291797725623034,1.0,1.0,0.5223880597014925,0.47058823529411764,67,68
548356,2012-05-06,Indian Premier League,Deccan Chargers,Royal Challengers Bangalore,M Chinnaswamy Stadium,Bangalore,6,5,2012,2012,male,Royal Challengers Bangalore,field,AB de Villiers,Royal Challengers Bangalore,5 wickets,,,,50,Unknown,181,0,120,120,185.0,0.0,113.0,113.0,46,46.0,55.0,55.0,0.0,0.0,9.05,9.823008849557523,7.666666666666667,7.666666666666667,0,0,1,1.3592942912725565,1.0,1.0,0.38571428571428573,0.5,70,72
548355,2012-05-06,Indian Premier League,Chennai Super Kings,Mumbai Indians,Wankhede Stadium,Mumbai,6,5,2012,2012,male,Mumbai Indians,field,DR Smith,Mumbai Indians,2 wickets,,,,49,Unknown,173,0,120,120,174.0,0.0,120.0,120.0,52,46.0,35.0,38.0,1.0,1.0,8.65,8.7,8.666666666666666,7.666666666666667,0,0,1,1.3306236143482462,1.0,1.0,0.589041095890411,0.5714285714285714,73,70
548357,2012-05-07,Indian Premier League,Delhi Daredevils,Kolkata Knight Riders,Feroz Shah Kotla,Delhi,7,5,2012,2012,male,Delhi Daredevils,bat,JH Kallis,Kolkata Knight Riders,6 wickets,,,,51,Unknown,153,0,120,120,154.0,0.0,112.0,112.0,50,60.0,39.0,20.0,2.0,0.0,7.65,8.25,8.333333333333334,10.0,0,1,0,1.3205017921146953,1.0,1.0,0.5294117647058824,0.5,68,66
548358,2012-05-08,Indian Premier League,Pune Warriors,Rajasthan Royals,Subrata Roy Sahara Stadium,Pune,8,5,2012,2012,male,Pune Warriors,bat,SR Watson,Rajasthan Royals,7 wickets,,,,52,Unknown,125,0,120,120,126.0,0.0,98.0,98.0,35,49.0,26.0,5.0,1.0,2.0,6.25,7.714285714285714,5.833333333333333,8.166666666666666,0,1,0,1.1837908496732026,0.9,1.0,0.3333333333333333,0.5294117647058824,27,68
548359,2012-05-08,Indian Premier League,Kings XI Punjab,Deccan Chargers,"Rajiv Gandhi International Stadium, Uppal",Hyderabad,8,5,2012,2012,male,Deccan Chargers,field,Mandeep Singh,Kings XI Punjab,25 runs,,,,53,Unknown,170,0,120,120,145.0,0.0,120.0,120.0,51,40.0,35.0,35.0,0.0,2.0,8.5,7.25,8.5,6.666666666666667,1,0,1,1.2830058600482592,1.0,1.0,0.4782608695652174,0.38028169014084506,69,71
548360,2012-05-09,Indian Premier League,Mumbai Indians,Royal Challengers Bangalore,Wankhede Stadium,Mumbai,9,5,2012,2012,male,Royal Challengers Bangalore,field,CH Gayle,Royal Challengers Bangalore,9 wickets,,,,54,Unknown,141,0,120,120,142.0,0.0,108.0,108.0,25,35.0,40.0,21.0,2.0,0.0,7.05,7.888888888888889,4.166666666666667,5.833333333333333,0,0,1,1.3306236143482462,1.0,1.0,0.5633802816901409,0.5068493150684932,71,73
548329,2012-05-10,Indian Premier League,Deccan Chargers,Delhi Daredevils,"Rajiv Gandhi International Stadium, Uppal",Hyderabad,10,5,2012,2012,male,Deccan Chargers,bat,DA Warner,Delhi Daredevils,9 wickets,,,,55,Unknown,187,0,120,120,193.0,0.0,100.0,100.0,33,64.0,47.0,10.0,2.0,1.0,9.35,11.579999999999998,5.5,10.666666666666666,0,1,0,1.2830058600482592,1.0,1.0,0.375,0.5362318840579711,72,69
548361,2012-05-10,Indian Premier League,Rajasthan Royals,Chennai Super Kings,Sawai Mansingh Stadium,Jaipur,10,5,2012,2012,male,Chennai Super Kings,field,BW Hilfenhaus,Chennai Super Kings,4 wickets,,,,56,Unknown,126,0,120,120,127.0,0.0,109.0,109.0,28,36.0,33.0,47.0,2.0,2.0,6.3,6.990825688073394,4.666666666666667,6.0,0,0,1,1.2792825112107624,1.0,1.0,0.5217391304347826,0.5945945945945946,69,74
548362,2012-05-11,Indian Premier League,Royal Challengers Bangalore,Pune Warriors,Subrata Roy Sahara Stadium,Pune,11,5,2012,2012,male,Pune Warriors,field,CH Gayle,Royal Challengers Bangalore,35 runs,,,,57,Unknown,173,0,120,120,138.0,0.0,120.0,120.0,66,50.0,41.0,29.0,0.0,3.0,8.65,6.9,11.0,8.333333333333334,1,0,1,1.1837908496732026,1.0,0.9,0.5135135135135135,0.32142857142857145,74,28
548363,2012-05-12,Indian Premier League,Mumbai Indians,Kolkata Knight Riders,Eden Gardens,Kolkata,12,5,2012,2012,male,Mumbai Indians,bat,RG Sharma,Mumbai Indians,27 runs,,,,58,Unknown,182,0,120,120,155.0,0.0,120.0,120.0,49,32.0,43.0,38.0,1.0,2.0,9.1,7.75,8.166666666666666,5.333333333333333,1,1,0,1.3152101400933955,1.0,1.0,0.5694444444444444,0.4925373134328358,72,67
548364,2012-05-12,Indian Premier League,Delhi Daredevils,Chennai Super Kings,"MA Chidambaram Stadium, Chepauk",Chennai,12,5,2012,2012,male,Chennai Super Kings,field,BW Hilfenhaus,Chennai Super Kings,9 wickets,,,,59,Unknown,114,0,120,120,115.0,0.0,92.0,92.0,27,45.0,30.0,0.0,4.0,0.0,5.7,7.5,4.5,7.5,0,0,1,1.2990646258503402,1.0,1.0,0.5285714285714286,0.6,70,75
548365,2012-05-13,Indian Premier League,Rajasthan Royals,Pune Warriors,Sawai Mansingh Stadium,Jaipur,13,5,2012,2012,male,Rajasthan Royals,bat,A Chandila,Rajasthan Royals,45 runs,,,,60,Unknown,170,0,120,120,125.0,0.0,120.0,120.0,45,33.0,34.0,20.0,1.0,4.0,8.5,6.25,7.5,5.5,1,1,0,1.2792825112107624,1.0,0.9,0.5285714285714286,0.3103448275862069,70,29
548366,2012-05-13,Indian Premier League,Deccan Chargers,Kings XI Punjab,"Punjab Cricket Association Stadium, Mohali",Chandigarh,13,5,2012,2012,male,Deccan Chargers,bat,DJ Hussey,Kings XI Punjab,4 wickets,,,,61,Unknown,190,0,120,120,194.0,0.0,120.0,120.0,47,44.0,53.0,53.0,1.0,2.0,9.5,9.7,7.833333333333333,7.333333333333333,0,1,0,1.3291797725623034,1.0,1.0,0.3698630136986301,0.4857142857142857,73,70
548367,2012-05-14,Indian Premier League,Royal Challengers Bangalore,Mumbai Indians,M Chinnaswamy Stadium,Bangalore,14,5,2012,2012,male,Mumbai Indians,field,AT Rayudu,Mumbai Indians,5 wickets,,,,62,Unknown,171,0,120,120,173.0,0.0,118.0,118.0,40,32.0,49.0,58.0,2.0,3.0,8.55,8.796610169491524,6.666666666666667,5.333333333333333,0,0,1,1.3592942912725565,1.0,1.0,0.5066666666666667,0.5753424657534246,75,73
548368,2012-05-14,Indian Premier League,Kolkata Knight Riders,Chennai Super Kings,Eden Gardens,Kolkata,14,5,2012,2012,male,Chennai Super Kings,field,MEK Hussey,Chennai Super Kings,5 wickets,,,,63,Unknown,158,0,120,120,160.0,0.0,120.0,120.0,50,51.0,36.0,36.0,0.0,0.0,7.9,8.0,8.333333333333334,8.5,0,0,1,1.3152101400933955,1.0,1.0,0.4852941176470588,0.6052631578947368,68,76
548369,2012-05-15,Indian Premier League,Kings XI Punjab,Delhi Daredevils,Feroz Shah Kotla,Delhi,15,5,2012,2012,male,Kings XI Punjab,bat,UT Yadav,Delhi Daredevils,5 wickets,,,,64,Unknown,136,0,120,120,140.0,0.0,114.0,114.0,47,37.0,30.0,37.0,2.0,4.0,6.8,7.368421052631579,7.833333333333333,6.166666666666667,0,1,0,1.3205017921146953,1.0,1.0,0.4788732394366197,0.5352112676056338,71,71
548370,2012-05-16,Indian Premier League,Kolkata Knight Riders,Mumbai Indians,Wankhede Stadium,Mumbai,16,5,2012,2012,male,Mumbai Indians,field,SP Narine,Kolkata Knight Riders,32 runs,,,,65,Unknown,140,0,120,120,108.0,0.0,115.0,115.0,32,26.0,40.0,18.0,2.0,1.0,7.0,5.634782608695652,5.333333333333333,4.333333333333333,1,0,1,1.3306236143482462,1.0,1.0,0.4927536231884058,0.5675675675675675,69,74
548371,2012-05-17,Indian Premier League,Chennai Super Kings,Kings XI Punjab,Himachal Pradesh Cricket Association Stadium,Dharamsala,17,5,2012,2012,male,Kings XI Punjab,field,AC Gilchrist,Kings XI Punjab,6 wickets,,,,66,Unknown,120,0,120,120,123.0,0.0,99.0,99.0,25,43.0,42.0,4.0,2.0,0.0,6.0,7.454545454545454,4.166666666666667,7.166666666666667,0,0,1,1.3418249189439555,1.0,1.0,0.5974025974025974,0.4861111111111111,77,72
548372,2012-05-17,Indian Premier League,Royal Challengers Bangalore,Delhi Daredevils,Feroz Shah Kotla,Delhi,17,5,2012,2012,male,Delhi Daredevils,field,CH Gayle,Royal Challengers Bangalore,21 runs,,,,67,Unknown,215,0,120,120,194.0,0.0,120.0,120.0,42,51.0,56.0,36.0,1.0,2.0,10.75,9.7,7.0,8.5,1,0,1,1.3205017921146953,1.0,1.0,0.5131578947368421,0.5277777777777778,76,72
548373,2012-05-18,Indian Premier League,Rajasthan Royals,Deccan Chargers,"Rajiv Gandhi International Stadium, Uppal",Hyderabad,18,5,2012,2012,male,Rajasthan Royals,bat,DW Steyn,Deccan Chargers,5 wickets,,,,68,Unknown,126,0,120,120,128.0,0.0,112.0,112.0,41,58.0,30.0,24.0,1.0,0.0,6.3,6.857142857142857,6.833333333333333,9.666666666666666,0,1,0,1.2830058600482592,1.0,1.0,0.5211267605633803,0.3783783783783784,71,74
548374,2012-05-19,Indian Premier League,Kings XI Punjab,Delhi Daredevils,Himachal Pradesh Cricket Association Stadium,Dharamsala,19,5,2012,2012,male,Delhi Daredevils,field,UT Yadav,Delhi Daredevils,6 wickets,,,,69,Unknown,141,0,120,120,145.0,0.0,110.0,110.0,20,44.0,49.0,16.0,4.0,0.0,7.05,7.909090909090909,3.3333333333333335,7.333333333333333,0,0,1,1.3418249189439555,1.0,1.0,0.4794520547945205,0.5342465753424658,73,73
548375,2012-05-19,Indian Premier League,Kolkata Knight Riders,Pune Warriors,Subrata Roy Sahara Stadium,Pune,19,5,2012,2012,male,Kolkata Knight Riders,bat,Shakib Al Hasan,Kolkata Knight Riders,34 runs,,,,70,Unknown,136,0,120,120,102.0,0.0,120.0,120.0,27,40.0,29.0,15.0,1.0,1.0,6.8,5.1,4.5,6.666666666666667,1,1,0,1.1837908496732026,1.0,0.9,0.5,0.3,70,30
548376,2012-05-20,Indian Premier League,Deccan Chargers,Royal Challengers Bangalore,"Rajiv Gandhi International Stadium, Uppal",Hyderabad,20,5,2012,2012,male,Royal Challengers Bangalore,field,DW Steyn,Deccan Chargers,9 runs,,,,71,Unknown,132,0,120,120,123.0,0.0,120.0,120.0,23,40.0,48.0,20.0,3.0,2.0,6.6,6.15,3.8333333333333335,6.666666666666667,1,0,1,1.2830058600482592,1.0,1.0,0.38666666666666666,0.5064935064935064,75,77
548377,2012-05-20,Indian Premier League,Rajasthan Royals,Mumbai Indians,Sawai Mansingh Stadium,Jaipur,20,5,2012,2012,male,Rajasthan Royals,bat,DR Smith,Mumbai Indians,10 wickets,,,,72,Unknown,162,0,120,120,163.0,0.0,108.0,108.0,31,44.0,42.0,14.0,2.0,0.0,8.1,9.055555555555555,5.166666666666667,7.333333333333333,0,1,0,1.2792825112107624,1.0,1.0,0.5138888888888888,0.5733333333333334,72,75
548378,2012-05-22,Indian Premier League,Kolkata Knight Riders,Delhi Daredevils,Subrata Roy Sahara Stadium,Pune,22,5,2012,2012,male,Kolkata Knight Riders,bat,YK Pathan,Kolkata Knight Riders,18 runs,,,,Unknown,Qualifier 1,162,0,120,120,144.0,0.0,120.0,120.0,48,49.0,56.0,27.0,1.0,2.0,8.1,7.2,8.0,8.166666666666666,1,1,0,1.1837908496732026,1.0,1.0,0.5070422535211268,0.527027027027027,71,74
548379,2012-05-23,Indian Premier League,Chennai Super Kings,Mumbai Indians,M Chinnaswamy Stadium,Bangalore,23,5,2012,2012,male,Mumbai Indians,field,MS Dhoni,Chennai Super Kings,38 runs,,,,Unknown,Elimination Final,187,0,120,120,149.0,0.0,120.0,120.0,30,54.0,59.0,32.0,2.0,1.0,9.35,7.45,5.0,9.0,1,0,1,1.3592942912725565,1.0,1.0,0.6025641025641025,0.5657894736842105,78,76
548380,2012-05-25,Indian Premier League,Chennai Super Kings,Delhi Daredevils,"MA Chidambaram Stadium, Chepauk",Chennai,25,5,2012,2012,male,Delhi Daredevils,field,M Vijay,Chennai Super Kings,86 runs,,,,Unknown,Qualifier 2,222,0,120,120,136.0,0.0,101.0,101.0,52,46.0,55.0,0.0,0.0,2.0,11.1,8.07920792079208,8.666666666666666,7.666666666666667,1,0,1,1.2990646258503402,1.0,1.0,0.6075949367088608,0.52,79,75
548381,2012-05-27,Indian Premier League,Chennai Super Kings,Kolkata Knight Riders,"MA Chidambaram Stadium, Chepauk",Chennai,27,5,2012,2012,male,Chennai Super Kings,bat,MS Bisla,Kolkata Knight Riders,5 wickets,,,,Unknown,Final,190,0,120,120,192.0,0.0,118.0,118.0,54,56.0,44.0,40.0,0.0,1.0,9.5,9.762711864406779,9.0,9.333333333333334,0,1,0,1.2990646258503402,1.0,1.0,0.6,0.5138888888888888,80,72
597998,2013-04-03,Indian Premier League,Delhi Daredevils,Kolkata Knight Riders,Eden Gardens,Kolkata,3,4,2013,2013,male,Kolkata Knight Riders,field,SP Narine,Kolkata Knight Riders,6 wickets,,,,1,Unknown,128,1,120,120,129.0,0.0,112.0,112.0,45,46.0,30.0,23.0,2.0,1.0,6.4,6.910714285714286,7.5,7.666666666666667,0,0,1,1.3152101400933955,1.0,1.0,0.5131578947368421,0.5205479452054794,76,73
597999,2013-04-04,Indian Premier League,Royal Challengers Bangalore,Mumbai Indians,M Chinnaswamy Stadium,Bangalore,4,4,2013,2013,male,Mumbai Indians,field,CH Gayle,Royal Challengers Bangalore,2 runs,,,,2,Unknown,156,0,120,120,154.0,0.0,120.0,120.0,31,38.0,50.0,48.0,2.0,0.0,7.8,7.7,5.166666666666667,6.333333333333333,1,0,1,1.3592942912725565,1.0,1.0,0.5128205128205128,0.5584415584415584,78,77
598000,2013-04-05,Indian Premier League,Sunrisers Hyderabad,Pune Warriors,"Rajiv Gandhi International Stadium, Uppal",Hyderabad,5,4,2013,2013,male,Pune Warriors,field,A Mishra,Sunrisers Hyderabad,22 runs,,,,3,Unknown,126,0,120,120,104.0,0.0,113.0,113.0,38,27.0,34.0,20.0,1.0,0.0,6.3,5.52212389380531,6.333333333333333,4.5,1,0,1,1.2830058600482592,0.5,0.9,1.0,0.2903225806451613,1,31
598001,2013-04-06,Indian Premier League,Rajasthan Royals,Delhi Daredevils,Feroz Shah Kotla,Delhi,6,4,2013,2013,male,Rajasthan Royals,bat,R Dravid,Rajasthan Royals,5 runs,,,,4,Unknown,165,0,120,120,160.0,0.0,120.0,120.0,45,39.0,23.0,29.0,1.0,1.0,8.25,8.0,7.5,6.5,1,1,0,1.3205017921146953,1.0,1.0,0.5205479452054794,0.5064935064935064,73,77
598002,2013-04-06,Indian Premier League,Mumbai Indians,Chennai Super Kings,"MA Chidambaram Stadium, Chepauk",Chennai,6,4,2013,2013,male,Mumbai Indians,bat,KA Pollard,Mumbai Indians,9 runs,,,,5,Unknown,148,0,120,120,139.0,0.0,120.0,120.0,41,36.0,45.0,40.0,2.0,2.0,7.4,6.95,6.833333333333333,6.0,1,1,0,1.2990646258503402,1.0,1.0,0.5641025641025641,0.5925925925925926,78,81
598003,2013-04-07,Indian Premier League,Pune Warriors,Kings XI Punjab,Subrata Roy Sahara Stadium,Pune,7,4,2013,2013,male,Pune Warriors,bat,M Vohra,Kings XI Punjab,8 wickets,,,,6,Unknown,99,0,120,120,100.0,0.0,74.0,74.0,24,56.0,21.0,0.0,2.0,1.0,4.95,8.108108108108107,4.0,9.333333333333334,0,1,0,1.1837908496732026,0.9,1.0,0.28125,0.4864864864864865,32,74
598004,2013-04-07,Indian Premier League,Royal Challengers Bangalore,Sunrisers Hyderabad,"Rajiv Gandhi International Stadium, Uppal",Hyderabad,7,4,2013,2013,male,Royal Challengers Bangalore,bat,GH Vihari,Unknown,,tie,,Sunrisers Hyderabad,7,Unknown,130,0,120,120,130.0,0.0,120.0,120.0,40,37.0,34.0,31.0,2.0,2.0,6.5,6.5,6.666666666666667,6.166666666666667,0,1,0,1.2830058600482592,1.0,0.1,0.5063291139240507,1.0,79,2
598005,2013-04-08,Indian Premier League,Rajasthan Royals,Kolkata Knight Riders,Sawai Mansingh Stadium,Jaipur,8,4,2013,2013,male,Kolkata Knight Riders,field,SK Trivedi,Rajasthan Royals,19 runs,,,,8,Unknown,144,0,120,120,125.0,0.0,114.0,114.0,35,40.0,43.0,21.0,1.0,2.0,7.2,6.578947368421052,5.833333333333333,6.666666666666667,1,0,1,1.2792825112107624,1.0,1.0,0.527027027027027,0.5135135135135135,74,74
598048,2013-04-09,Indian Premier League,Sunrisers Hyderabad,Royal Challengers Bangalore,M Chinnaswamy Stadium,Bangalore,9,4,2013,2013,male,Sunrisers Hyderabad,bat,V Kohli,Royal Challengers Bangalore,7 wickets,,,,9,Unknown,161,0,120,120,162.0,0.0,106.0,106.0,40,47.0,45.0,24.0,1.0,1.0,8.05,9.169811320754716,6.666666666666667,7.833333333333333,0,1,0,1.3592942912725565,0.2,1.0,0.6666666666666666,0.5125,3,80
598006,2013-04-09,Indian Premier League,Mumbai Indians,Delhi Daredevils,Wankhede Stadium,Mumbai,9,4,2013,2013,male,Mumbai Indians,bat,KD Karthik,Mumbai Indians,44 runs,,,,10,Unknown,209,0,120,120,165.0,1.0,120.0,120.0,38,46.0,60.0,33.0,2.0,2.0,10.45,8.25,6.333333333333333,7.666666666666667,1,1,0,1.3306236143482462,1.0,1.0,0.569620253164557,0.5,79,78
598007,2013-04-10,Indian Premier League,Kings XI Punjab,Chennai Super Kings,"Punjab Cricket Association Stadium, Mohali",Chandigarh,10,4,2013,2013,male,Chennai Super Kings,field,MEK Hussey,Chennai Super Kings,10 wickets,,,,11,Unknown,138,0,119,119,139.0,0.0,104.0,104.0,43,38.0,15.0,20.0,2.0,0.0,6.957983193277311,8.01923076923077,7.166666666666667,6.333333333333333,0,0,1,1.3291797725623034,1.0,1.0,0.48,0.5975609756097561,75,82
598009,2013-04-11,Indian Premier League,Rajasthan Royals,Pune Warriors,Subrata Roy Sahara Stadium,Pune,11,4,2013,2013,male,Rajasthan Royals,bat,AJ Finch,Pune Warriors,7 wickets,,,,13,Unknown,145,1,120,120,148.0,0.0,112.0,112.0,44,64.0,39.0,20.0,1.0,1.0,7.25,7.928571428571428,7.333333333333333,10.666666666666666,0,1,0,1.1837908496732026,1.0,0.9,0.52,0.30303030303030304,75,33
598008,2013-04-11,Indian Premier League,Kolkata Knight Riders,Royal Challengers Bangalore,M Chinnaswamy Stadium,Bangalore,11,4,2013,2013,male,Royal Challengers Bangalore,field,CH Gayle,Royal Challengers Bangalore,8 wickets,,,,12,Unknown,154,0,120,120,158.0,0.0,105.0,105.0,44,43.0,31.0,23.0,1.0,1.0,7.7,9.028571428571428,7.333333333333333,7.166666666666667,0,0,1,1.3592942912725565,1.0,1.0,0.5066666666666667,0.5185185185185185,75,81
598010,2013-04-12,Indian Premier League,Delhi Daredevils,Sunrisers Hyderabad,Feroz Shah Kotla,Delhi,12,4,2013,2013,male,Delhi Daredevils,bat,A Mishra,Sunrisers Hyderabad,3 wickets,,,,14,Unknown,114,0,120,120,115.0,0.0,116.0,116.0,29,38.0,38.0,26.0,3.0,1.0,5.7,5.948275862068966,4.833333333333333,6.333333333333333,0,1,0,1.3205017921146953,1.0,0.2,0.4936708860759494,0.75,79,4
598012,2013-04-13,Indian Premier League,Royal Challengers Bangalore,Chennai Super Kings,"MA Chidambaram Stadium, Chepauk",Chennai,13,4,2013,2013,male,Chennai Super Kings,field,RA Jadeja,Chennai Super Kings,4 wickets,,,,16,Unknown,165,0,120,120,166.0,0.0,119.0,119.0,33,31.0,40.0,54.0,1.0,2.0,8.25,8.369747899159664,5.5,5.166666666666667,0,0,1,1.2990646258503402,1.0,1.0,0.5121951219512195,0.6024096385542169,82,83
598011,2013-04-13,Indian Premier League,Mumbai Indians,Pune Warriors,Wankhede Stadium,Mumbai,13,4,2013,2013,male,Mumbai Indians,bat,RG Sharma,Mumbai Indians,41 runs,,,,15,Unknown,183,0,120,120,142.0,1.0,120.0,120.0,48,40.0,65.0,21.0,0.0,4.0,9.15,7.1,8.0,6.666666666666667,1,1,0,1.3306236143482462,1.0,1.0,0.575,0.29411764705882354,80,34
598013,2013-04-14,Indian Premier League,Kolkata Knight Riders,Sunrisers Hyderabad,Eden Gardens,Kolkata,14,4,2013,2013,male,Kolkata Knight Riders,bat,G Gambhir,Kolkata Knight Riders,48 runs,,,,17,Unknown,180,0,120,120,132.0,0.0,120.0,120.0,48,39.0,58.0,22.0,0.0,0.0,9.0,6.6,8.0,6.5,1,1,0,1.3152101400933955,1.0,0.3,0.5131578947368421,0.6,76,5
598014,2013-04-14,Indian Premier League,Kings XI Punjab,Rajasthan Royals,Sawai Mansingh Stadium,Jaipur,14,4,2013,2013,male,Rajasthan Royals,field,JP Faulkner,Rajasthan Royals,6 wickets,,,,18,Unknown,124,0,113,113,126.0,0.0,116.0,116.0,34,48.0,32.0,25.0,3.0,1.0,6.5840707964601775,6.517241379310345,5.666666666666667,8.0,0,0,1,1.2792825112107624,1.0,1.0,0.47368421052631576,0.5263157894736842,76,76
598015,2013-04-15,Indian Premier League,Pune Warriors,Chennai Super Kings,"MA Chidambaram Stadium, Chepauk",Chennai,15,4,2013,2013,male,Pune Warriors,bat,SPD Smith,Pune Warriors,24 runs,,,,19,Unknown,159,0,120,120,135.0,0.0,120.0,120.0,48,38.0,41.0,31.0,0.0,2.0,7.95,6.75,8.0,6.333333333333333,1,1,0,1.2990646258503402,1.0,1.0,0.3142857142857143,0.5952380952380952,35,84
598016,2013-04-16,Indian Premier League,Kings XI Punjab,Kolkata Knight Riders,"Punjab Cricket Association Stadium, Mohali",Chandigarh,16,4,2013,2013,male,Kolkata Knight Riders,field,MS Gony,Kings XI Punjab,4 runs,,,,20,Unknown,157,0,120,120,153.0,1.0,120.0,120.0,35,45.0,48.0,36.0,1.0,2.0,7.85,7.65,5.833333333333333,7.5,1,0,1,1.3291797725623034,1.0,1.0,0.4805194805194805,0.5064935064935064,77,77
598017,2013-04-16,Indian Premier League,Delhi Daredevils,Royal Challengers Bangalore,M Chinnaswamy Stadium,Bangalore,16,4,2013,2013,male,Royal Challengers Bangalore,field,V Kohli,Unknown,,tie,,Royal Challengers Bangalore,21,Unknown,152,0,120,120,152.0,0.0,120.0,120.0,43,48.0,47.0,23.0,1.0,2.0,7.6,7.6,7.166666666666667,8.0,0,0,1,1.3592942912725565,1.0,1.0,0.4875,0.5180722891566265,80,83
598019,2013-04-17,Indian Premier League,Rajasthan Royals,Mumbai Indians,Sawai Mansingh Stadium,Jaipur,17,4,2013,2013,male,Rajasthan Royals,bat,AM Rahane,Rajasthan Royals,87 runs,,,,23,Unknown,179,0,120,120,92.0,0.0,110.0,110.0,58,26.0,47.0,9.0,0.0,2.0,8.95,5.0181818181818185,9.666666666666666,4.333333333333333,1,1,0,1.2792825112107624,1.0,1.0,0.5324675324675324,0.5679012345679012,77,81
598018,2013-04-17,Indian Premier League,Sunrisers Hyderabad,Pune Warriors,Maharashtra Cricket Association Stadium,Pune,17,4,2013,2013,male,Pune Warriors,field,A Mishra,Sunrisers Hyderabad,11 runs,,,,22,Unknown,119,0,120,120,108.0,0.0,114.0,114.0,25,41.0,38.0,13.0,4.0,2.0,5.95,5.684210526315789,4.166666666666667,6.833333333333333,1,0,1,1.3235738571968265,0.3,1.0,0.6666666666666666,0.3055555555555556,6,36
598020,2013-04-18,Indian Premier League,Chennai Super Kings,Delhi Daredevils,Feroz Shah Kotla,Delhi,18,4,2013,2013,male,Chennai Super Kings,bat,MEK Hussey,Chennai Super Kings,86 runs,,,,24,Unknown,169,0,120,120,83.0,0.0,105.0,105.0,39,32.0,46.0,1.0,1.0,4.0,8.45,4.742857142857143,6.5,5.333333333333333,1,1,0,1.3205017921146953,1.0,1.0,0.6,0.48148148148148145,85,81
598021,2013-04-19,Indian Premier League,Kings XI Punjab,Sunrisers Hyderabad,"Rajiv Gandhi International Stadium, Uppal",Hyderabad,19,4,2013,2013,male,Kings XI Punjab,bat,GH Vihari,Sunrisers Hyderabad,5 wickets,,,,25,Unknown,123,0,120,120,127.0,0.0,113.0,113.0,36,33.0,21.0,30.0,1.0,1.0,6.15,6.743362831858407,6.0,5.5,0,1,0,1.2830058600482592,1.0,0.4,0.47435897435897434,0.7142857142857143,78,7
598022,2013-04-20,Indian Premier League,Kolkata Knight Riders,Chennai Super Kings,Eden Gardens,Kolkata,20,4,2013,2013,male,Kolkata Knight Riders,bat,RA Jadeja,Chennai Super Kings,4 wickets,,,,26,Unknown,119,0,120,120,124.0,0.0,115.0,115.0,47,27.0,28.0,44.0,1.0,1.0,5.95,6.469565217391304,7.833333333333333,4.5,0,1,0,1.3152101400933955,1.0,1.0,0.5,0.6046511627906976,78,86
598023,2013-04-20,Indian Premier League,Rajasthan Royals,Royal Challengers Bangalore,M Chinnaswamy Stadium,Bangalore,20,4,2013,2013,male,Royal Challengers Bangalore,field,R Vinay Kumar,Royal Challengers Bangalore,7 wickets,,,,27,Unknown,117,0,118,118,123.0,0.0,107.0,107.0,31,48.0,9.0,21.0,2.0,0.0,5.949152542372881,6.897196261682243,5.166666666666667,8.0,0,0,1,1.3592942912725565,1.0,1.0,0.5256410256410257,0.5238095238095238,78,84
598025,2013-04-21,Indian Premier League,Pune Warriors,Kings XI Punjab,"Punjab Cricket Association Stadium, Mohali",Chandigarh,21,4,2013,2013,male,Kings XI Punjab,field,DA Miller,Kings XI Punjab,7 wickets,,,,29,Unknown,185,0,120,120,186.0,0.0,119.0,119.0,48,55.0,57.0,45.0,0.0,2.0,9.25,9.378151260504202,8.0,9.166666666666666,0,0,1,1.3291797725623034,1.0,1.0,0.2972972972972973,0.4810126582278481,37,79
598024,2013-04-21,Indian Premier League,Mumbai Indians,Delhi Daredevils,Feroz Shah Kotla,Delhi,21,4,2013,2013,male,Mumbai Indians,bat,V Sehwag,Delhi Daredevils,9 wickets,,,,28,Unknown,161,0,120,120,165.0,0.0,102.0,102.0,24,60.0,43.0,13.0,2.0,0.0,8.05,9.705882352941176,4.0,10.0,0,1,0,1.3205017921146953,1.0,1.0,0.5609756097560976,0.4878048780487805,82,82
598026,2013-04-22,Indian Premier League,Rajasthan Royals,Chennai Super Kings,"MA Chidambaram Stadium, Chepauk",Chennai,22,4,2013,2013,male,Rajasthan Royals,bat,MEK Hussey,Chennai Super Kings,5 wickets,,,,30,Unknown,185,0,120,120,186.0,0.0,119.0,119.0,55,58.0,47.0,32.0,0.0,1.0,9.25,9.378151260504202,9.166666666666666,9.666666666666666,0,1,0,1.2990646258503402,1.0,1.0,0.5189873417721519,0.6091954022988506,79,87
598059,2013-04-23,Indian Premier League,Delhi Daredevils,Kings XI Punjab,Feroz Shah Kotla,Delhi,23,4,2013,2013,male,Kings XI Punjab,field,Harmeet Singh,Kings XI Punjab,5 wickets,,,,32,Unknown,120,0,120,120,121.0,0.0,102.0,102.0,40,56.0,27.0,10.0,2.0,3.0,6.0,7.117647058823529,6.666666666666667,9.333333333333334,0,0,1,1.3205017921146953,1.0,1.0,0.4819277108433735,0.4875,83,80
598027,2013-04-23,Indian Premier League,Royal Challengers Bangalore,Pune Warriors,M Chinnaswamy Stadium,Bangalore,23,4,2013,2013,male,Pune Warriors,field,CH Gayle,Royal Challengers Bangalore,130 runs,,,,31,Unknown,263,0,120,120,133.0,0.0,120.0,120.0,62,43.0,62.0,14.0,0.0,4.0,13.15,6.65,10.333333333333334,7.166666666666667,1,0,1,1.3592942912725565,1.0,1.0,0.5294117647058824,0.2894736842105263,85,38
598029,2013-04-24,Indian Premier League,Kolkata Knight Riders,Mumbai Indians,Eden Gardens,Kolkata,24,4,2013,2013,male,Kolkata Knight Riders,bat,DR Smith,Mumbai Indians,5 wickets,,,,33,Unknown,159,0,120,120,162.0,0.0,119.0,119.0,61,42.0,34.0,38.0,1.0,1.0,7.95,8.168067226890757,10.166666666666666,7.0,0,1,0,1.3152101400933955,1.0,1.0,0.4936708860759494,0.5662650602409639,79,83
598030,2013-04-25,Indian Premier League,Sunrisers Hyderabad,Chennai Super Kings,"MA Chidambaram Stadium, Chepauk",Chennai,25,4,2013,2013,male,Sunrisers Hyderabad,bat,MS Dhoni,Chennai Super Kings,5 wickets,,,,34,Unknown,159,0,120,120,160.0,0.0,118.0,118.0,40,58.0,59.0,46.0,3.0,0.0,7.95,8.135593220338983,6.666666666666667,9.666666666666666,0,1,0,1.2990646258503402,0.5,1.0,0.625,0.6136363636363636,8,88
598031,2013-04-26,Indian Premier League,Kings XI Punjab,Kolkata Knight Riders,Eden Gardens,Kolkata,26,4,2013,2013,male,Kings XI Punjab,bat,JH Kallis,Kolkata Knight Riders,6 wickets,,,,35,Unknown,149,0,120,120,150.0,0.0,110.0,110.0,45,45.0,29.0,23.0,0.0,2.0,7.45,8.181818181818182,7.5,7.5,0,1,0,1.3152101400933955,1.0,1.0,0.48148148148148145,0.5,81,80
598032,2013-04-27,Indian Premier League,Sunrisers Hyderabad,Rajasthan Royals,Sawai Mansingh Stadium,Jaipur,27,4,2013,2013,male,Sunrisers Hyderabad,bat,JP Faulkner,Rajasthan Royals,8 wickets,,,,36,Unknown,144,0,120,120,146.0,0.0,107.0,107.0,29,30.0,45.0,22.0,5.0,1.0,7.2,8.186915887850468,4.833333333333333,5.0,0,1,0,1.2792825112107624,0.5,1.0,0.5555555555555556,0.525,9,80
598033,2013-04-27,Indian Premier League,Mumbai Indians,Royal Challengers Bangalore,Wankhede Stadium,Mumbai,27,4,2013,2013,male,Mumbai Indians,bat,DR Smith,Mumbai Indians,58 runs,,,,37,Unknown,194,0,120,120,136.0,0.0,120.0,120.0,52,35.0,43.0,34.0,1.0,1.0,9.7,6.8,8.666666666666666,5.833333333333333,1,1,0,1.3306236143482462,1.0,1.0,0.5714285714285714,0.5232558139534884,84,86
598034,2013-04-28,Indian Premier League,Chennai Super Kings,Kolkata Knight Riders,"MA Chidambaram Stadium, Chepauk",Chennai,28,4,2013,2013,male,Kolkata Knight Riders,field,MEK Hussey,Chennai Super Kings,14 runs,,,,38,Unknown,200,0,120,120,186.0,0.0,120.0,120.0,67,63.0,42.0,48.0,0.0,2.0,10.0,9.3,11.166666666666666,10.5,1,0,1,1.2990646258503402,1.0,1.0,0.6179775280898876,0.49382716049382713,89,81
598035,2013-04-28,Indian Premier League,Delhi Daredevils,Pune Warriors,Shaheed Veer Narayan Singh International Stadium,Raipur,28,4,2013,2013,male,Pune Warriors,field,DA Warner,Delhi Daredevils,15 runs,,,,39,Unknown,164,0,120,120,149.0,0.0,120.0,120.0,37,43.0,53.0,30.0,1.0,0.0,8.2,7.45,6.166666666666667,7.166666666666667,1,0,1,1.2166317260656883,1.0,1.0,0.4880952380952381,0.28205128205128205,84,39
598037,2013-04-29,Indian Premier League,Mumbai Indians,Kings XI Punjab,Wankhede Stadium,Mumbai,29,4,2013,2013,male,Mumbai Indians,bat,RG Sharma,Mumbai Indians,4 runs,,,,41,Unknown,174,0,120,120,170.0,0.0,120.0,120.0,36,55.0,60.0,41.0,1.0,2.0,8.7,8.5,6.0,9.166666666666666,1,1,0,1.3306236143482462,1.0,1.0,0.5764705882352941,0.47560975609756095,85,82
598036,2013-04-29,Indian Premier League,Royal Challengers Bangalore,Rajasthan Royals,Sawai Mansingh Stadium,Jaipur,29,4,2013,2013,male,Rajasthan Royals,field,SV Samson,Rajasthan Royals,4 wickets,,,,40,Unknown,171,0,120,120,173.0,0.0,119.0,119.0,55,45.0,48.0,43.0,1.0,1.0,8.55,8.722689075630253,9.166666666666666,7.5,0,0,1,1.2792825112107624,1.0,1.0,0.5172413793103449,0.5308641975308642,87,81
598038,2013-04-30,Indian Premier League,Chennai Super Kings,Pune Warriors,Subrata Roy Sahara Stadium,Pune,30,4,2013,2013,male,Chennai Super Kings,bat,MS Dhoni,Chennai Super Kings,37 runs,,,,42,Unknown,164,0,120,120,127.0,0.0,120.0,120.0,29,46.0,50.0,31.0,2.0,4.0,8.2,6.35,4.833333333333333,7.666666666666667,1,1,0,1.1837908496732026,1.0,1.0,0.6222222222222222,0.275,90,40
598039,2013-05-01,Indian Premier League,Mumbai Indians,Sunrisers Hyderabad,"Rajiv Gandhi International Stadium, Uppal",Hyderabad,1,5,2013,2013,male,Mumbai Indians,bat,I Sharma,Sunrisers Hyderabad,7 wickets,,,,43,Unknown,129,0,120,120,130.0,0.0,108.0,108.0,41,36.0,34.0,11.0,2.0,1.0,6.45,7.222222222222222,6.833333333333333,6.0,0,1,0,1.2830058600482592,1.0,0.5,0.5697674418604651,0.6,86,10
598040,2013-05-01,Indian Premier League,Kolkata Knight Riders,Delhi Daredevils,Shaheed Veer Narayan Singh International Stadium,Raipur,1,5,2013,2013,male,Kolkata Knight Riders,bat,DA Warner,Delhi Daredevils,7 wickets,,,,44,Unknown,136,0,120,120,137.0,0.0,107.0,107.0,37,34.0,45.0,23.0,3.0,2.0,6.8,7.682242990654206,6.166666666666667,5.666666666666667,0,1,0,1.2166317260656883,1.0,1.0,0.4878048780487805,0.49411764705882355,82,85
598041,2013-05-02,Indian Premier League,Chennai Super Kings,Kings XI Punjab,"MA Chidambaram Stadium, Chepauk",Chennai,2,5,2013,2013,male,Chennai Super Kings,bat,SK Raina,Chennai Super Kings,15 runs,,,,45,Unknown,186,0,120,120,171.0,0.0,120.0,120.0,36,36.0,54.0,38.0,1.0,2.0,9.3,8.55,6.0,6.0,1,1,0,1.2990646258503402,1.0,1.0,0.6263736263736264,0.46987951807228917,91,83
598042,2013-05-02,Indian Premier League,Royal Challengers Bangalore,Pune Warriors,Subrata Roy Sahara Stadium,Pune,2,5,2013,2013,male,Royal Challengers Bangalore,bat,AB de Villiers,Royal Challengers Bangalore,17 runs,,,,46,Unknown,187,0,120,120,170.0,0.0,120.0,120.0,30,39.0,57.0,27.0,0.0,1.0,9.35,8.5,5.0,6.5,1,1,0,1.1837908496732026,1.0,1.0,0.5227272727272727,0.2682926829268293,88,41
598043,2013-05-03,Indian Premier League,Rajasthan Royals,Kolkata Knight Riders,Eden Gardens,Kolkata,3,5,2013,2013,male,Rajasthan Royals,bat,YK Pathan,Kolkata Knight Riders,8 wickets,,,,47,Unknown,132,0,120,120,133.0,0.0,104.0,104.0,34,48.0,24.0,12.0,2.0,1.0,6.6,7.673076923076923,5.666666666666667,8.0,0,1,0,1.3152101400933955,1.0,1.0,0.524390243902439,0.4939759036144578,82,83
598044,2013-05-04,Indian Premier League,Delhi Daredevils,Sunrisers Hyderabad,"Rajiv Gandhi International Stadium, Uppal",Hyderabad,4,5,2013,2013,male,Delhi Daredevils,bat,DJG Sammy,Sunrisers Hyderabad,6 wickets,,,,48,Unknown,80,0,115,115,81.0,0.0,83.0,83.0,26,41.0,8.0,0.0,1.0,2.0,4.173913043478261,5.855421686746988,4.333333333333333,6.833333333333333,0,1,0,1.2830058600482592,1.0,0.6,0.4883720930232558,0.6363636363636364,86,11
598047,2013-05-05,Indian Premier League,Pune Warriors,Rajasthan Royals,Sawai Mansingh Stadium,Jaipur,5,5,2013,2013,male,Pune Warriors,bat,AM Rahane,Rajasthan Royals,5 wickets,,,,50,Unknown,178,0,120,120,182.0,0.0,119.0,119.0,61,53.0,45.0,46.0,0.0,0.0,8.9,9.176470588235295,10.166666666666666,8.833333333333334,0,1,0,1.2792825112107624,1.0,1.0,0.2619047619047619,0.5301204819277109,42,83
598046,2013-05-05,Indian Premier League,Mumbai Indians,Chennai Super Kings,Wankhede Stadium,Mumbai,5,5,2013,2013,male,Mumbai Indians,bat,MG Johnson,Mumbai Indians,60 runs,,,,49,Unknown,139,0,120,120,79.0,0.0,92.0,92.0,32,32.0,49.0,0.0,0.0,4.0,6.95,5.1521739130434785,5.333333333333333,5.333333333333333,1,1,0,1.3306236143482462,1.0,1.0,0.5747126436781609,0.6195652173913043,87,92
598064,2013-05-06,Indian Premier League,Royal Challengers Bangalore,Kings XI Punjab,"Punjab Cricket Association Stadium, Mohali",Chandigarh,6,5,2013,2013,male,Kings XI Punjab,field,DA Miller,Kings XI Punjab,6 wickets,,,,51,Unknown,190,0,120,120,194.0,0.0,108.0,108.0,58,41.0,50.0,40.0,0.0,2.0,9.5,10.777777777777779,9.666666666666666,6.833333333333333,0,0,1,1.3291797725623034,1.0,1.0,0.5168539325842697,0.47619047619047616,89,84
598049,2013-05-07,Indian Premier League,Delhi Daredevils,Rajasthan Royals,Sawai Mansingh Stadium,Jaipur,7,5,2013,2013,male,Delhi Daredevils,bat,AM Rahane,Rajasthan Royals,9 wickets,,,,52,Unknown,154,0,120,120,155.0,0.0,107.0,107.0,42,49.0,50.0,22.0,2.0,0.0,7.7,8.69158878504673,7.0,8.166666666666666,0,1,0,1.2792825112107624,1.0,1.0,0.4827586206896552,0.5357142857142857,87,84
598050,2013-05-07,Indian Premier League,Mumbai Indians,Kolkata Knight Riders,Wankhede Stadium,Mumbai,7,5,2013,2013,male,Mumbai Indians,bat,SR Tendulkar,Mumbai Indians,65 runs,,,,53,Unknown,170,0,120,120,105.0,0.0,110.0,110.0,41,38.0,51.0,8.0,0.0,1.0,8.5,5.7272727272727275,6.833333333333333,6.333333333333333,1,1,0,1.3306236143482462,1.0,1.0,0.5795454545454546,0.4880952380952381,88,84
598051,2013-05-08,Indian Premier League,Chennai Super Kings,Sunrisers Hyderabad,"Rajiv Gandhi International Stadium, Uppal",Hyderabad,8,5,2013,2013,male,Sunrisers Hyderabad,field,SK Raina,Chennai Super Kings,77 runs,,,,54,Unknown,223,0,120,120,146.0,0.0,120.0,120.0,50,49.0,71.0,35.0,1.0,2.0,11.15,7.3,8.333333333333334,8.166666666666666,1,0,1,1.2830058600482592,1.0,0.7,0.6236559139784946,0.5833333333333334,93,12
598052,2013-05-09,Indian Premier League,Kings XI Punjab,Rajasthan Royals,"Punjab Cricket Association Stadium, Mohali",Chandigarh,9,5,2013,2013,male,Rajasthan Royals,field,KK Cooper,Rajasthan Royals,8 wickets,,,,55,Unknown,145,0,120,120,147.0,0.0,114.0,114.0,37,38.0,25.0,30.0,1.0,1.0,7.25,7.7368421052631575,6.166666666666667,6.333333333333333,0,0,1,1.3291797725623034,1.0,1.0,0.47058823529411764,0.5411764705882353,85,85
598053,2013-05-09,Indian Premier League,Kolkata Knight Riders,Pune Warriors,Subrata Roy Sahara Stadium,Pune,9,5,2013,2013,male,Kolkata Knight Riders,bat,G Gambhir,Kolkata Knight Riders,46 runs,,,,56,Unknown,152,0,120,120,106.0,0.0,117.0,117.0,50,34.0,53.0,11.0,1.0,2.0,7.6,5.435897435897436,8.333333333333334,5.666666666666667,1,1,0,1.1837908496732026,1.0,1.0,0.49411764705882355,0.2558139534883721,85,43
598054,2013-05-10,Indian Premier League,Royal Challengers Bangalore,Delhi Daredevils,Feroz Shah Kotla,Delhi,10,5,2013,2013,male,Delhi Daredevils,field,JD Unadkat,Royal Challengers Bangalore,4 runs,,,,57,Unknown,183,0,120,120,179.0,0.0,120.0,120.0,40,49.0,77.0,50.0,2.0,2.0,9.15,8.95,6.666666666666667,8.166666666666666,1,0,1,1.3205017921146953,1.0,1.0,0.5222222222222223,0.4772727272727273,90,88
598056,2013-05-11,Indian Premier League,Sunrisers Hyderabad,Kings XI Punjab,"Punjab Cricket Association Stadium, Mohali",Chandigarh,11,5,2013,2013,male,Kings XI Punjab,field,PA Patel,Sunrisers Hyderabad,30 runs,,,,59,Unknown,150,0,120,120,120.0,0.0,120.0,120.0,37,41.0,46.0,24.0,2.0,1.0,7.5,6.0,6.166666666666667,6.833333333333333,1,0,1,1.3291797725623034,0.7,1.0,0.6153846153846154,0.46511627906976744,13,86
598055,2013-05-11,Indian Premier League,Pune Warriors,Mumbai Indians,Subrata Roy Sahara Stadium,Pune,11,5,2013,2013,male,Pune Warriors,bat,MG Johnson,Mumbai Indians,5 wickets,,,,58,Unknown,112,0,120,120,116.0,1.0,113.0,113.0,36,37.0,18.0,23.0,2.0,2.0,5.6,6.159292035398231,6.0,6.166666666666667,0,1,0,1.1837908496732026,1.0,1.0,0.25,0.5842696629213483,44,89
598057,2013-05-12,Indian Premier League,Royal Challengers Bangalore,Kolkata Knight Riders,JSCA International Stadium Complex,Ranchi,12,5,2013,2013,male,Kolkata Knight Riders,field,JH Kallis,Kolkata Knight Riders,5 wickets,,,,60,Unknown,115,0,120,120,116.0,0.0,116.0,116.0,22,31.0,19.0,29.0,1.0,2.0,5.75,6.0,3.6666666666666665,5.166666666666667,0,0,1,1.2304009575104728,1.0,1.0,0.5164835164835165,0.5,91,86
598058,2013-05-12,Indian Premier League,Chennai Super Kings,Rajasthan Royals,Sawai Mansingh Stadium,Jaipur,12,5,2013,2013,male,Rajasthan Royals,field,SR Watson,Rajasthan Royals,5 wickets,,,,61,Unknown,141,0,120,120,144.0,0.0,103.0,103.0,37,24.0,36.0,11.0,0.0,3.0,7.05,8.388349514563107,6.166666666666667,4.0,0,0,1,1.2792825112107624,1.0,1.0,0.6170212765957447,0.5465116279069767,94,86
598060,2013-05-13,Indian Premier League,Sunrisers Hyderabad,Mumbai Indians,Wankhede Stadium,Mumbai,13,5,2013,2013,male,Sunrisers Hyderabad,bat,KA Pollard,Mumbai Indians,7 wickets,,,,62,Unknown,178,0,120,120,184.0,0.0,117.0,117.0,52,39.0,33.0,67.0,1.0,1.0,8.9,9.435897435897436,8.666666666666666,6.5,0,1,0,1.3306236143482462,0.8,1.0,0.5714285714285714,0.5888888888888889,14,90
598062,2013-05-14,Indian Premier League,Chennai Super Kings,Delhi Daredevils,"MA Chidambaram Stadium, Chepauk",Chennai,14,5,2013,2013,male,Chennai Super Kings,bat,MS Dhoni,Chennai Super Kings,33 runs,,,,64,Unknown,168,0,120,120,135.0,0.0,120.0,120.0,47,49.0,43.0,25.0,0.0,2.0,8.4,6.75,7.833333333333333,8.166666666666666,1,1,0,1.2990646258503402,1.0,1.0,0.6210526315789474,0.47191011235955055,95,89
598045,2013-05-14,Indian Premier League,Royal Challengers Bangalore,Kings XI Punjab,M Chinnaswamy Stadium,Bangalore,14,5,2013,2013,male,Kings XI Punjab,field,AC Gilchrist,Kings XI Punjab,7 wickets,,,,63,Unknown,174,0,120,120,176.0,0.0,109.0,109.0,31,46.0,48.0,28.0,1.0,1.0,8.7,9.688073394495412,5.166666666666667,7.666666666666667,0,0,1,1.3592942912725565,1.0,1.0,0.5108695652173914,0.47126436781609193,92,87
598063,2013-05-15,Indian Premier League,Mumbai Indians,Rajasthan Royals,Wankhede Stadium,Mumbai,15,5,2013,2013,male,Rajasthan Royals,field,AP Tare,Mumbai Indians,14 runs,,,,66,Unknown,166,0,120,120,152.0,0.0,120.0,120.0,49,29.0,27.0,30.0,1.0,4.0,8.3,7.6,8.166666666666666,4.833333333333333,1,0,1,1.3306236143482462,1.0,1.0,0.5934065934065934,0.5402298850574713,91,87
598061,2013-05-15,Indian Premier League,Pune Warriors,Kolkata Knight Riders,JSCA International Stadium Complex,Ranchi,15,5,2013,2013,male,Kolkata Knight Riders,field,MK Pandey,Pune Warriors,7 runs,,,,65,Unknown,170,0,120,120,163.0,0.0,120.0,120.0,42,33.0,54.0,36.0,1.0,3.0,8.5,8.15,7.0,5.5,1,0,1,1.2304009575104728,1.0,1.0,0.26666666666666666,0.4942528735632184,45,87
598028,2013-05-16,Indian Premier League,Kings XI Punjab,Delhi Daredevils,Himachal Pradesh Cricket Association Stadium,Dharamsala,16,5,2013,2013,male,Delhi Daredevils,field,DA Miller,Kings XI Punjab,7 runs,,,,67,Unknown,171,0,120,120,164.0,0.0,120.0,120.0,53,21.0,52.0,53.0,0.0,3.0,8.55,8.2,8.833333333333334,3.5,1,0,1,1.3418249189439555,1.0,1.0,0.4772727272727273,0.4666666666666667,88,90
598065,2013-05-17,Indian Premier League,Sunrisers Hyderabad,Rajasthan Royals,"Rajiv Gandhi International Stadium, Uppal",Hyderabad,17,5,2013,2013,male,Sunrisers Hyderabad,bat,A Mishra,Sunrisers Hyderabad,23 runs,,,,68,Unknown,136,0,120,120,113.0,0.0,120.0,120.0,21,33.0,32.0,38.0,3.0,0.0,6.8,5.65,3.5,5.5,1,1,0,1.2830058600482592,0.8,1.0,0.6,0.5340909090909091,15,88
598066,2013-05-18,Indian Premier League,Kings XI Punjab,Mumbai Indians,Himachal Pradesh Cricket Association Stadium,Dharamsala,18,5,2013,2013,male,Mumbai Indians,field,Azhar Mahmood,Kings XI Punjab,50 runs,,,,69,Unknown,183,0,120,120,133.0,0.0,115.0,115.0,35,51.0,40.0,16.0,2.0,2.0,9.15,6.939130434782609,5.833333333333333,8.5,1,0,1,1.3418249189439555,1.0,1.0,0.48314606741573035,0.5869565217391305,89,92
598068,2013-05-18,Indian Premier League,Royal Challengers Bangalore,Chennai Super Kings,M Chinnaswamy Stadium,Bangalore,18,5,2013,2013,male,Chennai Super Kings,field,V Kohli,Royal Challengers Bangalore,24 runs,,,,70,Unknown,106,0,48,48,82.0,0.0,48.0,48.0,76,56.0,0.0,0.0,1.0,3.0,13.25,10.25,12.666666666666666,9.333333333333334,1,0,1,1.3592942912725565,1.0,1.0,0.5161290322580645,0.6145833333333334,93,96
598067,2013-05-19,Indian Premier League,Pune Warriors,Delhi Daredevils,Subrata Roy Sahara Stadium,Pune,19,5,2013,2013,male,Pune Warriors,bat,LJ Wright,Pune Warriors,38 runs,,,,71,Unknown,172,0,120,120,134.0,0.0,120.0,120.0,40,47.0,51.0,18.0,1.0,2.0,8.6,6.7,6.666666666666667,7.833333333333333,1,1,0,1.1837908496732026,1.0,1.0,0.2826086956521739,0.46153846153846156,46,91
598069,2013-05-19,Indian Premier League,Kolkata Knight Riders,Sunrisers Hyderabad,"Rajiv Gandhi International Stadium, Uppal",Hyderabad,19,5,2013,2013,male,Kolkata Knight Riders,bat,PA Patel,Sunrisers Hyderabad,5 wickets,,,,72,Unknown,130,0,120,120,132.0,0.0,113.0,113.0,33,45.0,35.0,24.0,1.0,0.0,6.5,7.008849557522124,5.5,7.5,0,1,0,1.2830058600482592,1.0,0.9,0.48863636363636365,0.625,88,16
598070,2013-05-21,Indian Premier League,Chennai Super Kings,Mumbai Indians,Feroz Shah Kotla,Delhi,21,5,2013,2013,male,Chennai Super Kings,bat,MEK Hussey,Chennai Super Kings,48 runs,,,,Unknown,Qualifier 1,192,0,120,120,144.0,0.0,112.0,112.0,47,56.0,55.0,15.0,0.0,1.0,9.6,7.7142857142857135,7.833333333333333,9.333333333333334,1,1,0,1.3205017921146953,1.0,1.0,0.6185567010309279,0.5806451612903226,97,93
598071,2013-05-22,Indian Premier League,Sunrisers Hyderabad,Rajasthan Royals,Feroz Shah Kotla,Delhi,22,5,2013,2013,male,Sunrisers Hyderabad,bat,BJ Hodge,Rajasthan Royals,4 wickets,,,,Unknown,Eliminator,132,0,120,120,135.0,0.0,116.0,116.0,27,44.0,44.0,33.0,2.0,1.0,6.6,6.982758620689656,4.5,7.333333333333333,0,1,0,1.3205017921146953,1.0,1.0,0.5882352941176471,0.5393258426966292,17,89
598072,2013-05-24,Indian Premier League,Rajasthan Royals,Mumbai Indians,Eden Gardens,Kolkata,24,5,2013,2013,male,Rajasthan Royals,bat,Harbhajan Singh,Mumbai Indians,4 wickets,,,,Unknown,Qualifier 2,165,0,120,120,169.0,0.0,119.0,119.0,42,45.0,55.0,40.0,0.0,0.0,8.25,8.521008403361344,7.0,7.5,0,1,0,1.3152101400933955,1.0,1.0,0.5333333333333333,0.5851063829787234,90,94
598073,2013-05-26,Indian Premier League,Mumbai Indians,Chennai Super Kings,Eden Gardens,Kolkata,26,5,2013,2013,male,Mumbai Indians,bat,KA Pollard,Mumbai Indians,23 runs,,,,Unknown,Final,148,0,120,120,125.0,0.0,120.0,120.0,34,35.0,42.0,32.0,3.0,4.0,7.4,6.25,5.666666666666667,5.833333333333333,1,1,0,1.3152101400933955,1.0,1.0,0.5894736842105263,0.6122448979591837,95,98
729279,2014-04-16,Indian Premier League,Kolkata Knight Riders,Mumbai Indians,Sheikh Zayed Stadium,Abu Dhabi,16,4,2014,2014,male,Kolkata Knight Riders,bat,JH Kallis,Kolkata Knight Riders,41 runs,,,,1,Unknown,163,0,120,120,122.0,0.0,120.0,120.0,31,32.0,38.0,16.0,1.0,1.0,8.15,6.1,5.166666666666667,5.333333333333333,1,1,0,1.2789891696750904,1.0,1.0,0.4943820224719101,0.5833333333333334,89,96
729281,2014-04-17,Indian Premier League,Delhi Daredevils,Royal Challengers Bangalore,Sharjah Cricket Stadium,Unknown,17,4,2014,2014,male,Royal Challengers Bangalore,field,YS Chahal,Royal Challengers Bangalore,8 wickets,,,,2,Unknown,145,0,120,120,146.0,0.0,100.0,100.0,30,50.0,52.0,14.0,3.0,1.0,7.25,8.76,5.0,8.333333333333334,0,0,1,1.2864208633093526,1.0,1.0,0.45652173913043476,0.5212765957446809,92,94
729283,2014-04-18,Indian Premier League,Chennai Super Kings,Kings XI Punjab,Sheikh Zayed Stadium,Abu Dhabi,18,4,2014,2014,male,Chennai Super Kings,bat,GJ Maxwell,Kings XI Punjab,6 wickets,,,,3,Unknown,205,0,120,120,206.0,0.0,113.0,113.0,70,64.0,45.0,34.0,0.0,3.0,10.25,10.938053097345133,11.666666666666666,10.666666666666666,0,1,0,1.2789891696750904,1.0,1.0,0.6060606060606061,0.4888888888888889,99,90
729285,2014-04-18,Indian Premier League,Sunrisers Hyderabad,Rajasthan Royals,Sheikh Zayed Stadium,Abu Dhabi,18,4,2014,2014,male,Rajasthan Royals,field,AM Rahane,Rajasthan Royals,4 wickets,,,,4,Unknown,133,0,120,120,135.0,0.0,117.0,117.0,41,30.0,34.0,27.0,1.0,2.0,6.65,6.923076923076923,6.833333333333333,5.0,0,0,1,1.2789891696750904,1.0,1.0,0.5555555555555556,0.5384615384615384,18,91
729287,2014-04-19,Indian Premier League,Mumbai Indians,Royal Challengers Bangalore,Dubai International Cricket Stadium,Unknown,19,4,2014,2014,male,Royal Challengers Bangalore,field,PA Patel,Royal Challengers Bangalore,7 wickets,,,,5,Unknown,115,0,120,120,116.0,0.0,105.0,105.0,49,30.0,17.0,21.0,1.0,3.0,5.75,6.628571428571429,8.166666666666666,5.0,0,0,1,1.286846558019414,1.0,1.0,0.5773195876288659,0.5263157894736842,97,95
729289,2014-04-19,Indian Premier League,Kolkata Knight Riders,Delhi Daredevils,Dubai International Cricket Stadium,Unknown,19,4,2014,2014,male,Kolkata Knight Riders,bat,JP Duminy,Delhi Daredevils,4 wickets,,,,6,Unknown,166,0,120,120,167.0,0.0,117.0,117.0,31,49.0,42.0,40.0,2.0,2.0,8.3,8.564102564102564,5.166666666666667,8.166666666666666,0,1,0,1.286846558019414,1.0,1.0,0.4888888888888889,0.46236559139784944,90,93
729291,2014-04-20,Indian Premier League,Rajasthan Royals,Kings XI Punjab,Sharjah Cricket Stadium,Unknown,20,4,2014,2014,male,Kings XI Punjab,field,GJ Maxwell,Kings XI Punjab,7 wickets,,,,7,Unknown,191,0,120,120,193.0,0.0,112.0,112.0,54,39.0,45.0,50.0,1.0,2.0,9.55,10.339285714285714,9.0,6.5,0,0,1,1.2864208633093526,1.0,1.0,0.532608695652174,0.4945054945054945,92,91
729293,2014-04-21,Indian Premier League,Chennai Super Kings,Delhi Daredevils,Sheikh Zayed Stadium,Abu Dhabi,21,4,2014,2014,male,Chennai Super Kings,bat,SK Raina,Chennai Super Kings,93 runs,,,,8,Unknown,177,0,120,120,84.0,0.0,94.0,94.0,34,24.0,58.0,0.0,1.0,3.0,8.85,5.361702127659575,5.666666666666667,4.0,1,1,0,1.2789891696750904,1.0,1.0,0.61,0.4574468085106383,100,94
729295,2014-04-22,Indian Premier League,Kings XI Punjab,Sunrisers Hyderabad,Sharjah Cricket Stadium,Unknown,22,4,2014,2014,male,Sunrisers Hyderabad,field,GJ Maxwell,Kings XI Punjab,72 runs,,,,9,Unknown,193,0,120,120,121.0,0.0,116.0,116.0,43,45.0,38.0,13.0,0.0,3.0,9.65,6.258620689655173,7.166666666666667,7.5,1,0,1,1.2864208633093526,1.0,1.0,0.5,0.5263157894736842,92,19
729297,2014-04-23,Indian Premier League,Chennai Super Kings,Rajasthan Royals,Dubai International Cricket Stadium,Unknown,23,4,2014,2014,male,Rajasthan Royals,field,RA Jadeja,Chennai Super Kings,7 runs,,,,10,Unknown,140,0,120,120,133.0,0.0,119.0,119.0,51,38.0,34.0,41.0,1.0,2.0,7.0,6.705882352941177,8.5,6.333333333333333,1,0,1,1.286846558019414,1.0,1.0,0.6138613861386139,0.5268817204301075,101,93
729299,2014-04-24,Indian Premier League,Kolkata Knight Riders,Royal Challengers Bangalore,Sharjah Cricket Stadium,Unknown,24,4,2014,2014,male,Royal Challengers Bangalore,field,CA Lynn,Kolkata Knight Riders,2 runs,,,,11,Unknown,150,0,120,120,148.0,0.0,120.0,120.0,42,49.0,37.0,25.0,2.0,0.0,7.5,7.4,7.0,8.166666666666666,1,0,1,1.2864208633093526,1.0,1.0,0.4945054945054945,0.5208333333333334,91,96
729301,2014-04-25,Indian Premier League,Sunrisers Hyderabad,Delhi Daredevils,Dubai International Cricket Stadium,Unknown,25,4,2014,2014,male,Sunrisers Hyderabad,bat,AJ Finch,Sunrisers Hyderabad,4 runs,,,,12,Unknown,184,0,120,120,180.0,0.0,120.0,120.0,55,44.0,56.0,51.0,0.0,0.0,9.2,9.0,9.166666666666666,7.333333333333333,1,1,0,1.286846558019414,1.0,1.0,0.55,0.45263157894736844,20,95
729303,2014-04-25,Indian Premier League,Mumbai Indians,Chennai Super Kings,Dubai International Cricket Stadium,Unknown,25,4,2014,2014,male,Mumbai Indians,bat,MM Sharma,Chennai Super Kings,7 wickets,,,,13,Unknown,141,0,120,120,142.0,0.0,114.0,114.0,31,51.0,28.0,28.0,2.0,0.0,7.05,7.473684210526316,5.166666666666667,8.5,0,1,0,1.286846558019414,1.0,1.0,0.5714285714285714,0.6176470588235294,98,102
729305,2014-04-26,Indian Premier League,Royal Challengers Bangalore,Rajasthan Royals,Sheikh Zayed Stadium,Abu Dhabi,26,4,2014,2014,male,Rajasthan Royals,field,PV Tambe,Rajasthan Royals,6 wickets,,,,14,Unknown,70,0,90,90,71.0,0.0,78.0,78.0,22,36.0,0.0,0.0,5.0,2.0,4.666666666666667,5.461538461538462,3.6666666666666665,6.0,0,0,1,1.2789891696750904,1.0,1.0,0.5154639175257731,0.5319148936170213,97,94
729307,2014-04-26,Indian Premier League,Kings XI Punjab,Kolkata Knight Riders,Sheikh Zayed Stadium,Abu Dhabi,26,4,2014,2014,male,Kolkata Knight Riders,field,Sandeep Sharma,Kings XI Punjab,23 runs,,,,15,Unknown,132,0,120,120,109.0,0.0,110.0,110.0,51,24.0,18.0,24.0,2.0,3.0,6.6,5.945454545454546,8.5,4.0,1,0,1,1.2789891696750904,1.0,1.0,0.5053763440860215,0.4891304347826087,93,92
729309,2014-04-27,Indian Premier League,Mumbai Indians,Delhi Daredevils,Sharjah Cricket Stadium,Unknown,27,4,2014,2014,male,Mumbai Indians,bat,M Vijay,Delhi Daredevils,6 wickets,,,,16,Unknown,125,0,120,120,126.0,0.0,113.0,113.0,37,31.0,45.0,21.0,2.0,0.0,6.25,6.690265486725664,6.166666666666667,5.166666666666667,0,1,0,1.2864208633093526,1.0,1.0,0.5656565656565656,0.4583333333333333,99,96
729311,2014-04-27,Indian Premier League,Sunrisers Hyderabad,Chennai Super Kings,Sharjah Cricket Stadium,Unknown,27,4,2014,2014,male,Sunrisers Hyderabad,bat,DR Smith,Chennai Super Kings,5 wickets,,,,17,Unknown,145,0,120,120,146.0,0.0,117.0,117.0,37,47.0,43.0,19.0,2.0,0.0,7.25,7.487179487179487,6.166666666666667,7.833333333333333,0,1,0,1.2864208633093526,1.0,1.0,0.5238095238095238,0.6213592233009708,21,103
729313,2014-04-28,Indian Premier League,Royal Challengers Bangalore,Kings XI Punjab,Dubai International Cricket Stadium,Unknown,28,4,2014,2014,male,Kings XI Punjab,field,Sandeep Sharma,Kings XI Punjab,5 wickets,,,,18,Unknown,124,0,120,120,127.0,0.0,113.0,113.0,44,33.0,24.0,22.0,4.0,2.0,6.2,6.743362831858407,7.333333333333333,5.5,0,0,1,1.286846558019414,1.0,1.0,0.5102040816326531,0.5106382978723404,98,94
729315,2014-04-29,Indian Premier League,Rajasthan Royals,Kolkata Knight Riders,Sheikh Zayed Stadium,Abu Dhabi,29,4,2014,2014,male,Rajasthan Royals,bat,JP Faulkner,Unknown,,tie,,Rajasthan Royals,19,Unknown,152,0,120,120,152.0,0.0,120.0,120.0,45,33.0,34.0,41.0,1.0,1.0,7.6,7.6,7.5,5.5,0,1,0,1.2789891696750904,1.0,1.0,0.5263157894736842,0.4946236559139785,95,93
729317,2014-04-30,Indian Premier League,Sunrisers Hyderabad,Mumbai Indians,Dubai International Cricket Stadium,Unknown,30,4,2014,2014,male,Mumbai Indians,field,B Kumar,Sunrisers Hyderabad,15 runs,,,,20,Unknown,172,0,120,120,157.0,0.0,120.0,120.0,44,32.0,42.0,42.0,2.0,3.0,8.6,7.85,7.333333333333333,5.333333333333333,1,0,1,1.286846558019414,1.0,1.0,0.5454545454545454,0.56,22,100
733971,2014-05-02,Indian Premier League,Chennai Super Kings,Kolkata Knight Riders,JSCA International Stadium Complex,Ranchi,2,5,2014,2014,male,Chennai Super Kings,bat,RA Jadeja,Chennai Super Kings,34 runs,,,,21,Unknown,148,0,102,102,114.0,0.0,102.0,102.0,43,39.0,15.0,4.0,1.0,4.0,8.705882352941176,6.705882352941177,7.166666666666667,6.5,1,1,0,1.2304009575104728,1.0,1.0,0.625,0.48936170212765956,104,94
733973,2014-05-03,Indian Premier League,Kings XI Punjab,Mumbai Indians,Wankhede Stadium,Mumbai,3,5,2014,2014,male,Kings XI Punjab,bat,CJ Anderson,Mumbai Indians,5 wickets,,,,22,Unknown,168,0,120,120,170.0,0.0,115.0,115.0,36,49.0,37.0,46.0,2.0,2.0,8.4,8.869565217391305,6.0,8.166666666666666,0,1,0,1.3306236143482462,1.0,1.0,0.5052631578947369,0.5643564356435643,95,101
733975,2014-05-03,Indian Premier League,Delhi Daredevils,Rajasthan Royals,Feroz Shah Kotla,Delhi,3,5,2014,2014,male,Rajasthan Royals,field,KK Nair,Rajasthan Royals,7 wickets,,,,23,Unknown,152,0,120,120,156.0,0.0,111.0,111.0,46,38.0,49.0,32.0,1.0,1.0,7.6,8.432432432432432,7.666666666666667,6.333333333333333,0,0,1,1.3205017921146953,1.0,1.0,0.4536082474226804,0.53125,97,96
733977,2014-05-04,Indian Premier League,Sunrisers Hyderabad,Royal Challengers Bangalore,M Chinnaswamy Stadium,Bangalore,4,5,2014,2014,male,Royal Challengers Bangalore,field,AB de Villiers,Royal Challengers Bangalore,4 wickets,,,,24,Unknown,155,0,120,120,158.0,0.0,119.0,119.0,47,36.0,40.0,42.0,2.0,2.0,7.75,7.966386554621849,7.833333333333333,6.0,0,0,1,1.3592942912725565,1.0,1.0,0.5217391304347826,0.5151515151515151,23,99
733979,2014-05-05,Indian Premier League,Rajasthan Royals,Kolkata Knight Riders,"Sardar Patel Stadium, Motera",Ahmedabad,5,5,2014,2014,male,Kolkata Knight Riders,field,PV Tambe,Rajasthan Royals,10 runs,,,,25,Unknown,170,0,120,120,160.0,0.0,120.0,120.0,50,50.0,35.0,34.0,0.0,0.0,8.5,8.0,8.333333333333334,8.333333333333334,1,0,1,1.3021085378499828,1.0,1.0,0.5360824742268041,0.4842105263157895,97,95
733981,2014-05-05,Indian Premier League,Delhi Daredevils,Chennai Super Kings,Feroz Shah Kotla,Delhi,5,5,2014,2014,male,Chennai Super Kings,field,DR Smith,Chennai Super Kings,8 wickets,,,,26,Unknown,178,0,120,120,181.0,0.0,118.0,118.0,46,49.0,48.0,40.0,2.0,0.0,8.9,9.203389830508474,7.666666666666667,8.166666666666666,0,0,1,1.3205017921146953,1.0,1.0,0.4489795918367347,0.6285714285714286,98,105
733983,2014-05-06,Indian Premier League,Mumbai Indians,Royal Challengers Bangalore,Wankhede Stadium,Mumbai,6,5,2014,2014,male,Royal Challengers Bangalore,field,RG Sharma,Mumbai Indians,19 runs,,,,27,Unknown,187,0,120,120,168.0,0.0,120.0,120.0,50,64.0,58.0,34.0,1.0,1.0,9.35,8.4,8.333333333333334,10.666666666666666,1,0,1,1.3306236143482462,1.0,1.0,0.5686274509803921,0.51,102,100
733987,2014-05-07,Indian Premier League,Kings XI Punjab,Chennai Super Kings,Barabati Stadium,Cuttack,7,5,2014,2014,male,Chennai Super Kings,field,GJ Maxwell,Kings XI Punjab,44 runs,,,,29,Unknown,231,0,120,120,187.0,0.0,120.0,120.0,38,46.0,58.0,60.0,2.0,1.0,11.55,9.35,6.333333333333333,7.666666666666667,1,0,1,1.343952802359882,1.0,1.0,0.5104166666666666,0.6226415094339622,96,106
733985,2014-05-07,Indian Premier League,Delhi Daredevils,Kolkata Knight Riders,Feroz Shah Kotla,Delhi,7,5,2014,2014,male,Delhi Daredevils,bat,G Gambhir,Kolkata Knight Riders,8 wickets,,,,28,Unknown,160,0,120,120,161.0,0.0,110.0,110.0,29,52.0,54.0,23.0,2.0,0.0,8.0,8.781818181818183,4.833333333333333,8.666666666666666,0,1,0,1.3205017921146953,1.0,1.0,0.4444444444444444,0.4895833333333333,99,96
733989,2014-05-08,Indian Premier League,Sunrisers Hyderabad,Rajasthan Royals,"Sardar Patel Stadium, Motera",Ahmedabad,8,5,2014,2014,male,Rajasthan Royals,field,B Kumar,Sunrisers Hyderabad,32 runs,,,,30,Unknown,134,0,120,120,102.0,0.0,119.0,119.0,50,37.0,28.0,18.0,1.0,3.0,6.7,5.142857142857143,8.333333333333334,6.166666666666667,1,0,1,1.3021085378499828,1.0,1.0,0.5416666666666666,0.5306122448979592,24,98
733991,2014-05-09,Indian Premier League,Kings XI Punjab,Royal Challengers Bangalore,M Chinnaswamy Stadium,Bangalore,9,5,2014,2014,male,Royal Challengers Bangalore,field,Sandeep Sharma,Kings XI Punjab,32 runs,,,,31,Unknown,198,0,120,120,166.0,0.0,120.0,120.0,64,34.0,32.0,38.0,1.0,3.0,9.9,8.3,10.666666666666666,5.666666666666667,1,0,1,1.3592942912725565,1.0,1.0,0.5154639175257731,0.504950495049505,97,101
733993,2014-05-10,Indian Premier League,Delhi Daredevils,Sunrisers Hyderabad,Feroz Shah Kotla,Delhi,10,5,2014,2014,male,Sunrisers Hyderabad,field,DW Steyn,Sunrisers Hyderabad,8 wickets,,D/L,,32,Unknown,143,0,120,120,44.0,0.0,26.0,26.0,52,44.0,15.0,0.0,1.0,2.0,7.15,10.153846153846155,8.666666666666666,7.333333333333333,0,0,1,1.3205017921146953,1.0,1.0,0.44,0.56,100,25
733995,2014-05-10,Indian Premier League,Mumbai Indians,Chennai Super Kings,Wankhede Stadium,Mumbai,10,5,2014,2014,male,Chennai Super Kings,field,DR Smith,Chennai Super Kings,4 wickets,,,,33,Unknown,157,0,120,120,160.0,0.0,117.0,117.0,42,38.0,46.0,35.0,1.0,1.0,7.85,8.205128205128204,7.0,6.333333333333333,0,0,1,1.3306236143482462,1.0,1.0,0.5631067961165048,0.6261682242990654,103,107
733997,2014-05-11,Indian Premier League,Kings XI Punjab,Kolkata Knight Riders,Barabati Stadium,Cuttack,11,5,2014,2014,male,Kolkata Knight Riders,field,G Gambhir,Kolkata Knight Riders,9 wickets,,,,34,Unknown,149,0,120,120,150.0,0.0,108.0,108.0,49,55.0,26.0,19.0,2.0,0.0,7.45,8.333333333333334,8.166666666666666,9.166666666666666,0,0,1,1.343952802359882,1.0,1.0,0.5102040816326531,0.4948453608247423,98,97
733999,2014-05-11,Indian Premier League,Royal Challengers Bangalore,Rajasthan Royals,M Chinnaswamy Stadium,Bangalore,11,5,2014,2014,male,Royal Challengers Bangalore,bat,JP Faulkner,Rajasthan Royals,5 wickets,,,,35,Unknown,190,0,120,120,191.0,0.0,113.0,113.0,31,45.0,67.0,65.0,1.0,0.0,9.5,10.141592920353983,5.166666666666667,7.5,0,1,0,1.3592942912725565,1.0,1.0,0.5,0.5353535353535354,102,99
734001,2014-05-12,Indian Premier League,Sunrisers Hyderabad,Mumbai Indians,"Rajiv Gandhi International Stadium, Uppal",Hyderabad,12,5,2014,2014,male,Sunrisers Hyderabad,bat,AT Rayudu,Mumbai Indians,7 wickets,,,,36,Unknown,157,0,120,120,160.0,0.0,112.0,112.0,43,38.0,45.0,28.0,1.0,1.0,7.85,8.571428571428571,7.166666666666667,6.333333333333333,0,1,0,1.2830058600482592,1.0,1.0,0.5384615384615384,0.5673076923076923,26,104
734005,2014-05-13,Indian Premier League,Royal Challengers Bangalore,Delhi Daredevils,M Chinnaswamy Stadium,Bangalore,13,5,2014,2014,male,Delhi Daredevils,field,Yuvraj Singh,Royal Challengers Bangalore,16 runs,,,,38,Unknown,186,0,120,120,170.0,0.0,120.0,120.0,34,46.0,71.0,47.0,1.0,2.0,9.3,8.5,5.666666666666667,7.666666666666667,1,0,1,1.3592942912725565,1.0,1.0,0.5048543689320388,0.43564356435643564,103,101
734003,2014-05-13,Indian Premier League,Rajasthan Royals,Chennai Super Kings,JSCA International Stadium Complex,Ranchi,13,5,2014,2014,male,Rajasthan Royals,bat,RA Jadeja,Chennai Super Kings,5 wickets,,,,37,Unknown,148,0,120,120,149.0,0.0,118.0,118.0,42,48.0,28.0,37.0,0.0,2.0,7.4,7.576271186440677,7.0,8.0,0,1,0,1.2304009575104728,1.0,1.0,0.53,0.6296296296296297,100,108
734007,2014-05-14,Indian Premier League,Sunrisers Hyderabad,Kings XI Punjab,"Rajiv Gandhi International Stadium, Uppal",Hyderabad,14,5,2014,2014,male,Kings XI Punjab,field,WP Saha,Kings XI Punjab,6 wickets,,,,39,Unknown,205,0,120,120,211.0,0.0,112.0,112.0,55,86.0,67.0,36.0,0.0,1.0,10.25,11.303571428571427,9.166666666666666,14.333333333333334,0,0,1,1.2830058600482592,1.0,1.0,0.5185185185185185,0.5151515151515151,27,99
734009,2014-05-14,Indian Premier League,Mumbai Indians,Kolkata Knight Riders,Barabati Stadium,Cuttack,14,5,2014,2014,male,Kolkata Knight Riders,field,RV Uthappa,Kolkata Knight Riders,6 wickets,,,,40,Unknown,141,0,120,120,142.0,0.0,112.0,112.0,37,45.0,26.0,26.0,2.0,0.0,7.05,7.607142857142857,6.166666666666667,7.5,0,0,1,1.343952802359882,1.0,1.0,0.5619047619047619,0.5,105,98
734011,2014-05-15,Indian Premier League,Rajasthan Royals,Delhi Daredevils,"Sardar Patel Stadium, Motera",Ahmedabad,15,5,2014,2014,male,Delhi Daredevils,field,AM Rahane,Rajasthan Royals,62 runs,,,,41,Unknown,201,0,120,120,139.0,0.0,120.0,120.0,52,34.0,44.0,40.0,1.0,2.0,10.05,6.95,8.666666666666666,5.666666666666667,1,0,1,1.3021085378499828,1.0,1.0,0.5346534653465347,0.43137254901960786,101,102
734013,2014-05-18,Indian Premier League,Chennai Super Kings,Royal Challengers Bangalore,JSCA International Stadium Complex,Ranchi,18,5,2014,2014,male,Chennai Super Kings,bat,AB de Villiers,Royal Challengers Bangalore,5 wickets,,,,42,Unknown,138,0,120,120,142.0,0.0,119.0,119.0,39,17.0,24.0,46.0,2.0,1.0,6.9,7.159663865546219,6.5,2.8333333333333335,0,1,0,1.2304009575104728,1.0,1.0,0.6238532110091743,0.5096153846153846,109,104
734015,2014-05-18,Indian Premier League,Sunrisers Hyderabad,Kolkata Knight Riders,"Rajiv Gandhi International Stadium, Uppal",Hyderabad,18,5,2014,2014,male,Sunrisers Hyderabad,bat,UT Yadav,Kolkata Knight Riders,7 wickets,,,,43,Unknown,142,0,120,120,146.0,0.0,118.0,118.0,41,30.0,28.0,39.0,2.0,1.0,7.1,7.423728813559322,6.833333333333333,5.0,0,1,0,1.2830058600482592,1.0,1.0,0.5,0.5050505050505051,28,99
734017,2014-05-19,Indian Premier League,Mumbai Indians,Rajasthan Royals,"Sardar Patel Stadium, Motera",Ahmedabad,19,5,2014,2014,male,Mumbai Indians,bat,MEK Hussey,Mumbai Indians,25 runs,,,,44,Unknown,178,0,120,120,153.0,0.0,120.0,120.0,42,47.0,44.0,51.0,0.0,3.0,8.9,7.65,7.0,7.833333333333333,1,1,0,1.3021085378499828,1.0,1.0,0.5660377358490566,0.5294117647058824,106,102
734019,2014-05-19,Indian Premier League,Delhi Daredevils,Kings XI Punjab,Feroz Shah Kotla,Delhi,19,5,2014,2014,male,Kings XI Punjab,field,AR Patel,Kings XI Punjab,4 wickets,,,,45,Unknown,164,0,120,120,165.0,0.0,118.0,118.0,55,66.0,30.0,26.0,1.0,0.0,8.2,8.389830508474576,9.166666666666666,11.0,0,0,1,1.3205017921146953,1.0,1.0,0.42718446601941745,0.52,103,100
734021,2014-05-20,Indian Premier League,Royal Challengers Bangalore,Sunrisers Hyderabad,"Rajiv Gandhi International Stadium, Uppal",Hyderabad,20,5,2014,2014,male,Royal Challengers Bangalore,bat,DA Warner,Sunrisers Hyderabad,7 wickets,,,,46,Unknown,160,0,120,120,161.0,0.0,118.0,118.0,25,51.0,36.0,35.0,2.0,0.0,8.0,8.186440677966102,4.166666666666667,8.5,0,1,0,1.2830058600482592,1.0,1.0,0.5047619047619047,0.5172413793103449,105,29
734023,2014-05-20,Indian Premier League,Chennai Super Kings,Kolkata Knight Riders,Eden Gardens,Kolkata,20,5,2014,2014,male,Kolkata Knight Riders,field,RV Uthappa,Kolkata Knight Riders,8 wickets,,,,47,Unknown,154,0,120,120,156.0,0.0,108.0,108.0,35,52.0,34.0,28.0,1.0,0.0,7.7,8.666666666666666,5.833333333333333,8.666666666666666,0,0,1,1.3152101400933955,1.0,1.0,0.6181818181818182,0.51,110,100
734025,2014-05-21,Indian Premier League,Kings XI Punjab,Mumbai Indians,"Punjab Cricket Association Stadium, Mohali",Chandigarh,21,5,2014,2014,male,Mumbai Indians,field,LMP Simmons,Mumbai Indians,7 wickets,,,,48,Unknown,156,0,120,120,159.0,0.0,114.0,114.0,48,62.0,40.0,17.0,1.0,0.0,7.8,8.368421052631579,8.0,10.333333333333334,0,0,1,1.3291797725623034,1.0,1.0,0.5148514851485149,0.5700934579439252,101,107
734029,2014-05-22,Indian Premier League,Chennai Super Kings,Sunrisers Hyderabad,JSCA International Stadium Complex,Ranchi,22,5,2014,2014,male,Sunrisers Hyderabad,field,DA Warner,Sunrisers Hyderabad,6 wickets,,,,50,Unknown,185,0,120,120,189.0,0.0,118.0,118.0,60,64.0,55.0,32.0,1.0,0.0,9.25,9.610169491525424,10.0,10.666666666666666,0,0,1,1.2304009575104728,1.0,1.0,0.6126126126126126,0.5333333333333333,111,30
734027,2014-05-22,Indian Premier League,Kolkata Knight Riders,Royal Challengers Bangalore,Eden Gardens,Kolkata,22,5,2014,2014,male,Royal Challengers Bangalore,field,RV Uthappa,Kolkata Knight Riders,30 runs,,,,49,Unknown,195,0,120,120,165.0,0.0,120.0,120.0,45,36.0,45.0,37.0,2.0,1.0,9.75,8.25,7.5,6.0,1,0,1,1.3152101400933955,1.0,1.0,0.5148514851485149,0.5,101,106
734031,2014-05-23,Indian Premier League,Mumbai Indians,Delhi Daredevils,Wankhede Stadium,Mumbai,23,5,2014,2014,male,Delhi Daredevils,field,MEK Hussey,Mumbai Indians,15 runs,,,,51,Unknown,173,0,117,117,158.0,0.0,120.0,120.0,65,47.0,20.0,42.0,0.0,1.0,8.871794871794872,7.9,10.833333333333334,7.833333333333333,1,0,1,1.3306236143482462,1.0,1.0,0.5740740740740741,0.4230769230769231,108,104
734033,2014-05-23,Indian Premier League,Kings XI Punjab,Rajasthan Royals,"Punjab Cricket Association Stadium, Mohali",Chandigarh,23,5,2014,2014,male,Rajasthan Royals,field,SE Marsh,Kings XI Punjab,16 runs,,,,52,Unknown,179,0,120,120,163.0,0.0,120.0,120.0,53,44.0,53.0,60.0,1.0,1.0,8.95,8.15,8.833333333333334,7.333333333333333,1,0,1,1.3291797725623034,1.0,1.0,0.5196078431372549,0.5242718446601942,102,103
734035,2014-05-24,Indian Premier League,Royal Challengers Bangalore,Chennai Super Kings,M Chinnaswamy Stadium,Bangalore,24,5,2014,2014,male,Chennai Super Kings,field,MS Dhoni,Chennai Super Kings,8 wickets,,,,53,Unknown,154,0,120,120,160.0,0.0,106.0,106.0,34,64.0,44.0,27.0,3.0,1.0,7.7,9.056603773584905,5.666666666666667,10.666666666666666,0,0,1,1.3592942912725565,1.0,1.0,0.4953271028037383,0.6160714285714286,107,112
734037,2014-05-24,Indian Premier League,Sunrisers Hyderabad,Kolkata Knight Riders,Eden Gardens,Kolkata,24,5,2014,2014,male,Kolkata Knight Riders,field,YK Pathan,Kolkata Knight Riders,4 wickets,,,,54,Unknown,160,0,120,120,161.0,0.0,86.0,86.0,49,49.0,35.0,0.0,1.0,1.0,8.0,11.232558139534884,8.166666666666666,8.166666666666666,0,0,1,1.3152101400933955,1.0,1.0,0.5161290322580645,0.5196078431372549,31,102
734039,2014-05-25,Indian Premier League,Delhi Daredevils,Kings XI Punjab,"Punjab Cricket Association Stadium, Mohali",Chandigarh,25,5,2014,2014,male,Kings XI Punjab,field,M Vohra,Kings XI Punjab,7 wickets,,,,55,Unknown,115,0,109,109,119.0,0.0,83.0,83.0,44,48.0,8.0,0.0,3.0,2.0,6.330275229357798,8.602409638554217,7.333333333333333,8.0,0,0,1,1.3291797725623034,1.0,1.0,0.41904761904761906,0.5242718446601942,105,103
734041,2014-05-25,Indian Premier League,Rajasthan Royals,Mumbai Indians,Wankhede Stadium,Mumbai,25,5,2014,2014,male,Mumbai Indians,field,CJ Anderson,Mumbai Indians,5 wickets,,,,56,Unknown,189,0,120,120,195.0,0.0,88.0,88.0,35,71.0,48.0,0.0,1.0,3.0,9.45,13.295454545454547,5.833333333333333,11.833333333333334,0,0,1,1.3306236143482462,1.0,1.0,0.5192307692307693,0.5779816513761468,104,109
734043,2014-05-27,Indian Premier League,Kolkata Knight Riders,Kings XI Punjab,Eden Gardens,Kolkata,27,5,2014,2014,male,Kings XI Punjab,field,UT Yadav,Kolkata Knight Riders,28 runs,,,,Unknown,Qualifier 1,163,0,120,120,135.0,0.0,120.0,120.0,55,46.0,49.0,38.0,1.0,2.0,8.15,6.75,9.166666666666666,7.666666666666667,1,0,1,1.3152101400933955,1.0,1.0,0.5242718446601942,0.5192307692307693,103,104
734045,2014-05-28,Indian Premier League,Mumbai Indians,Chennai Super Kings,Brabourne Stadium,Mumbai,28,5,2014,2014,male,Chennai Super Kings,field,SK Raina,Chennai Super Kings,7 wickets,,,,Unknown,Eliminator,173,0,120,120,176.0,0.0,112.0,112.0,53,60.0,33.0,24.0,0.0,0.0,8.65,9.428571428571429,8.833333333333334,10.0,0,0,1,1.4098825435398947,1.0,1.0,0.5727272727272728,0.6194690265486725,110,113
734047,2014-05-30,Indian Premier League,Kings XI Punjab,Chennai Super Kings,Wankhede Stadium,Mumbai,30,5,2014,2014,male,Chennai Super Kings,field,V Sehwag,Kings XI Punjab,24 runs,,,,Unknown,Qualifier 2,226,0,120,120,202.0,0.0,120.0,120.0,70,100.0,50.0,38.0,0.0,2.0,11.3,10.1,11.666666666666666,16.666666666666668,1,0,1,1.3306236143482462,1.0,1.0,0.5238095238095238,0.6140350877192983,105,114
734049,2014-06-01,Indian Premier League,Kings XI Punjab,Kolkata Knight Riders,M Chinnaswamy Stadium,Bangalore,1,6,2014,2014,male,Kolkata Knight Riders,field,MK Pandey,Kolkata Knight Riders,3 wickets,,,,Unknown,Final,199,0,120,120,200.0,0.0,117.0,117.0,32,59.0,59.0,39.0,2.0,1.0,9.95,10.256410256410257,5.333333333333333,9.833333333333334,0,0,1,1.3592942912725565,1.0,1.0,0.5188679245283019,0.5288461538461539,106,104
829705,2015-04-08,Indian Premier League,Mumbai Indians,Kolkata Knight Riders,Eden Gardens,Kolkata,8,4,2015,2015,male,Kolkata Knight Riders,field,M Morkel,Kolkata Knight Riders,7 wickets,,,,1,Unknown,168,0,120,120,170.0,0.0,111.0,111.0,37,38.0,59.0,39.0,3.0,1.0,8.4,9.18918918918919,6.166666666666667,6.333333333333333,0,0,1,1.3152101400933955,1.0,1.0,0.5675675675675675,0.5333333333333333,111,105
829707,2015-04-09,Indian Premier League,Chennai Super Kings,Delhi Daredevils,"MA Chidambaram Stadium, Chepauk",Chennai,9,4,2015,2015,male,Delhi Daredevils,field,A Nehra,Chennai Super Kings,1 runs,,,,2,Unknown,150,0,120,120,149.0,0.0,120.0,120.0,59,40.0,31.0,39.0,2.0,3.0,7.5,7.45,9.833333333333334,6.666666666666667,1,0,1,1.2990646258503402,1.0,1.0,0.6173913043478261,0.41509433962264153,115,106
829709,2015-04-10,Indian Premier League,Rajasthan Royals,Kings XI Punjab,Maharashtra Cricket Association Stadium,Pune,10,4,2015,2015,male,Kings XI Punjab,field,JP Faulkner,Rajasthan Royals,26 runs,,,,3,Unknown,162,0,120,120,136.0,1.0,120.0,120.0,35,51.0,47.0,23.0,3.0,3.0,8.1,6.8,5.833333333333333,8.5,1,0,1,1.3235738571968265,1.0,1.0,0.5238095238095238,0.514018691588785,105,107
829711,2015-04-11,Indian Premier League,Chennai Super Kings,Sunrisers Hyderabad,"MA Chidambaram Stadium, Chepauk",Chennai,11,4,2015,2015,male,Chennai Super Kings,bat,BB McCullum,Chennai Super Kings,45 runs,,,,4,Unknown,209,0,120,120,164.0,0.0,120.0,120.0,49,46.0,57.0,32.0,0.0,2.0,10.45,8.2,8.166666666666666,7.666666666666667,1,1,0,1.2990646258503402,1.0,1.0,0.6206896551724138,0.5,116,32
829713,2015-04-11,Indian Premier League,Kolkata Knight Riders,Royal Challengers Bangalore,Eden Gardens,Kolkata,11,4,2015,2015,male,Royal Challengers Bangalore,field,CH Gayle,Royal Challengers Bangalore,3 wickets,,,,5,Unknown,177,0,120,120,179.0,0.0,114.0,114.0,53,41.0,46.0,47.0,0.0,1.0,8.85,9.421052631578947,8.833333333333334,6.833333333333333,0,0,1,1.3152101400933955,1.0,1.0,0.5283018867924528,0.5,106,108
829717,2015-04-12,Indian Premier League,Kings XI Punjab,Mumbai Indians,Wankhede Stadium,Mumbai,12,4,2015,2015,male,Mumbai Indians,field,GJ Bailey,Kings XI Punjab,18 runs,,,,7,Unknown,177,0,120,120,159.0,0.0,120.0,120.0,57,17.0,37.0,63.0,0.0,3.0,8.85,7.95,9.5,2.8333333333333335,1,0,1,1.3306236143482462,1.0,1.0,0.5185185185185185,0.5625,108,112
829715,2015-04-12,Indian Premier League,Delhi Daredevils,Rajasthan Royals,Feroz Shah Kotla,Delhi,12,4,2015,2015,male,Rajasthan Royals,field,DJ Hooda,Rajasthan Royals,3 wickets,,,,6,Unknown,184,0,120,120,186.0,0.0,120.0,120.0,51,42.0,48.0,45.0,1.0,1.0,9.2,9.3,8.5,7.0,0,0,1,1.3205017921146953,1.0,1.0,0.411214953271028,0.5283018867924528,107,106
829719,2015-04-13,Indian Premier League,Royal Challengers Bangalore,Sunrisers Hyderabad,M Chinnaswamy Stadium,Bangalore,13,4,2015,2015,male,Sunrisers Hyderabad,field,DA Warner,Sunrisers Hyderabad,8 wickets,,,,8,Unknown,166,0,119,119,172.0,0.0,104.0,104.0,47,65.0,41.0,30.0,1.0,0.0,8.369747899159664,9.923076923076923,7.833333333333333,10.833333333333334,0,0,1,1.3592942912725565,1.0,1.0,0.4954128440366973,0.5151515151515151,109,33
829721,2015-04-14,Indian Premier League,Mumbai Indians,Rajasthan Royals,"Sardar Patel Stadium, Motera",Ahmedabad,14,4,2015,2015,male,Mumbai Indians,bat,SPD Smith,Rajasthan Royals,7 wickets,,,,9,Unknown,164,0,120,120,165.0,0.0,115.0,115.0,31,42.0,65.0,39.0,2.0,1.0,8.2,8.608695652173912,5.166666666666667,7.0,0,1,0,1.3021085378499828,1.0,1.0,0.5575221238938053,0.5327102803738317,113,107
829725,2015-04-15,Indian Premier League,Kings XI Punjab,Delhi Daredevils,Maharashtra Cricket Association Stadium,Pune,15,4,2015,2015,male,Kings XI Punjab,bat,MA Agarwal,Delhi Daredevils,5 wickets,,,,10,Unknown,165,0,120,120,169.0,0.0,119.0,119.0,41,47.0,34.0,34.0,1.0,1.0,8.25,8.521008403361344,6.833333333333333,7.833333333333333,0,1,0,1.3235738571968265,1.0,1.0,0.5137614678899083,0.4166666666666667,109,108
829727,2015-04-16,Indian Premier League,Sunrisers Hyderabad,Rajasthan Royals,Dr. Y.S. Rajasekhara Reddy ACA-VDCA Cricket Stadium,Visakhapatnam,16,4,2015,2015,male,Rajasthan Royals,field,AM Rahane,Rajasthan Royals,6 wickets,,,,11,Unknown,127,0,120,120,131.0,0.0,120.0,120.0,35,36.0,32.0,30.0,3.0,0.0,6.35,6.55,5.833333333333333,6.0,0,0,1,1.2334540665130063,1.0,1.0,0.5,0.5370370370370371,34,108
829729,2015-04-17,Indian Premier League,Mumbai Indians,Chennai Super Kings,Wankhede Stadium,Mumbai,17,4,2015,2015,male,Mumbai Indians,bat,A Nehra,Chennai Super Kings,6 wickets,,,,12,Unknown,183,0,120,120,189.0,0.0,100.0,100.0,31,90.0,45.0,16.0,3.0,0.0,9.15,11.34,5.166666666666667,15.0,0,1,0,1.3306236143482462,1.0,1.0,0.5526315789473685,0.6239316239316239,114,117
829733,2015-04-18,Indian Premier League,Kings XI Punjab,Kolkata Knight Riders,Maharashtra Cricket Association Stadium,Pune,18,4,2015,2015,male,Kolkata Knight Riders,field,AD Russell,Kolkata Knight Riders,4 wickets,,,,14,Unknown,155,0,120,120,159.0,0.0,107.0,107.0,48,53.0,40.0,20.0,3.0,2.0,7.75,8.915887850467291,8.0,8.833333333333334,0,0,1,1.3235738571968265,1.0,1.0,0.509090909090909,0.5327102803738317,110,107
829731,2015-04-18,Indian Premier League,Delhi Daredevils,Sunrisers Hyderabad,Dr. Y.S. Rajasekhara Reddy ACA-VDCA Cricket Stadium,Visakhapatnam,18,4,2015,2015,male,Delhi Daredevils,bat,JP Duminy,Delhi Daredevils,4 runs,,,,13,Unknown,167,0,120,120,163.0,0.0,120.0,120.0,40,50.0,35.0,43.0,1.0,0.0,8.35,8.15,6.666666666666667,8.333333333333334,1,1,0,1.2334540665130063,1.0,1.0,0.42201834862385323,0.4857142857142857,109,35
829735,2015-04-19,Indian Premier League,Chennai Super Kings,Rajasthan Royals,"Sardar Patel Stadium, Motera",Ahmedabad,19,4,2015,2015,male,Chennai Super Kings,bat,AM Rahane,Rajasthan Royals,8 wickets,,,,15,Unknown,156,0,120,120,157.0,0.0,110.0,110.0,39,47.0,43.0,13.0,2.0,0.0,7.8,8.563636363636364,6.5,7.833333333333333,0,1,0,1.3021085378499828,1.0,1.0,0.6186440677966102,0.5412844036697247,118,109
829737,2015-04-19,Indian Premier League,Mumbai Indians,Royal Challengers Bangalore,M Chinnaswamy Stadium,Bangalore,19,4,2015,2015,male,Royal Challengers Bangalore,field,Harbhajan Singh,Mumbai Indians,18 runs,,,,16,Unknown,209,0,120,120,191.0,0.0,120.0,120.0,48,33.0,57.0,47.0,1.0,1.0,10.45,9.55,8.0,5.5,1,0,1,1.3592942912725565,1.0,1.0,0.5565217391304348,0.4909090909090909,115,110
829739,2015-04-20,Indian Premier League,Delhi Daredevils,Kolkata Knight Riders,Feroz Shah Kotla,Delhi,20,4,2015,2015,male,Kolkata Knight Riders,field,UT Yadav,Kolkata Knight Riders,6 wickets,,,,17,Unknown,146,0,120,120,147.0,0.0,109.0,109.0,34,48.0,41.0,16.0,2.0,2.0,7.3,8.091743119266054,5.666666666666667,8.0,0,0,1,1.3205017921146953,1.0,1.0,0.41818181818181815,0.5370370370370371,110,108
829741,2015-04-21,Indian Premier League,Rajasthan Royals,Kings XI Punjab,"Sardar Patel Stadium, Motera",Ahmedabad,21,4,2015,2015,male,Kings XI Punjab,field,SE Marsh,Unknown,,tie,,Kings XI Punjab,18,Unknown,191,0,120,120,191.0,0.0,120.0,120.0,43,40.0,49.0,53.0,0.0,1.0,9.55,9.55,7.166666666666667,6.666666666666667,0,0,1,1.3021085378499828,1.0,1.0,0.5363636363636364,0.5135135135135135,110,111
829743,2015-04-22,Indian Premier League,Sunrisers Hyderabad,Kolkata Knight Riders,Dr. Y.S. Rajasekhara Reddy ACA-VDCA Cricket Stadium,Visakhapatnam,22,4,2015,2015,male,Kolkata Knight Riders,field,DA Warner,Sunrisers Hyderabad,16 runs,,D/L,,19,Unknown,176,0,120,120,101.0,0.0,72.0,72.0,43,49.0,33.0,0.0,0.0,2.0,8.8,8.416666666666666,7.166666666666667,8.166666666666666,1,0,1,1.2334540665130063,1.0,1.0,0.5,0.5321100917431193,36,109
829745,2015-04-22,Indian Premier League,Chennai Super Kings,Royal Challengers Bangalore,M Chinnaswamy Stadium,Bangalore,22,4,2015,2015,male,Royal Challengers Bangalore,field,SK Raina,Chennai Super Kings,27 runs,,,,20,Unknown,181,0,120,120,154.0,0.0,120.0,120.0,45,38.0,41.0,31.0,1.0,2.0,9.05,7.7,7.5,6.333333333333333,1,0,1,1.3592942912725565,1.0,1.0,0.6218487394957983,0.4864864864864865,119,111
829747,2015-04-23,Indian Premier League,Delhi Daredevils,Mumbai Indians,Feroz Shah Kotla,Delhi,23,4,2015,2015,male,Mumbai Indians,field,SS Iyer,Delhi Daredevils,37 runs,,,,21,Unknown,190,0,120,120,153.0,0.0,120.0,120.0,45,48.0,38.0,22.0,1.0,2.0,9.5,7.65,7.5,8.0,1,0,1,1.3205017921146953,1.0,1.0,0.42342342342342343,0.5517241379310345,111,116
829749,2015-04-24,Indian Premier League,Rajasthan Royals,Royal Challengers Bangalore,"Sardar Patel Stadium, Motera",Ahmedabad,24,4,2015,2015,male,Royal Challengers Bangalore,field,MA Starc,Royal Challengers Bangalore,9 wickets,,,,22,Unknown,130,0,120,120,134.0,0.0,97.0,97.0,48,49.0,21.0,4.0,2.0,1.0,6.5,8.288659793814432,8.0,8.166666666666666,0,0,1,1.3021085378499828,1.0,1.0,0.5315315315315315,0.49107142857142855,111,112
829753,2015-04-25,Indian Premier League,Chennai Super Kings,Kings XI Punjab,"MA Chidambaram Stadium, Chepauk",Chennai,25,4,2015,2015,male,Chennai Super Kings,bat,BB McCullum,Chennai Super Kings,97 runs,,,,24,Unknown,192,0,120,120,95.0,0.0,120.0,120.0,54,39.0,39.0,12.0,1.0,2.0,9.6,4.75,9.0,6.5,1,1,0,1.2990646258503402,1.0,1.0,0.625,0.5089285714285714,120,112
829751,2015-04-25,Indian Premier League,Mumbai Indians,Sunrisers Hyderabad,Wankhede Stadium,Mumbai,25,4,2015,2015,male,Mumbai Indians,bat,SL Malinga,Mumbai Indians,20 runs,,,,23,Unknown,157,0,120,120,137.0,0.0,120.0,120.0,46,52.0,36.0,23.0,1.0,2.0,7.85,6.85,7.666666666666667,8.666666666666666,1,1,0,1.3306236143482462,1.0,1.0,0.5555555555555556,0.4864864864864865,117,37
829757,2015-04-26,Indian Premier League,Delhi Daredevils,Royal Challengers Bangalore,Feroz Shah Kotla,Delhi,26,4,2015,2015,male,Royal Challengers Bangalore,field,VR Aaron,Royal Challengers Bangalore,10 wickets,,,,26,Unknown,95,0,110,110,99.0,0.0,63.0,63.0,38,50.0,5.0,0.0,2.0,0.0,5.1818181818181825,9.428571428571429,6.333333333333333,8.333333333333334,0,0,1,1.3205017921146953,1.0,1.0,0.41964285714285715,0.49557522123893805,112,113
829759,2015-04-27,Indian Premier League,Sunrisers Hyderabad,Kings XI Punjab,"Punjab Cricket Association Stadium, Mohali",Chandigarh,27,4,2015,2015,male,Kings XI Punjab,field,TA Boult,Sunrisers Hyderabad,20 runs,,,,27,Unknown,150,0,120,120,130.0,0.0,120.0,120.0,56,36.0,36.0,25.0,2.0,2.0,7.5,6.5,9.333333333333334,6.0,1,0,1,1.3291797725623034,1.0,1.0,0.5,0.504424778761062,38,113
829765,2015-04-28,Indian Premier League,Chennai Super Kings,Kolkata Knight Riders,"MA Chidambaram Stadium, Chepauk",Chennai,28,4,2015,2015,male,Kolkata Knight Riders,field,DJ Bravo,Chennai Super Kings,2 runs,,,,28,Unknown,134,0,120,120,132.0,0.0,120.0,120.0,53,54.0,28.0,37.0,1.0,2.0,6.7,6.6,8.833333333333334,9.0,1,0,1,1.2990646258503402,1.0,1.0,0.628099173553719,0.5272727272727272,121,110
829763,2015-04-29,Indian Premier League,Royal Challengers Bangalore,Rajasthan Royals,M Chinnaswamy Stadium,Bangalore,29,4,2015,2015,male,Rajasthan Royals,field,Unknown,Unknown,,no result,,,29,Unknown,200,0,120,120,0.0,0.0,0.0,0.0,52,0.0,58.0,0.0,2.0,0.0,10.0,,8.666666666666666,0.0,0,0,1,1.3592942912725565,1.0,1.0,0.49122807017543857,0.5357142857142857,114,112
829723,2015-04-30,Indian Premier League,Chennai Super Kings,Kolkata Knight Riders,Eden Gardens,Kolkata,30,4,2015,2015,male,Kolkata Knight Riders,field,AD Russell,Kolkata Knight Riders,7 wickets,,,,30,Unknown,165,1,120,120,169.0,0.0,119.0,119.0,69,38.0,37.0,37.0,4.0,1.0,8.25,8.521008403361344,11.5,6.333333333333333,0,0,1,1.3152101400933955,1.0,1.0,0.6229508196721312,0.5315315315315315,122,111
829767,2015-05-01,Indian Premier League,Kings XI Punjab,Delhi Daredevils,Feroz Shah Kotla,Delhi,1,5,2015,2015,male,Delhi Daredevils,field,NM Coulter-Nile,Delhi Daredevils,9 wickets,,,,31,Unknown,118,0,120,120,119.0,0.0,83.0,83.0,27,41.0,26.0,0.0,4.0,0.0,5.9,8.602409638554217,4.5,6.833333333333333,0,0,1,1.3205017921146953,1.0,1.0,0.5,0.4247787610619469,114,113
829769,2015-05-01,Indian Premier League,Mumbai Indians,Rajasthan Royals,Wankhede Stadium,Mumbai,1,5,2015,2015,male,Rajasthan Royals,field,AT Rayudu,Mumbai Indians,8 runs,,,,32,Unknown,187,0,120,120,179.0,0.0,120.0,120.0,47,55.0,61.0,39.0,1.0,1.0,9.35,8.95,7.833333333333333,9.166666666666666,1,0,1,1.3306236143482462,1.0,1.0,0.559322033898305,0.5309734513274337,118,113
829771,2015-05-02,Indian Premier League,Kolkata Knight Riders,Royal Challengers Bangalore,M Chinnaswamy Stadium,Bangalore,2,5,2015,2015,male,Royal Challengers Bangalore,field,Mandeep Singh,Royal Challengers Bangalore,7 wickets,,,,33,Unknown,111,0,60,60,115.0,0.0,58.0,58.0,61,62.0,0.0,0.0,1.0,2.0,11.1,11.896551724137932,10.166666666666666,10.333333333333334,0,0,1,1.3592942912725565,1.0,1.0,0.5267857142857143,0.4956521739130435,112,115
829773,2015-05-02,Indian Premier League,Sunrisers Hyderabad,Chennai Super Kings,"Rajiv Gandhi International Stadium, Uppal",Hyderabad,2,5,2015,2015,male,Chennai Super Kings,field,DA Warner,Sunrisers Hyderabad,22 runs,,,,34,Unknown,192,0,120,120,170.0,0.0,120.0,120.0,76,54.0,36.0,34.0,0.0,2.0,9.6,8.5,12.666666666666666,9.0,1,0,1,1.2830058600482592,1.0,1.0,0.5128205128205128,0.6178861788617886,39,123
829775,2015-05-03,Indian Premier League,Mumbai Indians,Kings XI Punjab,"Punjab Cricket Association Stadium, Mohali",Chandigarh,3,5,2015,2015,male,Mumbai Indians,bat,LMP Simmons,Mumbai Indians,23 runs,,,,35,Unknown,172,0,120,120,149.0,0.0,120.0,120.0,51,45.0,36.0,31.0,0.0,2.0,8.6,7.45,8.5,7.5,1,1,0,1.3291797725623034,1.0,1.0,0.5630252100840336,0.4956521739130435,119,115
829777,2015-05-03,Indian Premier League,Rajasthan Royals,Delhi Daredevils,Brabourne Stadium,Mumbai,3,5,2015,2015,male,Delhi Daredevils,field,AM Rahane,Rajasthan Royals,14 runs,,,,36,Unknown,189,0,120,120,175.0,0.0,120.0,120.0,43,55.0,59.0,49.0,0.0,2.0,9.45,8.75,7.166666666666667,9.166666666666666,1,0,1,1.4098825435398947,1.0,1.0,0.5350877192982456,0.42105263157894735,114,114
829779,2015-05-04,Indian Premier League,Chennai Super Kings,Royal Challengers Bangalore,"MA Chidambaram Stadium, Chepauk",Chennai,4,5,2015,2015,male,Chennai Super Kings,bat,SK Raina,Chennai Super Kings,24 runs,,,,37,Unknown,148,0,120,120,124.0,0.0,118.0,118.0,37,42.0,35.0,15.0,2.0,3.0,7.4,6.305084745762711,6.166666666666667,7.0,1,1,0,1.2990646258503402,1.0,1.0,0.6209677419354839,0.49137931034482757,124,116
829781,2015-05-04,Indian Premier League,Kolkata Knight Riders,Sunrisers Hyderabad,Eden Gardens,Kolkata,4,5,2015,2015,male,Sunrisers Hyderabad,field,UT Yadav,Kolkata Knight Riders,35 runs,,,,38,Unknown,167,0,120,120,132.0,0.0,120.0,120.0,55,33.0,46.0,40.0,0.0,3.0,8.35,6.6,9.166666666666666,5.5,1,0,1,1.3152101400933955,1.0,1.0,0.5309734513274337,0.5,113,40
829783,2015-05-05,Indian Premier League,Delhi Daredevils,Mumbai Indians,Wankhede Stadium,Mumbai,5,5,2015,2015,male,Delhi Daredevils,bat,Harbhajan Singh,Mumbai Indians,5 wickets,,,,39,Unknown,152,1,120,120,153.0,0.0,117.0,117.0,44,41.0,46.0,43.0,2.0,4.0,7.6,7.846153846153846,7.333333333333333,6.833333333333333,0,1,0,1.3306236143482462,1.0,1.0,0.41739130434782606,0.5666666666666667,115,120
829785,2015-05-06,Indian Premier League,Royal Challengers Bangalore,Kings XI Punjab,M Chinnaswamy Stadium,Bangalore,6,5,2015,2015,male,Kings XI Punjab,field,CH Gayle,Royal Challengers Bangalore,138 runs,,,,40,Unknown,226,0,120,120,88.0,0.0,82.0,82.0,68,34.0,47.0,0.0,0.0,5.0,11.3,6.439024390243903,11.333333333333334,5.666666666666667,1,0,1,1.3592942912725565,1.0,1.0,0.49572649572649574,0.49137931034482757,117,116
829787,2015-05-07,Indian Premier League,Sunrisers Hyderabad,Rajasthan Royals,Brabourne Stadium,Mumbai,7,5,2015,2015,male,Rajasthan Royals,field,EJG Morgan,Sunrisers Hyderabad,7 runs,,,,41,Unknown,201,0,120,120,194.0,0.0,120.0,120.0,56,36.0,50.0,59.0,1.0,2.0,10.05,9.7,9.333333333333334,6.0,1,0,1,1.4098825435398947,1.0,1.0,0.5121951219512195,0.5304347826086957,41,115
829761,2015-05-07,Indian Premier League,Kolkata Knight Riders,Delhi Daredevils,Eden Gardens,Kolkata,7,5,2015,2015,male,Kolkata Knight Riders,bat,PP Chawla,Kolkata Knight Riders,13 runs,,,,42,Unknown,171,0,120,120,158.0,0.0,120.0,120.0,50,36.0,52.0,45.0,1.0,0.0,8.55,7.9,8.333333333333334,6.0,1,1,0,1.3152101400933955,1.0,1.0,0.5350877192982456,0.41379310344827586,114,116
829789,2015-05-08,Indian Premier League,Chennai Super Kings,Mumbai Indians,"MA Chidambaram Stadium, Chepauk",Chennai,8,5,2015,2015,male,Chennai Super Kings,bat,HH Pandya,Mumbai Indians,6 wickets,,,,43,Unknown,158,0,120,120,159.0,0.0,116.0,116.0,44,61.0,50.0,51.0,1.0,0.0,7.9,8.224137931034484,7.333333333333333,10.166666666666666,0,1,0,1.2990646258503402,1.0,1.0,0.616,0.5702479338842975,125,121
829793,2015-05-09,Indian Premier League,Sunrisers Hyderabad,Delhi Daredevils,Shaheed Veer Narayan Singh International Stadium,Raipur,9,5,2015,2015,male,Sunrisers Hyderabad,bat,MC Henriques,Sunrisers Hyderabad,6 runs,,,,45,Unknown,163,0,120,120,157.0,0.0,120.0,120.0,41,49.0,49.0,31.0,2.0,1.0,8.15,7.85,6.833333333333333,8.166666666666666,1,1,0,1.2166317260656883,1.0,1.0,0.5238095238095238,0.41025641025641024,42,117
829791,2015-05-09,Indian Premier League,Kings XI Punjab,Kolkata Knight Riders,Eden Gardens,Kolkata,9,5,2015,2015,male,Kings XI Punjab,bat,AD Russell,Kolkata Knight Riders,1 wickets,,,,44,Unknown,183,0,120,120,184.0,0.0,119.0,119.0,45,57.0,42.0,29.0,1.0,1.0,9.15,9.277310924369749,7.5,9.5,0,1,0,1.3152101400933955,1.0,1.0,0.48717948717948717,0.5391304347826087,117,115
829795,2015-05-10,Indian Premier League,Royal Challengers Bangalore,Mumbai Indians,Wankhede Stadium,Mumbai,10,5,2015,2015,male,Royal Challengers Bangalore,bat,AB de Villiers,Royal Challengers Bangalore,39 runs,,,,46,Unknown,235,0,120,120,196.0,0.0,120.0,120.0,39,45.0,75.0,45.0,1.0,1.0,11.75,9.8,6.5,7.5,1,1,0,1.3306236143482462,1.0,1.0,0.5,0.5655737704918032,118,122
829797,2015-05-10,Indian Premier League,Chennai Super Kings,Rajasthan Royals,"MA Chidambaram Stadium, Chepauk",Chennai,10,5,2015,2015,male,Chennai Super Kings,bat,RA Jadeja,Chennai Super Kings,12 runs,,,,47,Unknown,157,0,120,120,145.0,0.0,120.0,120.0,36,40.0,42.0,38.0,2.0,1.0,7.85,7.25,6.0,6.666666666666667,1,1,0,1.2990646258503402,1.0,1.0,0.6190476190476191,0.5258620689655172,126,116
829799,2015-05-11,Indian Premier League,Sunrisers Hyderabad,Kings XI Punjab,"Rajiv Gandhi International Stadium, Uppal",Hyderabad,11,5,2015,2015,male,Sunrisers Hyderabad,bat,DA Warner,Sunrisers Hyderabad,5 runs,,,,48,Unknown,185,0,120,120,180.0,0.0,120.0,120.0,56,47.0,38.0,64.0,0.0,1.0,9.25,9.0,9.333333333333334,7.833333333333333,1,1,0,1.2830058600482592,1.0,1.0,0.5348837209302325,0.4830508474576271,43,118
829801,2015-05-12,Indian Premier League,Chennai Super Kings,Delhi Daredevils,Shaheed Veer Narayan Singh International Stadium,Raipur,12,5,2015,2015,male,Chennai Super Kings,bat,Z Khan,Delhi Daredevils,6 wickets,,,,49,Unknown,119,0,120,120,120.0,0.0,100.0,100.0,16,28.0,33.0,6.0,1.0,2.0,5.95,7.199999999999999,2.6666666666666665,4.666666666666667,0,1,0,1.2166317260656883,1.0,1.0,0.6141732283464567,0.4152542372881356,127,118
829803,2015-05-13,Indian Premier League,Kings XI Punjab,Royal Challengers Bangalore,"Punjab Cricket Association Stadium, Mohali",Chandigarh,13,5,2015,2015,male,Royal Challengers Bangalore,field,AR Patel,Kings XI Punjab,22 runs,,,,50,Unknown,106,0,60,60,84.0,0.0,60.0,60.0,72,61.0,0.0,0.0,4.0,2.0,10.6,8.4,12.0,10.166666666666666,1,0,1,1.3291797725623034,1.0,1.0,0.48739495798319327,0.4957983193277311,119,119
829805,2015-05-14,Indian Premier League,Mumbai Indians,Kolkata Knight Riders,Wankhede Stadium,Mumbai,14,5,2015,2015,male,Kolkata Knight Riders,field,HH Pandya,Mumbai Indians,5 runs,,,,51,Unknown,171,0,120,120,166.0,0.0,120.0,120.0,46,50.0,59.0,36.0,2.0,2.0,8.55,8.3,7.666666666666667,8.333333333333334,1,0,1,1.3306236143482462,1.0,1.0,0.5691056910569106,0.5344827586206896,123,116
829807,2015-05-15,Indian Premier League,Sunrisers Hyderabad,Royal Challengers Bangalore,"Rajiv Gandhi International Stadium, Uppal",Hyderabad,15,5,2015,2015,male,Sunrisers Hyderabad,bat,V Kohli,Royal Challengers Bangalore,6 wickets,,D/L,,52,Unknown,135,0,66,66,83.0,0.0,35.0,35.0,68,83.0,0.0,0.0,1.0,4.0,12.272727272727273,14.22857142857143,11.333333333333334,13.833333333333334,0,1,0,1.2830058600482592,1.0,1.0,0.5227272727272727,0.5,44,120
829809,2015-05-16,Indian Premier League,Kings XI Punjab,Chennai Super Kings,"Punjab Cricket Association Stadium, Mohali",Chandigarh,16,5,2015,2015,male,Kings XI Punjab,bat,P Negi,Chennai Super Kings,7 wickets,,,,53,Unknown,130,0,120,120,134.0,0.0,101.0,101.0,41,47.0,36.0,17.0,3.0,2.0,6.5,7.960396039603961,6.833333333333333,7.833333333333333,0,1,0,1.3291797725623034,1.0,1.0,0.48333333333333334,0.6171875,120,128
829811,2015-05-16,Indian Premier League,Rajasthan Royals,Kolkata Knight Riders,Brabourne Stadium,Mumbai,16,5,2015,2015,male,Rajasthan Royals,bat,SR Watson,Rajasthan Royals,9 runs,,,,54,Unknown,199,0,120,120,190.0,0.0,120.0,120.0,66,53.0,48.0,39.0,0.0,2.0,9.95,9.5,11.0,8.833333333333334,1,1,0,1.4098825435398947,1.0,1.0,0.5299145299145299,0.5299145299145299,117,117
829813,2015-05-17,Indian Premier League,Delhi Daredevils,Royal Challengers Bangalore,M Chinnaswamy Stadium,Bangalore,17,5,2015,2015,male,Royal Challengers Bangalore,field,Unknown,Unknown,,no result,,,55,Unknown,187,0,120,120,2.0,0.0,7.0,7.0,54,2.0,43.0,0.0,0.0,0.0,9.35,1.7142857142857142,9.0,0.3333333333333333,0,0,1,1.3592942912725565,1.0,1.0,0.4117647058823529,0.5041322314049587,119,121
829815,2015-05-17,Indian Premier League,Sunrisers Hyderabad,Mumbai Indians,"Rajiv Gandhi International Stadium, Uppal",Hyderabad,17,5,2015,2015,male,Sunrisers Hyderabad,bat,MJ McClenaghan,Mumbai Indians,9 wickets,,,,56,Unknown,113,0,120,120,114.0,0.0,83.0,83.0,29,38.0,28.0,0.0,3.0,0.0,5.65,8.240963855421686,4.833333333333333,6.333333333333333,0,1,0,1.2830058600482592,1.0,1.0,0.5111111111111111,0.5725806451612904,45,124
829817,2015-05-19,Indian Premier League,Mumbai Indians,Chennai Super Kings,Wankhede Stadium,Mumbai,19,5,2015,2015,male,Mumbai Indians,bat,KA Pollard,Mumbai Indians,25 runs,,,,Unknown,Qualifier 1,187,0,120,120,162.0,0.0,114.0,114.0,48,54.0,48.0,33.0,0.0,2.0,9.35,8.526315789473685,8.0,9.0,1,1,0,1.3306236143482462,1.0,1.0,0.576,0.6124031007751938,125,129
829819,2015-05-20,Indian Premier League,Royal Challengers Bangalore,Rajasthan Royals,Maharashtra Cricket Association Stadium,Pune,20,5,2015,2015,male,Royal Challengers Bangalore,bat,AB de Villiers,Royal Challengers Bangalore,71 runs,,,,Unknown,Eliminator,180,0,120,120,109.0,0.0,114.0,114.0,41,40.0,56.0,14.0,1.0,2.0,9.0,5.7368421052631575,6.833333333333333,6.666666666666667,1,1,0,1.3235738571968265,1.0,1.0,0.5081967213114754,0.5254237288135594,122,118
829821,2015-05-22,Indian Premier League,Royal Challengers Bangalore,Chennai Super Kings,JSCA International Stadium Complex,Ranchi,22,5,2015,2015,male,Chennai Super Kings,field,A Nehra,Chennai Super Kings,3 wickets,,,,Unknown,Qualifier 2,139,0,120,120,140.0,0.0,119.0,119.0,29,34.0,36.0,34.0,2.0,1.0,6.95,7.058823529411765,4.833333333333333,5.666666666666667,0,0,1,1.2304009575104728,1.0,1.0,0.5040650406504065,0.6153846153846154,123,130
829823,2015-05-24,Indian Premier League,Mumbai Indians,Chennai Super Kings,Eden Gardens,Kolkata,24,5,2015,2015,male,Chennai Super Kings,field,RG Sharma,Mumbai Indians,41 runs,,,,Unknown,Final,202,0,120,120,161.0,0.0,120.0,120.0,61,31.0,52.0,36.0,1.0,1.0,10.1,8.05,10.166666666666666,5.166666666666667,1,0,1,1.3152101400933955,1.0,1.0,0.5793650793650794,0.6106870229007634,126,131
980901,2016-04-09,Indian Premier League,Mumbai Indians,Rising Pune Supergiants,Wankhede Stadium,Mumbai,9,4,2016,2016,male,Mumbai Indians,bat,AM Rahane,Rising Pune Supergiants,9 wickets,,,,1,Unknown,121,0,120,120,126.0,0.0,88.0,88.0,37,57.0,46.0,0.0,4.0,0.0,6.05,8.590909090909092,6.166666666666667,9.5,0,1,0,1.3306236143482462,1.0,0.5,0.5748031496062992,1.0,127,1
980903,2016-04-10,Indian Premier League,Delhi Daredevils,Kolkata Knight Riders,Eden Gardens,Kolkata,10,4,2016,2016,male,Kolkata Knight Riders,field,AD Russell,Kolkata Knight Riders,9 wickets,,,,2,Unknown,98,0,106,106,99.0,0.0,85.0,85.0,35,47.0,6.0,0.0,4.0,0.0,5.547169811320754,6.988235294117647,5.833333333333333,7.833333333333333,0,0,1,1.3152101400933955,1.0,1.0,0.4083333333333333,0.5338983050847458,120,118
980905,2016-04-11,Indian Premier League,Kings XI Punjab,Gujarat Lions,"Punjab Cricket Association IS Bindra Stadium, Mohali",Chandigarh,11,4,2016,2016,male,Gujarat Lions,field,AJ Finch,Gujarat Lions,5 wickets,,,,3,Unknown,161,0,120,120,162.0,0.0,106.0,106.0,52,57.0,31.0,20.0,0.0,2.0,8.05,9.169811320754716,8.666666666666666,9.5,0,0,1,1.3772338772338772,1.0,0.5,0.4793388429752066,1.0,121,1
980907,2016-04-12,Indian Premier League,Royal Challengers Bangalore,Sunrisers Hyderabad,M Chinnaswamy Stadium,Bangalore,12,4,2016,2016,male,Sunrisers Hyderabad,field,AB de Villiers,Royal Challengers Bangalore,45 runs,,,,4,Unknown,227,0,120,120,182.0,0.0,120.0,120.0,49,56.0,63.0,35.0,1.0,1.0,11.35,9.1,8.166666666666666,9.333333333333334,1,0,1,1.3592942912725565,1.0,1.0,0.5080645161290323,0.5,124,46
980909,2016-04-13,Indian Premier League,Kolkata Knight Riders,Mumbai Indians,Eden Gardens,Kolkata,13,4,2016,2016,male,Mumbai Indians,field,RG Sharma,Mumbai Indians,6 wickets,,,,5,Unknown,187,0,120,120,188.0,0.0,115.0,115.0,40,53.0,36.0,31.0,1.0,1.0,9.35,9.808695652173913,6.666666666666667,8.833333333333334,0,0,1,1.3152101400933955,1.0,1.0,0.5294117647058824,0.578125,119,128
980911,2016-04-14,Indian Premier League,Rising Pune Supergiants,Gujarat Lions,Saurashtra Cricket Association Stadium,Rajkot,14,4,2016,2016,male,Rising Pune Supergiants,bat,AJ Finch,Gujarat Lions,7 wickets,,,,6,Unknown,163,0,120,120,164.0,0.0,108.0,108.0,57,62.0,29.0,17.0,1.0,0.0,8.15,9.11111111111111,9.5,10.333333333333334,0,1,0,1.3998320033599327,0.1,0.1,0.5,1.0,2,2
980913,2016-04-15,Indian Premier League,Kings XI Punjab,Delhi Daredevils,Feroz Shah Kotla,Delhi,15,4,2016,2016,male,Delhi Daredevils,field,A Mishra,Delhi Daredevils,8 wickets,,,,7,Unknown,111,0,120,120,113.0,0.0,81.0,81.0,37,28.0,26.0,0.0,1.0,1.0,5.55,8.37037037037037,6.166666666666667,4.666666666666667,0,0,1,1.3205017921146953,1.0,1.0,0.47540983606557374,0.4132231404958678,122,121
980915,2016-04-16,Indian Premier League,Sunrisers Hyderabad,Kolkata Knight Riders,"Rajiv Gandhi International Stadium, Uppal",Hyderabad,16,4,2016,2016,male,Sunrisers Hyderabad,bat,G Gambhir,Kolkata Knight Riders,8 wickets,,,,8,Unknown,142,0,120,120,146.0,0.0,110.0,110.0,36,36.0,37.0,23.0,3.0,0.0,7.1,7.963636363636364,6.0,6.0,0,1,0,1.2830058600482592,1.0,1.0,0.48936170212765956,0.5333333333333333,47,120
980917,2016-04-16,Indian Premier League,Mumbai Indians,Gujarat Lions,Wankhede Stadium,Mumbai,16,4,2016,2016,male,Gujarat Lions,field,AJ Finch,Gujarat Lions,3 wickets,,,,9,Unknown,143,0,120,120,147.0,0.0,120.0,120.0,31,42.0,55.0,38.0,2.0,1.0,7.15,7.35,5.166666666666667,7.0,0,0,1,1.3306236143482462,1.0,0.2,0.5736434108527132,1.0,129,3
980919,2016-04-17,Indian Premier League,Rising Pune Supergiants,Kings XI Punjab,"Punjab Cricket Association IS Bindra Stadium, Mohali",Chandigarh,17,4,2016,2016,male,Rising Pune Supergiants,bat,M Vohra,Kings XI Punjab,6 wickets,,,,10,Unknown,152,0,120,120,153.0,0.0,112.0,112.0,49,50.0,36.0,35.0,1.0,0.0,7.6,8.196428571428571,8.166666666666666,8.333333333333334,0,1,0,1.3772338772338772,0.1,1.0,0.3333333333333333,0.4796747967479675,3,123
980921,2016-04-17,Indian Premier League,Royal Challengers Bangalore,Delhi Daredevils,M Chinnaswamy Stadium,Bangalore,17,4,2016,2016,male,Delhi Daredevils,field,Q de Kock,Delhi Daredevils,7 wickets,,,,11,Unknown,191,0,120,120,192.0,0.0,115.0,115.0,63,51.0,27.0,34.0,1.0,2.0,9.55,10.017391304347825,10.5,8.5,0,0,1,1.3592942912725565,1.0,1.0,0.504,0.4180327868852459,125,122
980923,2016-04-18,Indian Premier League,Mumbai Indians,Sunrisers Hyderabad,"Rajiv Gandhi International Stadium, Uppal",Hyderabad,18,4,2016,2016,male,Sunrisers Hyderabad,field,DA Warner,Sunrisers Hyderabad,7 wickets,,,,12,Unknown,142,0,120,120,145.0,0.0,105.0,105.0,40,33.0,24.0,23.0,2.0,1.0,7.1,8.285714285714286,6.666666666666667,5.5,0,0,1,1.2830058600482592,1.0,1.0,0.5692307692307692,0.5,130,48
980925,2016-04-19,Indian Premier League,Kings XI Punjab,Kolkata Knight Riders,"Punjab Cricket Association IS Bindra Stadium, Mohali",Chandigarh,19,4,2016,2016,male,Kolkata Knight Riders,field,RV Uthappa,Kolkata Knight Riders,6 wickets,,,,13,Unknown,138,0,120,120,141.0,0.0,103.0,103.0,41,65.0,36.0,17.0,1.0,0.0,6.9,8.213592233009708,6.833333333333333,10.833333333333334,0,0,1,1.3772338772338772,1.0,1.0,0.47580645161290325,0.5371900826446281,124,121
980927,2016-04-20,Indian Premier League,Royal Challengers Bangalore,Mumbai Indians,Wankhede Stadium,Mumbai,20,4,2016,2016,male,Mumbai Indians,field,RG Sharma,Mumbai Indians,6 wickets,,,,14,Unknown,170,0,120,120,171.0,0.0,108.0,108.0,49,51.0,47.0,28.0,1.0,1.0,8.5,9.5,8.166666666666666,8.5,0,0,1,1.3306236143482462,1.0,1.0,0.5,0.5725190839694656,126,131
980929,2016-04-21,Indian Premier League,Gujarat Lions,Sunrisers Hyderabad,Saurashtra Cricket Association Stadium,Rajkot,21,4,2016,2016,male,Sunrisers Hyderabad,field,B Kumar,Sunrisers Hyderabad,10 wickets,,,,15,Unknown,135,0,120,120,137.0,0.0,89.0,89.0,50,63.0,22.0,0.0,1.0,0.0,6.75,9.235955056179774,8.333333333333334,10.5,0,0,1,1.3998320033599327,0.3,1.0,0.75,0.5102040816326531,4,49
980931,2016-04-22,Indian Premier League,Royal Challengers Bangalore,Rising Pune Supergiants,Maharashtra Cricket Association Stadium,Pune,22,4,2016,2016,male,Rising Pune Supergiants,field,AB de Villiers,Royal Challengers Bangalore,13 runs,,,,16,Unknown,185,0,120,120,172.0,0.0,120.0,120.0,48,36.0,48.0,51.0,1.0,3.0,9.25,8.6,8.0,6.0,1,0,1,1.3235738571968265,1.0,0.1,0.5039370078740157,0.25,127,4
980933,2016-04-23,Indian Premier League,Delhi Daredevils,Mumbai Indians,Feroz Shah Kotla,Delhi,23,4,2016,2016,male,Mumbai Indians,field,SV Samson,Delhi Daredevils,10 runs,,,,17,Unknown,164,0,120,120,154.0,0.0,120.0,120.0,41,52.0,46.0,36.0,1.0,1.0,8.2,7.7,6.833333333333333,8.666666666666666,1,0,1,1.3205017921146953,1.0,1.0,0.42276422764227645,0.5681818181818182,123,132
980935,2016-04-23,Indian Premier League,Kings XI Punjab,Sunrisers Hyderabad,"Rajiv Gandhi International Stadium, Uppal",Hyderabad,23,4,2016,2016,male,Sunrisers Hyderabad,field,Mustafizur Rahman,Sunrisers Hyderabad,5 wickets,,,,18,Unknown,143,0,120,120,146.0,0.0,107.0,107.0,35,65.0,38.0,17.0,2.0,0.0,7.15,8.186915887850468,5.833333333333333,10.833333333333334,0,0,1,1.2830058600482592,1.0,1.0,0.472,0.52,125,50
980937,2016-04-24,Indian Premier League,Royal Challengers Bangalore,Gujarat Lions,Saurashtra Cricket Association Stadium,Rajkot,24,4,2016,2016,male,Royal Challengers Bangalore,bat,V Kohli,Gujarat Lions,6 wickets,,,,19,Unknown,180,0,120,120,182.0,0.0,117.0,117.0,50,72.0,52.0,40.0,1.0,1.0,9.0,9.333333333333334,8.333333333333334,12.0,0,1,0,1.3998320033599327,1.0,0.3,0.5,0.8,128,5
980939,2016-04-24,Indian Premier League,Rising Pune Supergiants,Kolkata Knight Riders,Maharashtra Cricket Association Stadium,Pune,24,4,2016,2016,male,Kolkata Knight Riders,field,SA Yadav,Kolkata Knight Riders,2 wickets,,,,20,Unknown,160,0,120,120,162.0,1.0,117.0,117.0,31,59.0,52.0,43.0,1.0,2.0,8.0,8.307692307692308,5.166666666666667,9.833333333333334,0,0,1,1.3235738571968265,0.1,1.0,0.2,0.5409836065573771,5,122
980941,2016-04-25,Indian Premier League,Mumbai Indians,Kings XI Punjab,"Punjab Cricket Association IS Bindra Stadium, Mohali",Chandigarh,25,4,2016,2016,male,Kings XI Punjab,field,PA Patel,Mumbai Indians,25 runs,,,,21,Unknown,189,0,120,120,164.0,0.0,120.0,120.0,39,40.0,33.0,31.0,1.0,2.0,9.45,8.2,6.5,6.666666666666667,1,0,1,1.3772338772338772,1.0,1.0,0.5714285714285714,0.46825396825396826,133,126
980943,2016-04-26,Indian Premier League,Sunrisers Hyderabad,Rising Pune Supergiants,"Rajiv Gandhi International Stadium, Uppal",Hyderabad,26,4,2016,2016,male,Rising Pune Supergiants,field,AB Dinda,Rising Pune Supergiants,34 runs,,D/L,,22,Unknown,118,0,120,120,94.0,0.0,66.0,66.0,27,46.0,40.0,0.0,3.0,1.0,5.9,8.545454545454545,4.5,7.666666666666667,0,0,1,1.2830058600482592,1.0,0.1,0.5098039215686274,0.3333333333333333,51,6
980945,2016-04-27,Indian Premier League,Gujarat Lions,Delhi Daredevils,Feroz Shah Kotla,Delhi,27,4,2016,2016,male,Delhi Daredevils,field,CH Morris,Gujarat Lions,1 runs,,,,23,Unknown,172,0,120,120,171.0,0.0,120.0,120.0,71,22.0,38.0,48.0,0.0,3.0,8.6,8.55,11.833333333333334,3.6666666666666665,1,0,1,1.3205017921146953,0.4,1.0,0.8333333333333334,0.41935483870967744,6,124
980947,2016-04-28,Indian Premier League,Kolkata Knight Riders,Mumbai Indians,Wankhede Stadium,Mumbai,28,4,2016,2016,male,Mumbai Indians,field,RG Sharma,Mumbai Indians,6 wickets,,,,24,Unknown,174,0,120,120,178.0,0.0,108.0,108.0,59,64.0,44.0,29.0,0.0,1.0,8.7,9.88888888888889,9.833333333333334,10.666666666666666,0,0,1,1.3306236143482462,1.0,1.0,0.5365853658536586,0.5746268656716418,123,134
980949,2016-04-29,Indian Premier League,Rising Pune Supergiants,Gujarat Lions,Maharashtra Cricket Association Stadium,Pune,29,4,2016,2016,male,Gujarat Lions,field,DR Smith,Gujarat Lions,3 wickets,,,,25,Unknown,195,0,120,120,196.0,0.0,120.0,120.0,48,72.0,51.0,35.0,1.0,0.0,9.75,9.8,8.0,12.0,0,0,1,1.3235738571968265,0.2,0.5,0.2857142857142857,0.8571428571428571,7,7
980951,2016-04-30,Indian Premier League,Delhi Daredevils,Kolkata Knight Riders,Feroz Shah Kotla,Delhi,30,4,2016,2016,male,Kolkata Knight Riders,field,CR Brathwaite,Delhi Daredevils,27 runs,,,,26,Unknown,186,0,120,120,159.0,0.0,111.0,111.0,37,43.0,55.0,23.0,3.0,2.0,9.3,8.594594594594595,6.166666666666667,7.166666666666667,1,0,1,1.3205017921146953,1.0,1.0,0.424,0.532258064516129,125,124
980953,2016-04-30,Indian Premier League,Sunrisers Hyderabad,Royal Challengers Bangalore,"Rajiv Gandhi International Stadium, Uppal",Hyderabad,30,4,2016,2016,male,Royal Challengers Bangalore,field,DA Warner,Sunrisers Hyderabad,15 runs,,,,27,Unknown,194,0,120,120,179.0,0.0,120.0,120.0,49,45.0,41.0,37.0,1.0,1.0,9.7,8.95,8.166666666666666,7.5,1,0,1,1.2830058600482592,1.0,1.0,0.5192307692307693,0.49612403100775193,52,129
980955,2016-05-01,Indian Premier League,Kings XI Punjab,Gujarat Lions,Saurashtra Cricket Association Stadium,Rajkot,1,5,2016,2016,male,Gujarat Lions,field,AR Patel,Kings XI Punjab,23 runs,,,,28,Unknown,154,0,119,119,131.0,0.0,120.0,120.0,59,36.0,31.0,32.0,0.0,2.0,7.764705882352942,6.55,9.833333333333334,6.0,1,0,1,1.3998320033599327,1.0,0.6,0.47244094488188976,0.75,127,8
980957,2016-05-01,Indian Premier League,Rising Pune Supergiants,Mumbai Indians,Maharashtra Cricket Association Stadium,Pune,1,5,2016,2016,male,Mumbai Indians,field,RG Sharma,Mumbai Indians,8 wickets,,,,29,Unknown,159,0,120,120,161.0,0.0,111.0,111.0,54,47.0,35.0,34.0,1.0,1.0,7.95,8.702702702702704,9.0,7.833333333333333,0,0,1,1.3235738571968265,0.2,1.0,0.25,0.5777777777777777,8,135
980959,2016-05-02,Indian Premier League,Royal Challengers Bangalore,Kolkata Knight Riders,M Chinnaswamy Stadium,Bangalore,2,5,2016,2016,male,Kolkata Knight Riders,field,AD Russell,Kolkata Knight Riders,5 wickets,,,,30,Unknown,185,0,120,120,189.0,0.0,115.0,115.0,40,37.0,60.0,50.0,1.0,2.0,9.25,9.86086956521739,6.666666666666667,6.166666666666667,0,0,1,1.3592942912725565,1.0,1.0,0.49230769230769234,0.536,130,125
980961,2016-05-03,Indian Premier League,Gujarat Lions,Delhi Daredevils,Saurashtra Cricket Association Stadium,Rajkot,3,5,2016,2016,male,Delhi Daredevils,field,RR Pant,Delhi Daredevils,8 wickets,,,,31,Unknown,149,0,120,120,150.0,0.0,104.0,104.0,35,61.0,39.0,20.0,3.0,0.0,7.45,8.653846153846155,5.833333333333333,10.166666666666666,0,0,1,1.3998320033599327,0.6,1.0,0.6666666666666666,0.42857142857142855,9,126
980963,2016-05-04,Indian Premier League,Kolkata Knight Riders,Kings XI Punjab,Eden Gardens,Kolkata,4,5,2016,2016,male,Kings XI Punjab,field,AD Russell,Kolkata Knight Riders,7 runs,,,,32,Unknown,164,0,120,120,157.0,0.0,120.0,120.0,40,37.0,36.0,35.0,0.0,3.0,8.2,7.85,6.666666666666667,6.166666666666667,1,0,1,1.3152101400933955,1.0,1.0,0.5396825396825397,0.46875,126,128
980965,2016-05-05,Indian Premier League,Delhi Daredevils,Rising Pune Supergiants,Feroz Shah Kotla,Delhi,5,5,2016,2016,male,Rising Pune Supergiants,field,AM Rahane,Rising Pune Supergiants,7 wickets,,,,33,Unknown,162,0,120,120,166.0,0.0,115.0,115.0,48,50.0,32.0,46.0,2.0,0.0,8.1,8.660869565217391,8.0,8.333333333333334,0,0,1,1.3205017921146953,1.0,0.2,0.4251968503937008,0.3333333333333333,127,9
980967,2016-05-06,Indian Premier League,Gujarat Lions,Sunrisers Hyderabad,"Rajiv Gandhi International Stadium, Uppal",Hyderabad,6,5,2016,2016,male,Sunrisers Hyderabad,field,B Kumar,Sunrisers Hyderabad,5 wickets,,,,34,Unknown,126,0,120,120,129.0,0.0,114.0,114.0,26,38.0,33.0,31.0,3.0,2.0,6.3,6.7894736842105265,4.333333333333333,6.333333333333333,0,0,1,1.2830058600482592,0.6,1.0,0.6,0.5283018867924528,10,53
980969,2016-05-07,Indian Premier League,Rising Pune Supergiants,Royal Challengers Bangalore,M Chinnaswamy Stadium,Bangalore,7,5,2016,2016,male,Royal Challengers Bangalore,field,V Kohli,Royal Challengers Bangalore,7 wickets,,,,35,Unknown,191,0,120,120,195.0,0.0,117.0,117.0,60,46.0,45.0,50.0,1.0,0.0,9.55,10.0,10.0,7.666666666666667,0,0,1,1.3592942912725565,0.3,1.0,0.3,0.4961832061068702,10,131
980971,2016-05-07,Indian Premier League,Kings XI Punjab,Delhi Daredevils,"Punjab Cricket Association IS Bindra Stadium, Mohali",Chandigarh,7,5,2016,2016,male,Delhi Daredevils,field,MP Stoinis,Kings XI Punjab,9 runs,,,,36,Unknown,181,0,120,120,172.0,0.0,120.0,120.0,45,51.0,46.0,34.0,1.0,0.0,9.05,8.6,7.5,8.5,1,0,1,1.3772338772338772,1.0,1.0,0.4728682170542636,0.421875,129,128
980973,2016-05-08,Indian Premier League,Sunrisers Hyderabad,Mumbai Indians,Dr. Y.S. Rajasekhara Reddy ACA-VDCA Cricket Stadium,Visakhapatnam,8,5,2016,2016,male,Mumbai Indians,field,A Nehra,Sunrisers Hyderabad,85 runs,,,,37,Unknown,177,0,120,120,92.0,0.0,99.0,99.0,51,32.0,47.0,0.0,0.0,5.0,8.85,5.575757575757576,8.5,5.333333333333333,1,0,1,1.2334540665130063,1.0,1.0,0.5370370370370371,0.5735294117647058,54,136
980975,2016-05-08,Indian Premier League,Kolkata Knight Riders,Gujarat Lions,Eden Gardens,Kolkata,8,5,2016,2016,male,Gujarat Lions,field,P Kumar,Gujarat Lions,5 wickets,,,,38,Unknown,158,0,120,120,164.0,0.0,108.0,108.0,28,46.0,50.0,13.0,4.0,1.0,7.9,9.11111111111111,4.666666666666667,7.666666666666667,0,0,1,1.3152101400933955,1.0,0.6,0.5354330708661418,0.6363636363636364,127,11
980977,2016-05-09,Indian Premier League,Royal Challengers Bangalore,Kings XI Punjab,"Punjab Cricket Association IS Bindra Stadium, Mohali",Chandigarh,9,5,2016,2016,male,Kings XI Punjab,field,SR Watson,Royal Challengers Bangalore,1 runs,,,,39,Unknown,175,0,120,120,174.0,0.0,120.0,120.0,56,50.0,46.0,38.0,0.0,1.0,8.75,8.7,9.333333333333334,8.333333333333334,1,0,1,1.3772338772338772,1.0,1.0,0.5,0.46923076923076923,132,130
980979,2016-05-10,Indian Premier League,Sunrisers Hyderabad,Rising Pune Supergiants,Dr. Y.S. Rajasekhara Reddy ACA-VDCA Cricket Stadium,Visakhapatnam,10,5,2016,2016,male,Sunrisers Hyderabad,bat,A Zampa,Sunrisers Hyderabad,4 runs,,,,40,Unknown,137,0,120,120,133.0,0.0,120.0,120.0,34,25.0,38.0,37.0,1.0,2.0,6.85,6.65,5.666666666666667,4.166666666666667,1,1,0,1.2334540665130063,1.0,0.3,0.5454545454545454,0.2727272727272727,55,11
980981,2016-05-11,Indian Premier League,Royal Challengers Bangalore,Mumbai Indians,M Chinnaswamy Stadium,Bangalore,11,5,2016,2016,male,Mumbai Indians,field,KH Pandya,Mumbai Indians,6 wickets,,,,41,Unknown,151,0,120,120,153.0,0.0,112.0,112.0,25,39.0,50.0,45.0,2.0,1.0,7.55,8.196428571428571,4.166666666666667,6.5,0,0,1,1.3592942912725565,1.0,1.0,0.49624060150375937,0.5766423357664233,133,137
980983,2016-05-12,Indian Premier League,Sunrisers Hyderabad,Delhi Daredevils,"Rajiv Gandhi International Stadium, Uppal",Hyderabad,12,5,2016,2016,male,Delhi Daredevils,field,CH Morris,Delhi Daredevils,7 wickets,,,,42,Unknown,146,0,120,120,150.0,0.0,109.0,109.0,51,50.0,28.0,33.0,0.0,1.0,7.3,8.256880733944953,8.5,8.333333333333334,0,0,1,1.2830058600482592,1.0,1.0,0.5357142857142857,0.4263565891472868,56,129
980985,2016-05-13,Indian Premier League,Mumbai Indians,Kings XI Punjab,Dr. Y.S. Rajasekhara Reddy ACA-VDCA Cricket Stadium,Visakhapatnam,13,5,2016,2016,male,Mumbai Indians,bat,MP Stoinis,Kings XI Punjab,7 wickets,,,,43,Unknown,124,0,120,120,127.0,0.0,102.0,102.0,21,32.0,27.0,8.0,2.0,1.0,6.2,7.470588235294118,3.5,5.333333333333333,0,1,0,1.2334540665130063,1.0,1.0,0.572463768115942,0.4732824427480916,138,131
980987,2016-05-14,Indian Premier League,Royal Challengers Bangalore,Gujarat Lions,M Chinnaswamy Stadium,Bangalore,14,5,2016,2016,male,Gujarat Lions,field,AB de Villiers,Royal Challengers Bangalore,144 runs,,,,44,Unknown,248,0,120,120,104.0,0.0,112.0,112.0,42,41.0,89.0,9.0,1.0,2.0,12.4,5.571428571428571,7.0,6.833333333333333,1,0,1,1.3592942912725565,1.0,0.7,0.5,0.5833333333333334,134,12
980989,2016-05-14,Indian Premier League,Rising Pune Supergiants,Kolkata Knight Riders,Eden Gardens,Kolkata,14,5,2016,2016,male,Rising Pune Supergiants,bat,YK Pathan,Kolkata Knight Riders,8 wickets,,D/L,,45,Unknown,103,0,106,106,66.0,0.0,30.0,30.0,37,66.0,7.0,0.0,2.0,2.0,5.830188679245283,13.2,6.166666666666667,11.0,0,1,0,1.3152101400933955,0.3,1.0,0.25,0.5390625,12,128
980991,2016-05-15,Indian Premier League,Kings XI Punjab,Sunrisers Hyderabad,"Punjab Cricket Association IS Bindra Stadium, Mohali",Chandigarh,15,5,2016,2016,male,Kings XI Punjab,bat,HM Amla,Sunrisers Hyderabad,7 wickets,,,,46,Unknown,179,0,120,120,180.0,0.0,118.0,118.0,47,55.0,45.0,41.0,1.0,0.0,8.95,9.152542372881355,7.833333333333333,9.166666666666666,0,1,0,1.3772338772338772,1.0,1.0,0.4696969696969697,0.543859649122807,132,57
980993,2016-05-15,Indian Premier League,Mumbai Indians,Delhi Daredevils,Dr. Y.S. Rajasekhara Reddy ACA-VDCA Cricket Stadium,Visakhapatnam,15,5,2016,2016,male,Delhi Daredevils,field,KH Pandya,Mumbai Indians,80 runs,,,,47,Unknown,206,0,120,120,126.0,0.0,115.0,115.0,45,49.0,45.0,15.0,0.0,2.0,10.3,6.57391304347826,7.5,8.166666666666666,1,0,1,1.2334540665130063,1.0,1.0,0.5755395683453237,0.4230769230769231,139,130
980995,2016-05-16,Indian Premier League,Kolkata Knight Riders,Royal Challengers Bangalore,Eden Gardens,Kolkata,16,5,2016,2016,male,Royal Challengers Bangalore,field,V Kohli,Royal Challengers Bangalore,9 wickets,,,,48,Unknown,183,0,120,120,186.0,0.0,112.0,112.0,51,63.0,46.0,42.0,1.0,0.0,9.15,9.964285714285714,8.5,10.5,0,0,1,1.3152101400933955,1.0,1.0,0.5348837209302325,0.5037037037037037,129,135
980997,2016-05-17,Indian Premier League,Delhi Daredevils,Rising Pune Supergiants,Dr. Y.S. Rajasekhara Reddy ACA-VDCA Cricket Stadium,Visakhapatnam,17,5,2016,2016,male,Rising Pune Supergiants,field,AB Dinda,Rising Pune Supergiants,19 runs,,D/L,,49,Unknown,121,0,120,120,76.0,0.0,66.0,66.0,28,44.0,44.0,0.0,2.0,1.0,6.05,6.909090909090909,4.666666666666667,7.333333333333333,0,0,1,1.2334540665130063,1.0,0.3,0.4198473282442748,0.3076923076923077,131,13
980999,2016-05-18,Indian Premier League,Royal Challengers Bangalore,Kings XI Punjab,M Chinnaswamy Stadium,Bangalore,18,5,2016,2016,male,Kings XI Punjab,field,V Kohli,Royal Challengers Bangalore,82 runs,,D/L,,50,Unknown,211,0,90,90,120.0,0.0,84.0,84.0,63,59.0,0.0,0.0,0.0,4.0,14.066666666666666,8.571428571428571,10.5,9.833333333333334,1,0,1,1.3592942912725565,1.0,1.0,0.5073529411764706,0.46616541353383456,136,133
981001,2016-05-19,Indian Premier League,Kolkata Knight Riders,Gujarat Lions,Green Park,Kanpur,19,5,2016,2016,male,Gujarat Lions,field,DR Smith,Gujarat Lions,6 wickets,,,,51,Unknown,124,0,120,120,125.0,1.0,81.0,81.0,44,55.0,31.0,0.0,2.0,3.0,6.2,9.25925925925926,7.333333333333333,9.166666666666666,0,0,1,1.4093376764386536,1.0,0.7,0.5307692307692308,0.6153846153846154,130,13
981003,2016-05-20,Indian Premier League,Sunrisers Hyderabad,Delhi Daredevils,Shaheed Veer Narayan Singh International Stadium,Raipur,20,5,2016,2016,male,Delhi Daredevils,field,KK Nair,Delhi Daredevils,6 wickets,,,,52,Unknown,158,0,120,120,161.0,0.0,120.0,120.0,46,37.0,38.0,44.0,1.0,1.0,7.9,8.05,7.666666666666667,6.166666666666667,0,0,1,1.2166317260656883,1.0,1.0,0.5344827586206896,0.42424242424242425,58,132
981005,2016-05-21,Indian Premier League,Kings XI Punjab,Rising Pune Supergiants,Dr. Y.S. Rajasekhara Reddy ACA-VDCA Cricket Stadium,Visakhapatnam,21,5,2016,2016,male,Kings XI Punjab,bat,MS Dhoni,Rising Pune Supergiants,4 wickets,,,,53,Unknown,172,0,120,120,173.0,0.0,120.0,120.0,52,44.0,48.0,54.0,0.0,1.0,8.6,8.65,8.666666666666666,7.333333333333333,0,1,0,1.2334540665130063,1.0,0.4,0.4626865671641791,0.35714285714285715,134,14
981007,2016-05-21,Indian Premier League,Mumbai Indians,Gujarat Lions,Green Park,Kanpur,21,5,2016,2016,male,Gujarat Lions,field,SK Raina,Gujarat Lions,6 wickets,,,,54,Unknown,172,0,120,120,173.0,0.0,107.0,107.0,49,70.0,27.0,16.0,3.0,1.0,8.6,9.700934579439252,8.166666666666666,11.666666666666666,0,0,1,1.4093376764386536,1.0,0.8,0.5714285714285714,0.6428571428571429,140,14
981009,2016-05-22,Indian Premier League,Kolkata Knight Riders,Sunrisers Hyderabad,Eden Gardens,Kolkata,22,5,2016,2016,male,Sunrisers Hyderabad,field,YK Pathan,Kolkata Knight Riders,22 runs,,,,55,Unknown,171,0,120,120,149.0,0.0,120.0,120.0,48,48.0,25.0,29.0,2.0,1.0,8.55,7.45,8.0,8.0,1,0,1,1.3152101400933955,1.0,1.0,0.5343511450381679,0.5254237288135594,131,59
981011,2016-05-22,Indian Premier League,Delhi Daredevils,Royal Challengers Bangalore,Shaheed Veer Narayan Singh International Stadium,Raipur,22,5,2016,2016,male,Royal Challengers Bangalore,field,V Kohli,Royal Challengers Bangalore,6 wickets,,,,56,Unknown,138,0,120,120,139.0,0.0,109.0,109.0,43,49.0,31.0,20.0,2.0,2.0,6.9,7.651376146788991,7.166666666666667,8.166666666666666,0,0,1,1.2166317260656883,1.0,1.0,0.42105263157894735,0.5109489051094891,133,137
981013,2016-05-24,Indian Premier League,Gujarat Lions,Royal Challengers Bangalore,M Chinnaswamy Stadium,Bangalore,24,5,2016,2016,male,Royal Challengers Bangalore,field,AB de Villiers,Royal Challengers Bangalore,4 wickets,,,,Unknown,Qualifier 1,158,0,120,120,159.0,0.0,110.0,110.0,23,31.0,50.0,33.0,3.0,5.0,7.9,8.672727272727274,3.8333333333333335,5.166666666666667,0,0,1,1.3592942912725565,0.9,1.0,0.6,0.5144927536231884,15,138
981015,2016-05-25,Indian Premier League,Sunrisers Hyderabad,Kolkata Knight Riders,Feroz Shah Kotla,Delhi,25,5,2016,2016,male,Kolkata Knight Riders,field,MC Henriques,Sunrisers Hyderabad,22 runs,,,,Unknown,Elimination Final,162,0,120,120,140.0,0.0,120.0,120.0,43,46.0,38.0,24.0,1.0,1.0,8.1,7.0,7.166666666666667,7.666666666666667,1,0,1,1.3205017921146953,1.0,1.0,0.5333333333333333,0.5303030303030303,60,132
981017,2016-05-27,Indian Premier League,Gujarat Lions,Sunrisers Hyderabad,Feroz Shah Kotla,Delhi,27,5,2016,2016,male,Sunrisers Hyderabad,field,DA Warner,Sunrisers Hyderabad,4 wickets,,,,Unknown,Qualifier 2,162,0,120,120,163.0,0.0,116.0,116.0,38,46.0,42.0,45.0,2.0,2.0,8.1,8.431034482758621,6.333333333333333,7.666666666666667,0,0,1,1.3205017921146953,0.9,1.0,0.5625,0.5409836065573771,16,61
981019,2016-05-29,Indian Premier League,Sunrisers Hyderabad,Royal Challengers Bangalore,M Chinnaswamy Stadium,Bangalore,29,5,2016,2016,male,Sunrisers Hyderabad,bat,BCJ Cutting,Sunrisers Hyderabad,8 runs,,,,Unknown,Final,208,0,120,120,200.0,0.0,120.0,120.0,59,59.0,61.0,38.0,0.0,0.0,10.4,10.0,9.833333333333334,9.833333333333334,1,1,0,1.3592942912725565,1.0,1.0,0.5483870967741935,0.5107913669064749,62,139
1082591,2017-04-05,Indian Premier League,Sunrisers Hyderabad,Royal Challengers Bangalore,"Rajiv Gandhi International Stadium, Uppal",Hyderabad,5,4,2017,2017,male,Royal Challengers Bangalore,field,Yuvraj Singh,Sunrisers Hyderabad,35 runs,,,,1,Unknown,207,0,120,120,172.0,0.0,118.0,118.0,59,54.0,52.0,21.0,1.0,1.0,10.35,8.745762711864407,9.833333333333334,9.0,1,0,1,1.2830058600482592,1.0,1.0,0.5555555555555556,0.5071428571428571,63,140
1082592,2017-04-06,Indian Premier League,Mumbai Indians,Rising Pune Supergiant,Maharashtra Cricket Association Stadium,Pune,6,4,2017,2017,male,Rising Pune Supergiant,field,SPD Smith,Rising Pune Supergiant,7 wickets,,,,2,Unknown,184,0,120,120,187.0,0.0,119.0,119.0,61,59.0,57.0,39.0,1.0,1.0,9.2,9.428571428571429,10.166666666666666,9.833333333333334,0,0,1,1.3235738571968265,1.0,0.5,0.5673758865248227,1.0,141,1
1082593,2017-04-07,Indian Premier League,Gujarat Lions,Kolkata Knight Riders,Saurashtra Cricket Association Stadium,Rajkot,7,4,2017,2017,male,Kolkata Knight Riders,field,CA Lynn,Kolkata Knight Riders,10 wickets,,,,3,Unknown,183,0,120,120,184.0,0.0,89.0,89.0,52,73.0,53.0,0.0,1.0,0.0,9.15,12.404494382022472,8.666666666666666,12.166666666666666,0,0,1,1.3998320033599327,0.9,1.0,0.5294117647058824,0.5338345864661654,17,133
1082594,2017-04-08,Indian Premier League,Rising Pune Supergiant,Kings XI Punjab,Holkar Cricket Stadium,Indore,8,4,2017,2017,male,Kings XI Punjab,field,GJ Maxwell,Kings XI Punjab,6 wickets,,,,4,Unknown,163,0,120,120,164.0,0.0,114.0,114.0,35,56.0,40.0,21.0,1.0,2.0,8.15,8.631578947368421,5.833333333333333,9.333333333333334,0,0,1,1.4615776081424936,0.1,1.0,0.5,0.4666666666666667,2,135
1082595,2017-04-08,Indian Premier League,Royal Challengers Bangalore,Delhi Daredevils,M.Chinnaswamy Stadium,Bengaluru,8,4,2017,2017,male,Royal Challengers Bangalore,bat,KM Jadhav,Royal Challengers Bangalore,15 runs,,,,5,Unknown,157,0,120,120,142.0,0.0,120.0,120.0,41,43.0,23.0,21.0,2.0,2.0,7.85,7.1,6.833333333333333,7.166666666666667,1,1,0,1.4673726388093875,1.0,1.0,0.5106382978723404,0.417910447761194,141,134
1082596,2017-04-09,Indian Premier League,Gujarat Lions,Sunrisers Hyderabad,"Rajiv Gandhi International Stadium, Uppal",Hyderabad,9,4,2017,2017,male,Sunrisers Hyderabad,field,Rashid Khan,Sunrisers Hyderabad,9 wickets,,,,6,Unknown,135,0,120,120,140.0,0.0,93.0,93.0,40,59.0,25.0,0.0,2.0,1.0,6.75,9.03225806451613,6.666666666666667,9.833333333333334,0,0,1,1.2830058600482592,0.9,1.0,0.5,0.5625,18,64
1082597,2017-04-09,Indian Premier League,Kolkata Knight Riders,Mumbai Indians,Wankhede Stadium,Mumbai,9,4,2017,2017,male,Mumbai Indians,field,N Rana,Mumbai Indians,4 wickets,,,,7,Unknown,178,0,120,120,180.0,0.0,119.0,119.0,59,49.0,47.0,61.0,2.0,0.0,8.9,9.07563025210084,9.833333333333334,8.166666666666666,0,0,1,1.3306236143482462,1.0,1.0,0.5298507462686567,0.5704225352112676,134,142
1082598,2017-04-10,Indian Premier League,Royal Challengers Bangalore,Kings XI Punjab,Holkar Cricket Stadium,Indore,10,4,2017,2017,male,Royal Challengers Bangalore,bat,AR Patel,Kings XI Punjab,8 wickets,,,,8,Unknown,148,0,120,120,150.0,0.0,87.0,87.0,23,62.0,68.0,0.0,3.0,1.0,7.4,10.344827586206897,3.8333333333333335,10.333333333333334,0,1,0,1.4615776081424936,1.0,1.0,0.5070422535211268,0.47058823529411764,142,136
1082599,2017-04-11,Indian Premier League,Delhi Daredevils,Rising Pune Supergiant,Maharashtra Cricket Association Stadium,Pune,11,4,2017,2017,male,Rising Pune Supergiant,field,SV Samson,Delhi Daredevils,97 runs,,,,9,Unknown,205,0,120,120,108.0,0.0,97.0,97.0,62,50.0,76.0,0.0,1.0,3.0,10.25,6.68041237113402,10.333333333333334,8.333333333333334,1,0,1,1.3235738571968265,1.0,0.1,0.4222222222222222,0.3333333333333333,135,3
1082600,2017-04-12,Indian Premier League,Sunrisers Hyderabad,Mumbai Indians,Wankhede Stadium,Mumbai,12,4,2017,2017,male,Mumbai Indians,field,JJ Bumrah,Mumbai Indians,4 wickets,,,,10,Unknown,158,0,120,120,159.0,0.0,112.0,112.0,34,61.0,32.0,25.0,0.0,2.0,7.9,8.517857142857142,5.666666666666667,10.166666666666666,0,0,1,1.3306236143482462,1.0,1.0,0.5538461538461539,0.5734265734265734,65,143
1082601,2017-04-13,Indian Premier League,Kings XI Punjab,Kolkata Knight Riders,Eden Gardens,Kolkata,13,4,2017,2017,male,Kolkata Knight Riders,field,SP Narine,Kolkata Knight Riders,8 wickets,,,,11,Unknown,170,0,120,120,171.0,0.0,99.0,99.0,57,76.0,32.0,7.0,1.0,1.0,8.5,10.363636363636363,9.5,12.666666666666666,0,0,1,1.3152101400933955,1.0,1.0,0.46715328467153283,0.5333333333333333,137,135
1082602,2017-04-14,Indian Premier League,Royal Challengers Bangalore,Mumbai Indians,M Chinnaswamy Stadium,Bangalore,14,4,2017,2017,male,Mumbai Indians,field,KA Pollard,Mumbai Indians,4 wickets,,,,12,Unknown,142,0,120,120,145.0,0.0,113.0,113.0,41,21.0,28.0,35.0,0.0,4.0,7.1,7.6991150442477885,6.833333333333333,3.5,0,0,1,1.3592942912725565,1.0,1.0,0.5034965034965035,0.5763888888888888,143,144
1082603,2017-04-14,Indian Premier League,Rising Pune Supergiant,Gujarat Lions,Saurashtra Cricket Association Stadium,Rajkot,14,4,2017,2017,male,Gujarat Lions,field,AJ Tye,Gujarat Lions,7 wickets,,,,13,Unknown,171,0,120,120,172.0,0.0,108.0,108.0,64,61.0,36.0,26.0,2.0,0.0,8.55,9.555555555555555,10.666666666666666,10.166666666666666,0,0,1,1.3998320033599327,0.1,0.9,0.25,0.5263157894736842,4,19
1082604,2017-04-15,Indian Premier League,Kolkata Knight Riders,Sunrisers Hyderabad,Eden Gardens,Kolkata,15,4,2017,2017,male,Sunrisers Hyderabad,field,RV Uthappa,Kolkata Knight Riders,17 runs,,,,14,Unknown,172,0,120,120,155.0,0.0,120.0,120.0,40,45.0,36.0,39.0,2.0,0.0,8.6,7.75,6.666666666666667,7.5,1,0,1,1.3152101400933955,1.0,1.0,0.5367647058823529,0.5454545454545454,136,66
1082605,2017-04-15,Indian Premier League,Delhi Daredevils,Kings XI Punjab,Feroz Shah Kotla,Delhi,15,4,2017,2017,male,Delhi Daredevils,bat,CJ Anderson,Delhi Daredevils,51 runs,,,,15,Unknown,188,0,120,120,137.0,0.0,120.0,120.0,49,40.0,57.0,25.0,0.0,3.0,9.4,6.85,8.166666666666666,6.666666666666667,1,1,0,1.3205017921146953,1.0,1.0,0.4264705882352941,0.463768115942029,136,138
1082606,2017-04-16,Indian Premier League,Gujarat Lions,Mumbai Indians,Wankhede Stadium,Mumbai,16,4,2017,2017,male,Mumbai Indians,field,N Rana,Mumbai Indians,6 wickets,,,,16,Unknown,176,0,120,120,177.0,0.0,117.0,117.0,46,56.0,50.0,36.0,1.0,1.0,8.8,9.076923076923077,7.666666666666667,9.333333333333334,0,0,1,1.3306236143482462,1.0,1.0,0.5,0.5793103448275863,20,145
1082607,2017-04-16,Indian Premier League,Rising Pune Supergiant,Royal Challengers Bangalore,M Chinnaswamy Stadium,Bangalore,16,4,2017,2017,male,Royal Challengers Bangalore,field,BA Stokes,Rising Pune Supergiant,27 runs,,,,17,Unknown,161,0,120,120,134.0,0.0,120.0,120.0,55,42.0,34.0,32.0,0.0,2.0,8.05,6.7,9.166666666666666,7.0,1,0,1,1.3592942912725565,0.1,1.0,0.4,0.5,5,144
1082608,2017-04-17,Indian Premier League,Delhi Daredevils,Kolkata Knight Riders,Feroz Shah Kotla,Delhi,17,4,2017,2017,male,Delhi Daredevils,bat,NM Coulter-Nile,Kolkata Knight Riders,4 wickets,,,,18,Unknown,168,0,120,120,169.0,0.0,119.0,119.0,53,49.0,49.0,28.0,0.0,3.0,8.4,8.521008403361344,8.833333333333334,8.166666666666666,0,1,0,1.3205017921146953,1.0,1.0,0.4233576642335766,0.5401459854014599,137,137
1082609,2017-04-17,Indian Premier League,Sunrisers Hyderabad,Kings XI Punjab,"Rajiv Gandhi International Stadium, Uppal",Hyderabad,17,4,2017,2017,male,Kings XI Punjab,field,B Kumar,Sunrisers Hyderabad,5 runs,,,,19,Unknown,159,0,120,120,154.0,1.0,118.0,118.0,29,51.0,44.0,29.0,1.0,2.0,7.95,7.830508474576271,4.833333333333333,8.5,1,0,1,1.2830058600482592,1.0,1.0,0.5522388059701493,0.460431654676259,67,139
1082610,2017-04-18,Indian Premier League,Royal Challengers Bangalore,Gujarat Lions,Saurashtra Cricket Association Stadium,Rajkot,18,4,2017,2017,male,Gujarat Lions,field,CH Gayle,Royal Challengers Bangalore,21 runs,,,,20,Unknown,213,0,120,120,192.0,0.0,120.0,120.0,45,57.0,53.0,46.0,0.0,2.0,10.65,9.6,7.5,9.5,1,0,1,1.3998320033599327,1.0,1.0,0.503448275862069,0.47619047619047616,145,21
1082611,2017-04-19,Indian Premier League,Sunrisers Hyderabad,Delhi Daredevils,"Rajiv Gandhi International Stadium, Uppal",Hyderabad,19,4,2017,2017,male,Sunrisers Hyderabad,bat,KS Williamson,Sunrisers Hyderabad,15 runs,,,,21,Unknown,191,0,120,120,176.0,0.0,120.0,120.0,39,56.0,43.0,41.0,1.0,1.0,9.55,8.8,6.5,9.333333333333334,1,1,0,1.2830058600482592,1.0,1.0,0.5588235294117647,0.42028985507246375,68,138
1082612,2017-04-20,Indian Premier League,Kings XI Punjab,Mumbai Indians,Holkar Cricket Stadium,Indore,20,4,2017,2017,male,Mumbai Indians,field,JC Buttler,Mumbai Indians,8 wickets,,,,22,Unknown,198,0,120,120,199.0,0.0,93.0,93.0,46,82.0,37.0,0.0,1.0,1.0,9.9,12.838709677419354,7.666666666666667,13.666666666666666,0,0,1,1.4615776081424936,1.0,1.0,0.45714285714285713,0.5821917808219178,140,146
1082613,2017-04-21,Indian Premier League,Kolkata Knight Riders,Gujarat Lions,Eden Gardens,Kolkata,21,4,2017,2017,male,Gujarat Lions,field,SK Raina,Gujarat Lions,4 wickets,,,,23,Unknown,187,0,120,120,188.0,0.0,110.0,110.0,65,72.0,38.0,33.0,1.0,1.0,9.35,10.254545454545456,10.833333333333334,12.0,0,0,1,1.3152101400933955,1.0,1.0,0.5362318840579711,0.5,138,22
1082614,2017-04-22,Indian Premier League,Mumbai Indians,Delhi Daredevils,Wankhede Stadium,Mumbai,22,4,2017,2017,male,Delhi Daredevils,field,MJ McClenaghan,Mumbai Indians,14 runs,,,,25,Unknown,142,0,120,120,128.0,0.0,120.0,120.0,48,23.0,32.0,31.0,2.0,5.0,7.1,6.4,8.0,3.8333333333333335,1,0,1,1.3306236143482462,1.0,1.0,0.5850340136054422,0.4172661870503597,147,139
1082615,2017-04-22,Indian Premier League,Sunrisers Hyderabad,Rising Pune Supergiant,Maharashtra Cricket Association Stadium,Pune,22,4,2017,2017,male,Rising Pune Supergiant,field,MS Dhoni,Rising Pune Supergiant,6 wickets,,,,24,Unknown,176,0,120,120,179.0,0.0,120.0,120.0,45,55.0,54.0,58.0,0.0,1.0,8.8,8.95,7.5,9.166666666666666,0,0,1,1.3235738571968265,1.0,0.2,0.5507246376811594,0.5,69,6
1082616,2017-04-23,Indian Premier League,Kings XI Punjab,Gujarat Lions,Saurashtra Cricket Association Stadium,Rajkot,23,4,2017,2017,male,Gujarat Lions,field,HM Amla,Kings XI Punjab,26 runs,,,,26,Unknown,188,0,120,120,162.0,0.0,120.0,120.0,50,50.0,45.0,34.0,1.0,2.0,9.4,8.1,8.333333333333334,8.333333333333334,1,0,1,1.3998320033599327,1.0,1.0,0.46099290780141844,0.4782608695652174,141,23
1082617,2017-04-23,Indian Premier League,Kolkata Knight Riders,Royal Challengers Bangalore,Eden Gardens,Kolkata,23,4,2017,2017,male,Royal Challengers Bangalore,field,NM Coulter-Nile,Kolkata Knight Riders,82 runs,,,,27,Unknown,131,0,117,117,49.0,0.0,58.0,58.0,65,39.0,15.0,0.0,2.0,4.0,6.717948717948718,5.06896551724138,10.833333333333334,6.5,1,0,1,1.3152101400933955,1.0,1.0,0.539568345323741,0.5,139,146
1082618,2017-04-24,Indian Premier League,Rising Pune Supergiant,Mumbai Indians,Wankhede Stadium,Mumbai,24,4,2017,2017,male,Mumbai Indians,field,BA Stokes,Rising Pune Supergiant,3 runs,,,,28,Unknown,160,0,120,120,157.0,0.0,120.0,120.0,48,44.0,34.0,35.0,0.0,1.0,8.0,7.85,8.0,7.333333333333333,1,0,1,1.3306236143482462,0.3,1.0,0.5714285714285714,0.581081081081081,7,148
1082620,2017-04-26,Indian Premier League,Rising Pune Supergiant,Kolkata Knight Riders,Maharashtra Cricket Association Stadium,Pune,26,4,2017,2017,male,Kolkata Knight Riders,field,RV Uthappa,Kolkata Knight Riders,7 wickets,,,,30,Unknown,182,0,120,120,184.0,0.0,109.0,109.0,57,45.0,42.0,11.0,0.0,1.0,9.1,10.128440366972477,9.5,7.5,0,0,1,1.3235738571968265,0.4,1.0,0.5,0.5428571428571428,8,140
1082621,2017-04-27,Indian Premier League,Royal Challengers Bangalore,Gujarat Lions,M Chinnaswamy Stadium,Bangalore,27,4,2017,2017,male,Gujarat Lions,field,AJ Tye,Gujarat Lions,7 wickets,,,,31,Unknown,134,0,120,120,135.0,0.0,83.0,83.0,35,49.0,23.0,0.0,3.0,2.0,6.7,9.759036144578312,5.833333333333333,8.166666666666666,0,0,1,1.3592942912725565,1.0,1.0,0.4965986394557823,0.5,147,24
1082622,2017-04-28,Indian Premier League,Delhi Daredevils,Kolkata Knight Riders,Eden Gardens,Kolkata,28,4,2017,2017,male,Kolkata Knight Riders,field,G Gambhir,Kolkata Knight Riders,7 wickets,,,,32,Unknown,160,0,120,120,161.0,0.0,98.0,98.0,53,47.0,20.0,5.0,1.0,1.0,8.0,9.857142857142858,8.833333333333334,7.833333333333333,0,0,1,1.3152101400933955,1.0,1.0,0.4142857142857143,0.5460992907801419,140,141
1082623,2017-04-28,Indian Premier League,Sunrisers Hyderabad,Kings XI Punjab,"Punjab Cricket Association IS Bindra Stadium, Mohali",Chandigarh,28,4,2017,2017,male,Kings XI Punjab,field,Rashid Khan,Sunrisers Hyderabad,26 runs,,,,33,Unknown,207,0,120,120,181.0,0.0,120.0,120.0,60,59.0,47.0,35.0,0.0,3.0,10.35,9.05,10.0,9.833333333333334,1,0,1,1.3772338772338772,1.0,1.0,0.5571428571428572,0.45774647887323944,70,142
1082624,2017-04-29,Indian Premier League,Rising Pune Supergiant,Royal Challengers Bangalore,Maharashtra Cricket Association Stadium,Pune,29,4,2017,2017,male,Royal Challengers Bangalore,field,LH Ferguson,Rising Pune Supergiant,61 runs,,,,34,Unknown,157,0,120,120,96.0,0.0,120.0,120.0,43,39.0,42.0,22.0,1.0,2.0,7.85,4.8,7.166666666666667,6.5,1,0,1,1.3235738571968265,0.4,1.0,0.5555555555555556,0.49324324324324326,9,148
1082625,2017-04-29,Indian Premier League,Gujarat Lions,Mumbai Indians,Saurashtra Cricket Association Stadium,Rajkot,29,4,2017,2017,male,Gujarat Lions,bat,KH Pandya,Unknown,,tie,,Mumbai Indians,35,Unknown,153,0,120,120,153.0,0.0,120.0,120.0,48,61.0,51.0,30.0,3.0,1.0,7.65,7.65,8.0,10.166666666666666,0,1,0,1.3998320033599327,1.0,1.0,0.48,0.5838926174496645,25,149
1082626,2017-04-30,Indian Premier League,Delhi Daredevils,Kings XI Punjab,"Punjab Cricket Association IS Bindra Stadium, Mohali",Chandigarh,30,4,2017,2017,male,Kings XI Punjab,field,Sandeep Sharma,Kings XI Punjab,10 wickets,,,,36,Unknown,67,0,103,103,68.0,0.0,47.0,47.0,25,50.0,2.0,0.0,3.0,0.0,3.902912621359223,8.680851063829788,4.166666666666667,8.333333333333334,0,0,1,1.3772338772338772,1.0,1.0,0.41134751773049644,0.46153846153846156,141,143
1082627,2017-04-30,Indian Premier League,Sunrisers Hyderabad,Kolkata Knight Riders,"Rajiv Gandhi International Stadium, Uppal",Hyderabad,30,4,2017,2017,male,Kolkata Knight Riders,field,DA Warner,Sunrisers Hyderabad,48 runs,,,,37,Unknown,209,0,120,120,161.0,0.0,120.0,120.0,79,44.0,40.0,31.0,0.0,2.0,10.45,8.05,13.166666666666666,7.333333333333333,1,0,1,1.2830058600482592,1.0,1.0,0.5633802816901409,0.5422535211267606,71,142
1082629,2017-05-01,Indian Premier League,Gujarat Lions,Rising Pune Supergiant,Maharashtra Cricket Association Stadium,Pune,1,5,2017,2017,male,Rising Pune Supergiant,field,BA Stokes,Rising Pune Supergiant,5 wickets,,,,39,Unknown,161,0,119,119,167.0,0.0,119.0,119.0,55,43.0,21.0,49.0,1.0,4.0,8.11764705882353,8.420168067226891,9.166666666666666,7.166666666666667,0,0,1,1.3235738571968265,1.0,0.5,0.46153846153846156,0.6,26,10
1082628,2017-05-01,Indian Premier League,Royal Challengers Bangalore,Mumbai Indians,Wankhede Stadium,Mumbai,1,5,2017,2017,male,Royal Challengers Bangalore,bat,RG Sharma,Mumbai Indians,5 wickets,,,,38,Unknown,162,0,120,120,165.0,1.0,119.0,119.0,52,55.0,40.0,40.0,2.0,1.0,8.1,8.319327731092438,8.666666666666666,9.166666666666666,0,1,0,1.3306236143482462,1.0,1.0,0.4899328859060403,0.5866666666666667,149,150
1082630,2017-05-02,Indian Premier League,Sunrisers Hyderabad,Delhi Daredevils,Feroz Shah Kotla,Delhi,2,5,2017,2017,male,Delhi Daredevils,field,Mohammed Shami,Delhi Daredevils,6 wickets,,,,40,Unknown,185,0,120,120,189.0,0.0,115.0,115.0,66,62.0,59.0,41.0,1.0,1.0,9.25,9.86086956521739,11.0,10.333333333333334,0,0,1,1.3205017921146953,1.0,1.0,0.5555555555555556,0.4154929577464789,72,142
1082631,2017-05-03,Indian Premier League,Kolkata Knight Riders,Rising Pune Supergiant,Eden Gardens,Kolkata,3,5,2017,2017,male,Rising Pune Supergiant,field,RA Tripathi,Rising Pune Supergiant,4 wickets,,,,41,Unknown,155,0,120,120,158.0,0.0,116.0,116.0,41,74.0,36.0,19.0,3.0,2.0,7.75,8.172413793103448,6.833333333333333,12.333333333333334,0,0,1,1.3152101400933955,1.0,0.6,0.5384615384615384,0.6363636363636364,143,11
1082632,2017-05-04,Indian Premier League,Gujarat Lions,Delhi Daredevils,Feroz Shah Kotla,Delhi,4,5,2017,2017,male,Delhi Daredevils,field,RR Pant,Delhi Daredevils,7 wickets,,,,42,Unknown,208,0,120,120,214.0,0.0,105.0,105.0,58,63.0,37.0,25.0,2.0,1.0,10.4,12.228571428571428,9.666666666666666,10.5,0,0,1,1.3205017921146953,1.0,1.0,0.4444444444444444,0.4195804195804196,27,143
1082633,2017-05-05,Indian Premier League,Kings XI Punjab,Royal Challengers Bangalore,M Chinnaswamy Stadium,Bangalore,5,5,2017,2017,male,Royal Challengers Bangalore,field,Sandeep Sharma,Kings XI Punjab,19 runs,,,,43,Unknown,138,0,120,120,119.0,0.0,114.0,114.0,35,46.0,39.0,13.0,2.0,3.0,6.9,6.2631578947368425,5.833333333333333,7.666666666666667,1,0,1,1.3592942912725565,1.0,1.0,0.4652777777777778,0.4866666666666667,144,150
1082634,2017-05-06,Indian Premier League,Rising Pune Supergiant,Sunrisers Hyderabad,"Rajiv Gandhi International Stadium, Uppal",Hyderabad,6,5,2017,2017,male,Sunrisers Hyderabad,field,JD Unadkat,Rising Pune Supergiant,12 runs,,,,44,Unknown,148,0,120,120,136.0,0.0,120.0,120.0,35,47.0,43.0,28.0,1.0,2.0,7.4,6.8,5.833333333333333,7.833333333333333,1,0,1,1.2830058600482592,0.7,1.0,0.6666666666666666,0.547945205479452,12,73
1082635,2017-05-06,Indian Premier League,Mumbai Indians,Delhi Daredevils,Feroz Shah Kotla,Delhi,6,5,2017,2017,male,Delhi Daredevils,field,LMP Simmons,Mumbai Indians,146 runs,,,,45,Unknown,212,0,120,120,66.0,1.0,82.0,82.0,60,35.0,57.0,0.0,0.0,5.0,10.6,4.829268292682927,10.0,5.833333333333333,1,0,1,1.3205017921146953,1.0,1.0,0.5894039735099338,0.4166666666666667,151,144
1082636,2017-05-07,Indian Premier League,Royal Challengers Bangalore,Kolkata Knight Riders,M Chinnaswamy Stadium,Bangalore,7,5,2017,2017,male,Kolkata Knight Riders,field,SP Narine,Kolkata Knight Riders,6 wickets,,,,46,Unknown,158,1,120,120,159.0,0.0,91.0,91.0,40,105.0,50.0,0.0,3.0,0.0,7.9,10.483516483516484,6.666666666666667,17.5,0,0,1,1.3592942912725565,1.0,1.0,0.48344370860927155,0.5416666666666666,151,144
1082637,2017-05-07,Indian Premier League,Kings XI Punjab,Gujarat Lions,"Punjab Cricket Association IS Bindra Stadium, Mohali",Chandigarh,7,5,2017,2017,male,Gujarat Lions,field,DR Smith,Gujarat Lions,6 wickets,,,,47,Unknown,189,0,120,120,192.0,0.0,118.0,118.0,44,58.0,56.0,34.0,1.0,0.0,9.45,9.762711864406779,7.333333333333333,9.666666666666666,0,0,1,1.3772338772338772,1.0,1.0,0.46206896551724136,0.4642857142857143,145,28
1082638,2017-05-08,Indian Premier League,Mumbai Indians,Sunrisers Hyderabad,"Rajiv Gandhi International Stadium, Uppal",Hyderabad,8,5,2017,2017,male,Mumbai Indians,bat,S Dhawan,Sunrisers Hyderabad,7 wickets,,,,48,Unknown,138,0,120,120,140.0,0.0,110.0,110.0,36,43.0,28.0,19.0,2.0,1.0,6.9,7.636363636363637,6.0,7.166666666666667,0,1,0,1.2830058600482592,1.0,1.0,0.5855263157894737,0.5540540540540541,152,74
1082639,2017-05-09,Indian Premier League,Kings XI Punjab,Kolkata Knight Riders,"Punjab Cricket Association IS Bindra Stadium, Mohali",Chandigarh,9,5,2017,2017,male,Kolkata Knight Riders,field,MM Sharma,Kings XI Punjab,14 runs,,,,49,Unknown,167,0,120,120,153.0,0.0,120.0,120.0,41,61.0,39.0,29.0,2.0,1.0,8.35,7.65,6.833333333333333,10.166666666666666,1,0,1,1.3772338772338772,1.0,1.0,0.4657534246575342,0.5379310344827586,146,145
1082640,2017-05-10,Indian Premier League,Gujarat Lions,Delhi Daredevils,Green Park,Kanpur,10,5,2017,2017,male,Delhi Daredevils,field,SS Iyer,Delhi Daredevils,2 wickets,,,,50,Unknown,195,0,120,120,197.0,0.0,118.0,118.0,50,64.0,47.0,45.0,2.0,2.0,9.75,10.016949152542372,8.333333333333334,10.666666666666666,0,0,1,1.4093376764386536,1.0,1.0,0.4482758620689655,0.4206896551724138,29,145
1082641,2017-05-11,Indian Premier League,Kings XI Punjab,Mumbai Indians,Wankhede Stadium,Mumbai,11,5,2017,2017,male,Mumbai Indians,field,WP Saha,Kings XI Punjab,7 runs,,,,51,Unknown,230,0,120,120,223.0,0.0,120.0,120.0,71,68.0,40.0,48.0,1.0,0.0,11.5,11.15,11.833333333333334,11.333333333333334,1,0,1,1.3306236143482462,1.0,1.0,0.46938775510204084,0.5816993464052288,147,153
1082642,2017-05-12,Indian Premier League,Delhi Daredevils,Rising Pune Supergiant,Feroz Shah Kotla,Delhi,12,5,2017,2017,male,Delhi Daredevils,bat,KK Nair,Delhi Daredevils,7 runs,,,,52,Unknown,168,0,120,120,161.0,1.0,120.0,120.0,54,53.0,39.0,35.0,2.0,2.0,8.4,8.05,9.0,8.833333333333334,1,1,0,1.3205017921146953,1.0,0.8,0.4246575342465753,0.6153846153846154,146,13
1082643,2017-05-13,Indian Premier League,Gujarat Lions,Sunrisers Hyderabad,Green Park,Kanpur,13,5,2017,2017,male,Sunrisers Hyderabad,field,Mohammed Siraj,Sunrisers Hyderabad,8 wickets,,,,53,Unknown,154,0,116,116,158.0,0.0,109.0,109.0,61,47.0,20.0,23.0,0.0,2.0,7.9655172413793105,8.697247706422019,10.166666666666666,7.833333333333333,0,0,1,1.4093376764386536,1.0,1.0,0.43333333333333335,0.56,30,75
1082644,2017-05-13,Indian Premier League,Mumbai Indians,Kolkata Knight Riders,Eden Gardens,Kolkata,13,5,2017,2017,male,Kolkata Knight Riders,field,AT Rayudu,Mumbai Indians,9 runs,,,,54,Unknown,173,0,120,120,164.0,0.0,120.0,120.0,51,53.0,43.0,29.0,1.0,3.0,8.65,8.2,8.5,8.833333333333334,1,0,1,1.3152101400933955,1.0,1.0,0.5844155844155844,0.5342465753424658,154,146
1082646,2017-05-14,Indian Premier League,Royal Challengers Bangalore,Delhi Daredevils,Feroz Shah Kotla,Delhi,14,5,2017,2017,male,Royal Challengers Bangalore,bat,HV Patel,Royal Challengers Bangalore,10 runs,,,,56,Unknown,161,0,120,120,151.0,0.0,120.0,120.0,37,42.0,49.0,38.0,1.0,2.0,8.05,7.55,6.166666666666667,7.0,1,1,0,1.3205017921146953,1.0,1.0,0.4868421052631579,0.4217687074829932,152,147
1082645,2017-05-14,Indian Premier League,Kings XI Punjab,Rising Pune Supergiant,Maharashtra Cricket Association Stadium,Pune,14,5,2017,2017,male,Rising Pune Supergiant,field,JD Unadkat,Rising Pune Supergiant,9 wickets,,,,55,Unknown,73,1,95,95,78.0,0.0,72.0,72.0,32,43.0,0.0,0.0,5.0,1.0,4.610526315789474,6.5,5.333333333333333,7.166666666666667,0,0,1,1.3235738571968265,1.0,0.8,0.46621621621621623,0.6428571428571429,148,14
1082647,2017-05-16,Indian Premier League,Rising Pune Supergiant,Mumbai Indians,Wankhede Stadium,Mumbai,16,5,2017,2017,male,Mumbai Indians,field,Washington Sundar,Rising Pune Supergiant,20 runs,,,,Unknown,Qualifier 1,162,0,120,120,142.0,0.0,120.0,120.0,33,42.0,53.0,35.0,2.0,3.0,8.1,7.1,5.5,7.0,1,0,1,1.3306236143482462,0.9,1.0,0.6666666666666666,0.5806451612903226,15,155
1082648,2017-05-17,Indian Premier League,Sunrisers Hyderabad,Kolkata Knight Riders,M Chinnaswamy Stadium,Bangalore,17,5,2017,2017,male,Kolkata Knight Riders,field,NM Coulter-Nile,Kolkata Knight Riders,7 wickets,,D/L,,Unknown,Eliminator,128,0,120,120,48.0,0.0,32.0,32.0,30,48.0,25.0,0.0,1.0,3.0,6.4,9.0,5.0,8.0,0,0,1,1.3592942912725565,1.0,1.0,0.5526315789473685,0.5374149659863946,76,147
1082649,2017-05-19,Indian Premier League,Kolkata Knight Riders,Mumbai Indians,M Chinnaswamy Stadium,Bangalore,19,5,2017,2017,male,Mumbai Indians,field,KV Sharma,Mumbai Indians,6 wickets,,,,Unknown,Qualifier 2,107,0,113,113,111.0,0.0,87.0,87.0,25,36.0,15.0,0.0,3.0,3.0,5.68141592920354,7.655172413793103,4.166666666666667,6.0,0,0,1,1.3592942912725565,1.0,1.0,0.5337837837837838,0.5833333333333334,148,156
1082650,2017-05-21,Indian Premier League,Mumbai Indians,Rising Pune Supergiant,"Rajiv Gandhi International Stadium, Uppal",Hyderabad,21,5,2017,2017,male,Mumbai Indians,bat,KH Pandya,Mumbai Indians,1 runs,,,,Unknown,Final,129,0,120,120,128.0,0.0,120.0,120.0,32,38.0,43.0,31.0,2.0,1.0,6.45,6.4,5.333333333333333,6.333333333333333,1,1,0,1.2830058600482592,1.0,1.0,0.5859872611464968,0.625,157,16
1136561,2018-04-07,Indian Premier League,Mumbai Indians,Chennai Super Kings,Wankhede Stadium,Mumbai,7,4,2018,2018,male,Chennai Super Kings,field,DJ Bravo,Chennai Super Kings,1 wickets,,,,1,Unknown,165,0,120,120,169.0,0.0,119.0,119.0,39,42.0,44.0,54.0,2.0,2.0,8.25,8.521008403361344,6.5,7.0,0,0,1,1.3306236143482462,1.0,1.0,0.5822784810126582,0.6136363636363636,158,132
1136562,2018-04-08,Indian Premier League,Delhi Daredevils,Kings XI Punjab,Punjab Cricket Association IS Bindra Stadium,Chandigarh,8,4,2018,2018,male,Kings XI Punjab,field,KL Rahul,Kings XI Punjab,6 wickets,,,,2,Unknown,166,0,120,120,167.0,0.0,113.0,113.0,45,73.0,39.0,26.0,1.0,2.0,8.3,8.867256637168142,7.5,12.166666666666666,0,0,1,1.4310415808974888,1.0,1.0,0.4189189189189189,0.4697986577181208,148,149
1136563,2018-04-08,Indian Premier League,Royal Challengers Bangalore,Kolkata Knight Riders,Eden Gardens,Kolkata,8,4,2018,2018,male,Kolkata Knight Riders,field,SP Narine,Kolkata Knight Riders,4 wickets,,,,3,Unknown,176,0,120,120,177.0,0.0,113.0,113.0,52,68.0,39.0,30.0,1.0,2.0,8.8,9.398230088495575,8.666666666666666,11.333333333333334,0,0,1,1.3152101400933955,1.0,1.0,0.48366013071895425,0.5369127516778524,153,149
1136564,2018-04-09,Indian Premier League,Rajasthan Royals,Sunrisers Hyderabad,Rajiv Gandhi International Stadium,Hyderabad,9,4,2018,2018,male,Sunrisers Hyderabad,field,S Dhawan,Sunrisers Hyderabad,9 wickets,,,,4,Unknown,125,0,120,120,127.0,0.0,96.0,96.0,48,57.0,19.0,0.0,1.0,1.0,6.25,7.9375,8.0,9.5,0,0,1,1.2831809365475202,1.0,1.0,0.5210084033613446,0.5584415584415584,119,77
1136565,2018-04-10,Indian Premier League,Kolkata Knight Riders,Chennai Super Kings,MA Chidambaram Stadium,Chennai,10,4,2018,2018,male,Chennai Super Kings,field,SW Billings,Chennai Super Kings,5 wickets,,,,5,Unknown,202,0,120,120,205.0,0.0,119.0,119.0,64,75.0,64.0,53.0,2.0,1.0,10.1,10.336134453781513,10.666666666666666,12.5,0,0,1,1.2032863849765258,1.0,1.0,0.5333333333333333,0.6165413533834586,150,133
1136566,2018-04-11,Indian Premier League,Rajasthan Royals,Delhi Daredevils,Sawai Mansingh Stadium,Jaipur,11,4,2018,2018,male,Delhi Daredevils,field,SV Samson,Rajasthan Royals,10 runs,,D/L,,6,Unknown,153,0,107,107,60.0,1.0,36.0,36.0,51,60.0,27.0,0.0,2.0,4.0,8.57943925233645,10.0,8.5,10.0,1,0,1,1.2792825112107624,1.0,1.0,0.525,0.4161073825503356,120,149
1136567,2018-04-12,Indian Premier League,Mumbai Indians,Sunrisers Hyderabad,Rajiv Gandhi International Stadium,Hyderabad,12,4,2018,2018,male,Sunrisers Hyderabad,field,Rashid Khan,Sunrisers Hyderabad,1 wickets,,,,7,Unknown,147,0,120,120,151.0,0.0,120.0,120.0,54,56.0,26.0,27.0,3.0,0.0,7.35,7.55,9.0,9.333333333333334,0,0,1,1.2831809365475202,1.0,1.0,0.5786163522012578,0.5641025641025641,159,78
1136568,2018-04-13,Indian Premier League,Kings XI Punjab,Royal Challengers Bangalore,M.Chinnaswamy Stadium,Bengaluru,13,4,2018,2018,male,Royal Challengers Bangalore,field,UT Yadav,Royal Challengers Bangalore,4 wickets,,,,8,Unknown,155,0,116,116,159.0,0.0,117.0,117.0,50,41.0,28.0,44.0,3.0,2.0,8.017241379310345,8.153846153846153,8.333333333333334,6.833333333333333,0,0,1,1.4673726388093875,1.0,1.0,0.4666666666666667,0.487012987012987,150,154
1136569,2018-04-14,Indian Premier League,Mumbai Indians,Delhi Daredevils,Wankhede Stadium,Mumbai,14,4,2018,2018,male,Delhi Daredevils,field,JJ Roy,Delhi Daredevils,7 wickets,,,,9,Unknown,194,0,120,120,195.0,0.0,120.0,120.0,84,53.0,27.0,35.0,0.0,1.0,9.7,9.75,14.0,8.833333333333334,0,0,1,1.3306236143482462,1.0,1.0,0.575,0.42,160,150
1136570,2018-04-14,Indian Premier League,Kolkata Knight Riders,Sunrisers Hyderabad,Eden Gardens,Kolkata,14,4,2018,2018,male,Sunrisers Hyderabad,field,B Stanlake,Sunrisers Hyderabad,5 wickets,,,,10,Unknown,138,0,120,120,139.0,0.0,114.0,114.0,49,46.0,27.0,25.0,1.0,2.0,6.9,7.315789473684211,8.166666666666666,7.666666666666667,0,0,1,1.3152101400933955,1.0,1.0,0.5298013245033113,0.569620253164557,151,79
1136571,2018-04-15,Indian Premier League,Rajasthan Royals,Royal Challengers Bangalore,M.Chinnaswamy Stadium,Bengaluru,15,4,2018,2018,male,Royal Challengers Bangalore,field,SV Samson,Rajasthan Royals,19 runs,,,,11,Unknown,217,0,120,120,198.0,0.0,120.0,120.0,52,64.0,75.0,58.0,1.0,1.0,10.85,9.9,8.666666666666666,10.666666666666666,1,0,1,1.4673726388093875,1.0,1.0,0.5289256198347108,0.4838709677419355,121,155
1136572,2018-04-15,Indian Premier League,Kings XI Punjab,Chennai Super Kings,Punjab Cricket Association IS Bindra Stadium,Chandigarh,15,4,2018,2018,male,Chennai Super Kings,field,CH Gayle,Kings XI Punjab,4 runs,,,,12,Unknown,197,0,120,120,193.0,0.0,120.0,120.0,75,53.0,37.0,62.0,0.0,2.0,9.85,9.65,12.5,8.833333333333334,1,0,1,1.4310415808974888,1.0,1.0,0.47019867549668876,0.6119402985074627,151,134
1136573,2018-04-16,Indian Premier League,Kolkata Knight Riders,Delhi Daredevils,Eden Gardens,Kolkata,16,4,2018,2018,male,Delhi Daredevils,field,N Rana,Kolkata Knight Riders,71 runs,,,,13,Unknown,200,0,120,120,129.0,0.0,86.0,86.0,50,56.0,43.0,0.0,1.0,3.0,10.0,9.0,8.333333333333334,9.333333333333334,1,0,1,1.3152101400933955,1.0,1.0,0.5328947368421053,0.41721854304635764,152,151
1136574,2018-04-17,Indian Premier League,Mumbai Indians,Royal Challengers Bangalore,Wankhede Stadium,Mumbai,17,4,2018,2018,male,Royal Challengers Bangalore,field,RG Sharma,Mumbai Indians,46 runs,,,,14,Unknown,213,1,120,120,167.0,0.0,120.0,120.0,60,55.0,60.0,46.0,2.0,2.0,10.65,8.35,10.0,9.166666666666666,1,0,1,1.3306236143482462,1.0,1.0,0.577639751552795,0.4807692307692308,161,156
1136575,2018-04-18,Indian Premier League,Rajasthan Royals,Kolkata Knight Riders,Sawai Mansingh Stadium,Jaipur,18,4,2018,2018,male,Kolkata Knight Riders,field,N Rana,Kolkata Knight Riders,7 wickets,,,,15,Unknown,160,0,120,120,163.0,0.0,113.0,113.0,48,53.0,38.0,37.0,0.0,1.0,8.0,8.654867256637168,8.0,8.833333333333334,0,0,1,1.2792825112107624,1.0,1.0,0.5245901639344263,0.5359477124183006,122,153
1136576,2018-04-19,Indian Premier League,Kings XI Punjab,Sunrisers Hyderabad,Punjab Cricket Association IS Bindra Stadium,Chandigarh,19,4,2018,2018,male,Kings XI Punjab,bat,CH Gayle,Kings XI Punjab,15 runs,,,,16,Unknown,193,0,120,120,178.0,0.0,120.0,120.0,49,40.0,42.0,48.0,0.0,3.0,9.65,8.9,8.166666666666666,6.666666666666667,1,1,0,1.4310415808974888,1.0,1.0,0.47368421052631576,0.5625,152,80
1136577,2018-04-20,Indian Premier League,Chennai Super Kings,Rajasthan Royals,Maharashtra Cricket Association Stadium,Pune,20,4,2018,2018,male,Rajasthan Royals,field,SR Watson,Chennai Super Kings,64 runs,,,,17,Unknown,204,0,120,120,140.0,0.0,111.0,111.0,69,35.0,39.0,19.0,1.0,3.0,10.2,7.5675675675675675,11.5,5.833333333333333,1,0,1,1.3235738571968265,1.0,1.0,0.6148148148148148,0.5203252032520326,135,123
1136578,2018-04-21,Indian Premier League,Kolkata Knight Riders,Kings XI Punjab,Eden Gardens,Kolkata,21,4,2018,2018,male,Kings XI Punjab,field,KL Rahul,Kings XI Punjab,9 wickets,,D/L,,18,Unknown,191,0,120,120,126.0,0.0,67.0,67.0,50,73.0,43.0,0.0,1.0,0.0,9.55,11.28358208955224,8.333333333333334,12.166666666666666,0,0,1,1.3152101400933955,1.0,1.0,0.5324675324675324,0.477124183006536,154,153
1136579,2018-04-21,Indian Premier League,Delhi Daredevils,Royal Challengers Bangalore,M.Chinnaswamy Stadium,Bengaluru,21,4,2018,2018,male,Royal Challengers Bangalore,field,AB de Villiers,Royal Challengers Bangalore,6 wickets,,,,19,Unknown,174,0,120,120,176.0,0.0,108.0,108.0,28,43.0,57.0,27.0,2.0,2.0,8.7,9.777777777777779,4.666666666666667,7.166666666666667,0,0,1,1.4673726388093875,1.0,1.0,0.4144736842105263,0.4840764331210191,152,157
1136580,2018-04-22,Indian Premier League,Chennai Super Kings,Sunrisers Hyderabad,Rajiv Gandhi International Stadium,Hyderabad,22,4,2018,2018,male,Sunrisers Hyderabad,field,AT Rayudu,Chennai Super Kings,4 runs,,,,20,Unknown,182,0,120,120,178.0,0.0,120.0,120.0,27,40.0,45.0,47.0,1.0,3.0,9.1,8.9,4.5,6.666666666666667,1,0,1,1.2831809365475202,1.0,1.0,0.6176470588235294,0.5555555555555556,136,81
1136581,2018-04-22,Indian Premier League,Mumbai Indians,Rajasthan Royals,Sawai Mansingh Stadium,Jaipur,22,4,2018,2018,male,Mumbai Indians,bat,JC Archer,Rajasthan Royals,3 wickets,,,,21,Unknown,167,0,120,120,168.0,0.0,118.0,118.0,43,43.0,30.0,44.0,1.0,2.0,8.35,8.542372881355933,7.166666666666667,7.166666666666667,0,1,0,1.2792825112107624,1.0,1.0,0.5740740740740741,0.5241935483870968,162,124
1136582,2018-04-23,Indian Premier League,Kings XI Punjab,Delhi Daredevils,Arun Jaitley Stadium,Delhi,23,4,2018,2018,male,Delhi Daredevils,field,AS Rajpoot,Kings XI Punjab,4 runs,,,,22,Unknown,143,0,120,120,139.0,0.0,120.0,120.0,51,48.0,27.0,38.0,2.0,3.0,7.15,6.95,8.5,8.0,1,0,1,1.3536948748510131,1.0,1.0,0.4805194805194805,0.4117647058823529,154,153
1136583,2018-04-24,Indian Premier League,Sunrisers Hyderabad,Mumbai Indians,Wankhede Stadium,Mumbai,24,4,2018,2018,male,Mumbai Indians,field,Rashid Khan,Sunrisers Hyderabad,31 runs,,,,23,Unknown,118,0,112,112,87.0,0.0,113.0,113.0,51,22.0,10.0,7.0,4.0,3.0,6.321428571428571,4.619469026548673,8.5,3.6666666666666665,1,0,1,1.3306236143482462,1.0,1.0,0.5609756097560976,0.5705521472392638,82,163
1136584,2018-04-25,Indian Premier League,Royal Challengers Bangalore,Chennai Super Kings,M.Chinnaswamy Stadium,Bengaluru,25,4,2018,2018,male,Chennai Super Kings,field,MS Dhoni,Chennai Super Kings,5 wickets,,,,24,Unknown,205,0,120,120,207.0,0.0,118.0,118.0,52,55.0,48.0,56.0,1.0,2.0,10.25,10.525423728813559,8.666666666666666,9.166666666666666,0,0,1,1.4673726388093875,1.0,1.0,0.4810126582278481,0.6204379562043796,158,137
1136585,2018-04-26,Indian Premier League,Sunrisers Hyderabad,Kings XI Punjab,Rajiv Gandhi International Stadium,Hyderabad,26,4,2018,2018,male,Kings XI Punjab,field,AS Rajpoot,Sunrisers Hyderabad,13 runs,,,,25,Unknown,132,0,120,120,119.0,0.0,116.0,116.0,37,44.0,33.0,22.0,3.0,0.0,6.6,6.155172413793104,6.166666666666667,7.333333333333333,1,0,1,1.2831809365475202,1.0,1.0,0.5662650602409639,0.4774193548387097,83,155
1136586,2018-04-27,Indian Premier League,Delhi Daredevils,Kolkata Knight Riders,Arun Jaitley Stadium,Delhi,27,4,2018,2018,male,Kolkata Knight Riders,field,SS Iyer,Delhi Daredevils,55 runs,,,,26,Unknown,219,0,120,120,164.0,0.0,120.0,120.0,57,51.0,76.0,23.0,0.0,4.0,10.95,8.2,9.5,8.5,1,0,1,1.3536948748510131,1.0,1.0,0.4155844155844156,0.5290322580645161,154,155
1136587,2018-04-28,Indian Premier League,Chennai Super Kings,Mumbai Indians,Maharashtra Cricket Association Stadium,Pune,28,4,2018,2018,male,Mumbai Indians,field,RG Sharma,Mumbai Indians,8 wickets,,,,27,Unknown,169,0,120,120,170.0,0.0,118.0,118.0,51,50.0,38.0,42.0,1.0,0.0,8.45,8.64406779661017,8.5,8.333333333333334,0,0,1,1.3235738571968265,1.0,1.0,0.6159420289855072,0.573170731707317,138,164
1136588,2018-04-29,Indian Premier League,Sunrisers Hyderabad,Rajasthan Royals,Sawai Mansingh Stadium,Jaipur,29,4,2018,2018,male,Sunrisers Hyderabad,bat,KS Williamson,Sunrisers Hyderabad,11 runs,,,,28,Unknown,151,0,120,120,140.0,0.0,120.0,120.0,39,43.0,25.0,31.0,1.0,1.0,7.55,7.0,6.5,7.166666666666667,1,1,0,1.2792825112107624,1.0,1.0,0.5714285714285714,0.52,84,125
1136589,2018-04-29,Indian Premier League,Royal Challengers Bangalore,Kolkata Knight Riders,M.Chinnaswamy Stadium,Bengaluru,29,4,2018,2018,male,Kolkata Knight Riders,field,CA Lynn,Kolkata Knight Riders,6 wickets,,,,29,Unknown,175,0,120,120,176.0,0.0,115.0,115.0,40,51.0,57.0,43.0,0.0,0.0,8.75,9.182608695652174,6.666666666666667,8.5,0,0,1,1.4673726388093875,1.0,1.0,0.4779874213836478,0.532051282051282,159,156
1136590,2018-04-30,Indian Premier League,Chennai Super Kings,Delhi Daredevils,Maharashtra Cricket Association Stadium,Pune,30,4,2018,2018,male,Delhi Daredevils,field,SR Watson,Chennai Super Kings,13 runs,,,,30,Unknown,211,0,120,120,198.0,0.0,120.0,120.0,56,59.0,62.0,52.0,0.0,2.0,10.55,9.9,9.333333333333334,9.833333333333334,1,0,1,1.3235738571968265,1.0,1.0,0.6187050359712231,0.4129032258064516,139,155
1136591,2018-05-01,Indian Premier League,Royal Challengers Bangalore,Mumbai Indians,M.Chinnaswamy Stadium,Bengaluru,1,5,2018,2018,male,Mumbai Indians,field,TG Southee,Royal Challengers Bangalore,14 runs,,,,31,Unknown,167,0,120,120,153.0,0.0,120.0,120.0,43,40.0,38.0,30.0,1.0,3.0,8.35,7.65,7.166666666666667,6.666666666666667,1,0,1,1.4673726388093875,1.0,1.0,0.48125,0.5696969696969697,160,165
1136592,2018-05-02,Indian Premier League,Delhi Daredevils,Rajasthan Royals,Arun Jaitley Stadium,Delhi,2,5,2018,2018,male,Rajasthan Royals,field,RR Pant,Delhi Daredevils,4 runs,,D/L,,32,Unknown,196,0,103,103,146.0,0.0,72.0,72.0,62,79.0,9.0,0.0,1.0,0.0,11.417475728155338,12.166666666666666,10.333333333333334,13.166666666666666,1,0,1,1.3536948748510131,1.0,1.0,0.4166666666666667,0.5158730158730159,156,126
1136593,2018-05-03,Indian Premier League,Chennai Super Kings,Kolkata Knight Riders,Eden Gardens,Kolkata,3,5,2018,2018,male,Kolkata Knight Riders,field,SP Narine,Kolkata Knight Riders,6 wickets,,,,33,Unknown,177,0,120,120,180.0,0.0,106.0,106.0,57,56.0,46.0,25.0,1.0,2.0,8.85,10.188679245283017,9.5,9.333333333333334,0,0,1,1.3152101400933955,1.0,1.0,0.6142857142857143,0.535031847133758,140,157
1136594,2018-05-04,Indian Premier League,Kings XI Punjab,Mumbai Indians,Holkar Cricket Stadium,Indore,4,5,2018,2018,male,Mumbai Indians,field,SA Yadav,Mumbai Indians,6 wickets,,,,34,Unknown,174,0,120,120,176.0,0.0,114.0,114.0,49,39.0,42.0,51.0,0.0,1.0,8.7,9.263157894736842,8.166666666666666,6.5,0,0,1,1.4615776081424936,1.0,1.0,0.47435897435897434,0.572289156626506,156,166
1136596,2018-05-05,Indian Premier League,Delhi Daredevils,Sunrisers Hyderabad,Rajiv Gandhi International Stadium,Hyderabad,5,5,2018,2018,male,Delhi Daredevils,bat,Rashid Khan,Sunrisers Hyderabad,7 wickets,,,,36,Unknown,163,0,120,120,164.0,0.0,119.0,119.0,60,61.0,30.0,39.0,1.0,0.0,8.15,8.268907563025211,10.0,10.166666666666666,0,1,0,1.2831809365475202,1.0,1.0,0.4140127388535032,0.5764705882352941,157,85
1136595,2018-05-05,Indian Premier League,Royal Challengers Bangalore,Chennai Super Kings,Maharashtra Cricket Association Stadium,Pune,5,5,2018,2018,male,Chennai Super Kings,field,RA Jadeja,Chennai Super Kings,6 wickets,,,,35,Unknown,127,0,120,120,128.0,0.0,108.0,108.0,47,42.0,35.0,28.0,1.0,1.0,6.35,7.111111111111111,7.833333333333333,7.0,0,0,1,1.3235738571968265,1.0,1.0,0.4782608695652174,0.6170212765957447,161,141
1136597,2018-05-06,Indian Premier League,Mumbai Indians,Kolkata Knight Riders,Wankhede Stadium,Mumbai,6,5,2018,2018,male,Kolkata Knight Riders,field,HH Pandya,Mumbai Indians,13 runs,,,,37,Unknown,181,0,120,120,168.0,0.0,120.0,120.0,56,47.0,38.0,40.0,0.0,2.0,9.05,8.4,9.333333333333334,7.833333333333333,1,0,1,1.3306236143482462,1.0,1.0,0.5748502994011976,0.5316455696202531,167,158
1136598,2018-05-06,Indian Premier League,Rajasthan Royals,Kings XI Punjab,Holkar Cricket Stadium,Indore,6,5,2018,2018,male,Kings XI Punjab,field,Mujeeb Ur Rahman,Kings XI Punjab,6 wickets,,,,38,Unknown,152,0,120,120,155.0,0.0,112.0,112.0,45,34.0,29.0,45.0,2.0,2.0,7.6,8.303571428571429,7.5,5.666666666666667,0,0,1,1.4615776081424936,1.0,1.0,0.5118110236220472,0.47770700636942676,127,157
1136599,2018-05-07,Indian Premier League,Sunrisers Hyderabad,Royal Challengers Bangalore,Rajiv Gandhi International Stadium,Hyderabad,7,5,2018,2018,male,Royal Challengers Bangalore,field,KS Williamson,Sunrisers Hyderabad,5 runs,,,,39,Unknown,146,0,120,120,141.0,0.0,120.0,120.0,38,55.0,34.0,33.0,2.0,1.0,7.3,7.05,6.333333333333333,9.166666666666666,1,0,1,1.2831809365475202,1.0,1.0,0.5813953488372093,0.47530864197530864,86,162
1136600,2018-05-08,Indian Premier League,Rajasthan Royals,Kings XI Punjab,Sawai Mansingh Stadium,Jaipur,8,5,2018,2018,male,Rajasthan Royals,bat,JC Buttler,Rajasthan Royals,15 runs,,,,40,Unknown,158,0,120,120,143.0,0.0,120.0,120.0,63,33.0,27.0,45.0,1.0,3.0,7.9,7.15,10.5,5.5,1,1,0,1.2792825112107624,1.0,1.0,0.515625,0.47468354430379744,128,158
1136601,2018-05-09,Indian Premier League,Mumbai Indians,Kolkata Knight Riders,Eden Gardens,Kolkata,9,5,2018,2018,male,Kolkata Knight Riders,field,Ishan Kishan,Mumbai Indians,102 runs,,,,41,Unknown,210,0,120,120,108.0,0.0,109.0,109.0,47,47.0,58.0,5.0,1.0,2.0,10.5,5.944954128440367,7.833333333333333,7.833333333333333,1,0,1,1.3152101400933955,1.0,1.0,0.5773809523809523,0.5283018867924528,168,159
1136602,2018-05-10,Indian Premier League,Delhi Daredevils,Sunrisers Hyderabad,Arun Jaitley Stadium,Delhi,10,5,2018,2018,male,Delhi Daredevils,bat,S Dhawan,Sunrisers Hyderabad,9 wickets,,,,42,Unknown,187,0,120,120,191.0,0.0,113.0,113.0,38,51.0,67.0,27.0,2.0,1.0,9.35,10.141592920353983,6.333333333333333,8.5,0,1,0,1.3536948748510131,1.0,1.0,0.41139240506329117,0.5862068965517241,158,87
1136603,2018-05-11,Indian Premier League,Chennai Super Kings,Rajasthan Royals,Sawai Mansingh Stadium,Jaipur,11,5,2018,2018,male,Chennai Super Kings,bat,JC Buttler,Rajasthan Royals,4 wickets,,,,43,Unknown,176,0,120,120,177.0,0.0,119.0,119.0,55,57.0,42.0,46.0,1.0,2.0,8.8,8.92436974789916,9.166666666666666,9.5,0,1,0,1.2792825112107624,1.0,1.0,0.6126760563380281,0.5193798449612403,142,129
1136604,2018-05-12,Indian Premier League,Kolkata Knight Riders,Kings XI Punjab,Holkar Cricket Stadium,Indore,12,5,2018,2018,male,Kings XI Punjab,field,SP Narine,Kolkata Knight Riders,31 runs,,,,44,Unknown,245,0,120,120,214.0,0.0,120.0,120.0,59,58.0,55.0,44.0,1.0,2.0,12.25,10.7,9.833333333333334,9.666666666666666,1,0,1,1.4615776081424936,1.0,1.0,0.53125,0.4716981132075472,160,159
1136605,2018-05-12,Indian Premier League,Delhi Daredevils,Royal Challengers Bangalore,Arun Jaitley Stadium,Delhi,12,5,2018,2018,male,Royal Challengers Bangalore,field,AB de Villiers,Royal Challengers Bangalore,5 wickets,,,,45,Unknown,181,0,120,120,187.0,0.0,114.0,114.0,44,58.0,56.0,34.0,2.0,2.0,9.05,9.842105263157896,7.333333333333333,9.666666666666666,0,0,1,1.3536948748510131,1.0,1.0,0.4088050314465409,0.4785276073619632,159,163
1136606,2018-05-13,Indian Premier League,Sunrisers Hyderabad,Chennai Super Kings,Maharashtra Cricket Association Stadium,Pune,13,5,2018,2018,male,Chennai Super Kings,field,AT Rayudu,Chennai Super Kings,8 wickets,,,,46,Unknown,179,0,120,120,180.0,0.0,114.0,114.0,29,53.0,38.0,23.0,1.0,0.0,8.95,9.473684210526315,4.833333333333333,8.833333333333334,0,0,1,1.3235738571968265,1.0,1.0,0.5795454545454546,0.6153846153846154,88,143
1136607,2018-05-13,Indian Premier League,Mumbai Indians,Rajasthan Royals,Wankhede Stadium,Mumbai,13,5,2018,2018,male,Rajasthan Royals,field,JC Buttler,Rajasthan Royals,7 wickets,,,,47,Unknown,168,0,120,120,171.0,0.0,108.0,108.0,51,51.0,40.0,27.0,0.0,1.0,8.4,9.5,8.5,8.5,0,0,1,1.3306236143482462,1.0,1.0,0.5739644970414202,0.5230769230769231,169,130
1136608,2018-05-14,Indian Premier League,Kings XI Punjab,Royal Challengers Bangalore,Holkar Cricket Stadium,Indore,14,5,2018,2018,male,Royal Challengers Bangalore,field,UT Yadav,Royal Challengers Bangalore,10 wickets,,,,48,Unknown,88,0,91,91,92.0,0.0,49.0,49.0,47,66.0,0.0,0.0,3.0,0.0,5.802197802197802,11.26530612244898,7.833333333333333,11.0,0,0,1,1.4615776081424936,1.0,1.0,0.46875,0.4817073170731707,160,164
1136609,2018-05-15,Indian Premier League,Rajasthan Royals,Kolkata Knight Riders,Eden Gardens,Kolkata,15,5,2018,2018,male,Kolkata Knight Riders,field,Kuldeep Yadav,Kolkata Knight Riders,6 wickets,,,,49,Unknown,142,0,114,114,145.0,0.0,108.0,108.0,68,51.0,14.0,26.0,1.0,2.0,7.473684210526316,8.055555555555555,11.333333333333334,8.5,0,0,1,1.3152101400933955,1.0,1.0,0.5190839694656488,0.5341614906832298,131,161
1136610,2018-05-16,Indian Premier League,Mumbai Indians,Kings XI Punjab,Wankhede Stadium,Mumbai,16,5,2018,2018,male,Kings XI Punjab,field,JJ Bumrah,Mumbai Indians,3 runs,,,,50,Unknown,186,0,120,120,183.0,0.0,120.0,120.0,60,57.0,32.0,38.0,3.0,1.0,9.3,9.15,10.0,9.5,1,0,1,1.3306236143482462,1.0,1.0,0.5764705882352941,0.4658385093167702,170,161
1136611,2018-05-17,Indian Premier League,Royal Challengers Bangalore,Sunrisers Hyderabad,M.Chinnaswamy Stadium,Bengaluru,17,5,2018,2018,male,Sunrisers Hyderabad,field,AB de Villiers,Royal Challengers Bangalore,14 runs,,,,51,Unknown,218,0,120,120,204.0,0.0,120.0,120.0,44,56.0,55.0,40.0,2.0,1.0,10.9,10.2,7.333333333333333,9.333333333333334,1,0,1,1.4673726388093875,1.0,1.0,0.48484848484848486,0.5730337078651685,165,89
1136612,2018-05-18,Indian Premier League,Delhi Daredevils,Chennai Super Kings,Arun Jaitley Stadium,Delhi,18,5,2018,2018,male,Chennai Super Kings,field,HV Patel,Delhi Daredevils,34 runs,,,,52,Unknown,162,0,120,120,128.0,0.0,120.0,120.0,39,44.0,52.0,23.0,1.0,0.0,8.1,6.4,6.5,7.333333333333333,1,0,1,1.3536948748510131,1.0,1.0,0.4125,0.6111111111111112,160,144
1136614,2018-05-19,Indian Premier League,Sunrisers Hyderabad,Kolkata Knight Riders,Rajiv Gandhi International Stadium,Hyderabad,19,5,2018,2018,male,Sunrisers Hyderabad,bat,CA Lynn,Kolkata Knight Riders,5 wickets,,,,54,Unknown,172,0,120,120,173.0,0.0,118.0,118.0,60,66.0,26.0,26.0,0.0,1.0,8.6,8.796610169491524,10.0,11.0,0,1,0,1.2831809365475202,1.0,1.0,0.5666666666666667,0.5370370370370371,90,162
1136613,2018-05-19,Indian Premier League,Rajasthan Royals,Royal Challengers Bangalore,Sawai Mansingh Stadium,Jaipur,19,5,2018,2018,male,Rajasthan Royals,bat,S Gopal,Rajasthan Royals,30 runs,,,,53,Unknown,164,0,120,120,134.0,0.0,116.0,116.0,45,55.0,40.0,21.0,1.0,1.0,8.2,6.931034482758621,7.5,9.166666666666666,1,1,0,1.2792825112107624,1.0,1.0,0.5227272727272727,0.4819277108433735,132,166
1136615,2018-05-20,Indian Premier League,Delhi Daredevils,Mumbai Indians,Arun Jaitley Stadium,Delhi,20,5,2018,2018,male,Delhi Daredevils,bat,A Mishra,Delhi Daredevils,11 runs,,,,55,Unknown,174,0,120,120,163.0,0.0,117.0,117.0,46,57.0,38.0,37.0,2.0,1.0,8.7,8.35897435897436,7.666666666666667,9.5,1,1,0,1.3536948748510131,1.0,1.0,0.4161490683229814,0.5730994152046783,161,171
1136616,2018-05-20,Indian Premier League,Kings XI Punjab,Chennai Super Kings,Maharashtra Cricket Association Stadium,Pune,20,5,2018,2018,male,Chennai Super Kings,field,L Ngidi,Chennai Super Kings,5 wickets,,,,56,Unknown,153,0,118,118,159.0,0.0,115.0,115.0,29,33.0,40.0,45.0,3.0,3.0,7.779661016949152,8.295652173913043,4.833333333333333,5.5,0,0,1,1.3235738571968265,1.0,1.0,0.46296296296296297,0.6137931034482759,162,145
1136617,2018-05-22,Indian Premier League,Sunrisers Hyderabad,Chennai Super Kings,Wankhede Stadium,Mumbai,22,5,2018,2018,male,Chennai Super Kings,field,F du Plessis,Chennai Super Kings,2 wickets,,,,Unknown,Qualifier 1,139,1,120,120,140.0,0.0,115.0,115.0,47,33.0,47.0,47.0,3.0,3.0,6.95,7.304347826086956,7.833333333333333,5.5,0,0,1,1.3306236143482462,1.0,1.0,0.5604395604395604,0.6164383561643836,91,146
1136618,2018-05-23,Indian Premier League,Kolkata Knight Riders,Rajasthan Royals,Eden Gardens,Kolkata,23,5,2018,2018,male,Rajasthan Royals,field,AD Russell,Kolkata Knight Riders,25 runs,,,,Unknown,Eliminator,169,0,120,120,144.0,0.0,120.0,120.0,46,51.0,53.0,25.0,3.0,1.0,8.45,7.2,7.666666666666667,8.5,1,0,1,1.3152101400933955,1.0,1.0,0.5398773006134969,0.518796992481203,163,133
1136619,2018-05-25,Indian Premier League,Sunrisers Hyderabad,Kolkata Knight Riders,Eden Gardens,Kolkata,25,5,2018,2018,male,Kolkata Knight Riders,field,Rashid Khan,Sunrisers Hyderabad,14 runs,,,,Unknown,Qualifier 2,174,0,120,120,160.0,0.0,120.0,120.0,45,67.0,52.0,28.0,0.0,1.0,8.7,8.0,7.5,11.166666666666666,1,0,1,1.3152101400933955,1.0,1.0,0.5652173913043478,0.5365853658536586,92,164
1136620,2018-05-27,Indian Premier League,Sunrisers Hyderabad,Chennai Super Kings,Wankhede Stadium,Mumbai,27,5,2018,2018,male,Chennai Super Kings,field,SR Watson,Chennai Super Kings,8 wickets,,,,Unknown,Final,178,0,120,120,181.0,0.0,111.0,111.0,42,35.0,44.0,27.0,1.0,1.0,8.9,9.783783783783784,7.0,5.833333333333333,0,0,1,1.3306236143482462,1.0,1.0,0.5591397849462365,0.6190476190476191,93,147
1175356,2019-03-23,Indian Premier League,Royal Challengers Bangalore,Chennai Super Kings,MA Chidambaram Stadium,Chennai,23,3,2019,2019,male,Chennai Super Kings,field,Harbhajan Singh,Chennai Super Kings,7 wickets,,,,1,Unknown,70,0,103,103,71.0,0.0,106.0,106.0,33,16.0,1.0,3.0,2.0,1.0,4.077669902912621,4.018867924528301,5.5,2.6666666666666665,0,0,1,1.2032863849765258,1.0,1.0,0.47904191616766467,0.6216216216216216,167,148
1175358,2019-03-24,Indian Premier League,Delhi Capitals,Mumbai Indians,Wankhede Stadium,Mumbai,24,3,2019,2019,male,Mumbai Indians,field,RR Pant,Delhi Capitals,37 runs,,,,3,Unknown,213,0,120,120,176.0,0.0,116.0,116.0,45,46.0,64.0,26.0,2.0,3.0,10.65,9.10344827586207,7.5,7.666666666666667,1,0,1,1.3306236143482462,0.5,1.0,1.0,0.5697674418604651,1,172
1175357,2019-03-24,Indian Premier League,Sunrisers Hyderabad,Kolkata Knight Riders,Eden Gardens,Kolkata,24,3,2019,2019,male,Kolkata Knight Riders,field,AD Russell,Kolkata Knight Riders,6 wickets,,,,2,Unknown,181,0,120,120,183.0,0.0,118.0,118.0,54,47.0,37.0,60.0,0.0,1.0,9.05,9.305084745762711,9.0,7.833333333333333,0,0,1,1.3152101400933955,1.0,1.0,0.5531914893617021,0.5393939393939394,94,165
1175359,2019-03-25,Indian Premier League,Kings XI Punjab,Rajasthan Royals,Sawai Mansingh Stadium,Jaipur,25,3,2019,2019,male,Rajasthan Royals,field,CH Gayle,Kings XI Punjab,14 runs,,,,4,Unknown,184,0,120,120,170.0,0.0,120.0,120.0,32,64.0,39.0,24.0,1.0,0.0,9.2,8.5,5.333333333333333,10.666666666666666,1,0,1,1.2792825112107624,1.0,1.0,0.4662576687116564,0.5149253731343284,163,134
1175360,2019-03-26,Indian Premier League,Delhi Capitals,Chennai Super Kings,Arun Jaitley Stadium,Delhi,26,3,2019,2019,male,Delhi Capitals,bat,SR Watson,Chennai Super Kings,6 wickets,,,,5,Unknown,147,0,120,120,150.0,0.0,118.0,118.0,43,58.0,25.0,25.0,1.0,1.0,7.35,7.627118644067796,7.166666666666667,9.666666666666666,0,1,0,1.3536948748510131,0.1,1.0,0.5,0.6241610738255033,2,149
1175361,2019-03-27,Indian Premier League,Kolkata Knight Riders,Kings XI Punjab,Eden Gardens,Kolkata,27,3,2019,2019,male,Kings XI Punjab,field,AD Russell,Kolkata Knight Riders,28 runs,,,,6,Unknown,218,0,120,120,190.0,0.0,120.0,120.0,53,51.0,65.0,53.0,2.0,2.0,10.9,9.5,8.833333333333334,8.5,1,0,1,1.3152101400933955,1.0,1.0,0.5421686746987951,0.4634146341463415,166,164
1175362,2019-03-28,Indian Premier League,Mumbai Indians,Royal Challengers Bangalore,M.Chinnaswamy Stadium,Bengaluru,28,3,2019,2019,male,Royal Challengers Bangalore,field,JJ Bumrah,Mumbai Indians,6 runs,,,,7,Unknown,187,0,120,120,181.0,0.0,120.0,120.0,52,60.0,42.0,34.0,0.0,1.0,9.35,9.05,8.666666666666666,10.0,1,0,1,1.4673726388093875,1.0,1.0,0.5722543352601156,0.47619047619047616,173,168
1175363,2019-03-29,Indian Premier League,Rajasthan Royals,Sunrisers Hyderabad,Rajiv Gandhi International Stadium,Hyderabad,29,3,2019,2019,male,Rajasthan Royals,bat,Rashid Khan,Sunrisers Hyderabad,5 wickets,,,,8,Unknown,198,0,120,120,201.0,0.0,114.0,114.0,35,69.0,63.0,32.0,1.0,0.0,9.9,10.578947368421053,5.833333333333333,11.5,0,1,0,1.2831809365475202,1.0,1.0,0.5111111111111111,0.5578947368421052,135,95
1175364,2019-03-30,Indian Premier League,Mumbai Indians,Kings XI Punjab,Punjab Cricket Association IS Bindra Stadium,Chandigarh,30,3,2019,2019,male,Kings XI Punjab,field,MA Agarwal,Kings XI Punjab,8 wickets,,,,9,Unknown,176,0,120,120,177.0,0.0,112.0,112.0,62,38.0,39.0,25.0,1.0,0.0,8.8,9.482142857142856,10.333333333333334,6.333333333333333,0,0,1,1.4310415808974888,1.0,1.0,0.5689655172413793,0.4666666666666667,174,165
1175365,2019-03-30,Indian Premier League,Kolkata Knight Riders,Delhi Capitals,Arun Jaitley Stadium,Delhi,30,3,2019,2019,male,Delhi Capitals,field,PP Shaw,Unknown,,tie,,Delhi Capitals,10,Unknown,185,0,120,120,185.0,0.0,120.0,120.0,36,45.0,47.0,33.0,2.0,1.0,9.25,9.25,6.0,7.5,0,0,1,1.3536948748510131,1.0,0.1,0.5389221556886228,0.6666666666666666,167,3
1175366,2019-03-31,Indian Premier League,Sunrisers Hyderabad,Royal Challengers Bangalore,Rajiv Gandhi International Stadium,Hyderabad,31,3,2019,2019,male,Royal Challengers Bangalore,field,JM Bairstow,Sunrisers Hyderabad,118 runs,,,,11,Unknown,231,0,120,120,113.0,0.0,119.0,119.0,59,30.0,47.0,18.0,0.0,3.0,11.55,5.697478991596639,9.833333333333334,5.0,1,0,1,1.2831809365475202,1.0,1.0,0.5625,0.47337278106508873,96,169
1175367,2019-03-31,Indian Premier League,Chennai Super Kings,Rajasthan Royals,MA Chidambaram Stadium,Chennai,31,3,2019,2019,male,Rajasthan Royals,field,MS Dhoni,Chennai Super Kings,8 runs,,,,12,Unknown,175,0,120,120,167.0,0.0,120.0,120.0,29,45.0,67.0,47.0,3.0,3.0,8.75,8.35,4.833333333333333,7.5,1,0,1,1.2032863849765258,1.0,1.0,0.6266666666666667,0.5073529411764706,150,136
1175368,2019-04-01,Indian Premier League,Kings XI Punjab,Delhi Capitals,Punjab Cricket Association IS Bindra Stadium,Chandigarh,1,4,2019,2019,male,Delhi Capitals,field,SM Curran,Kings XI Punjab,14 runs,,,,13,Unknown,166,0,120,120,152.0,1.0,116.0,116.0,54,49.0,30.0,15.0,2.0,1.0,8.3,7.862068965517242,9.0,8.166666666666666,1,0,1,1.4310415808974888,1.0,0.2,0.46987951807228917,0.5,166,4
1175369,2019-04-02,Indian Premier League,Royal Challengers Bangalore,Rajasthan Royals,Sawai Mansingh Stadium,Jaipur,2,4,2019,2019,male,Rajasthan Royals,field,S Gopal,Rajasthan Royals,7 wickets,,,,14,Unknown,158,0,120,120,164.0,0.0,119.0,119.0,48,55.0,41.0,39.0,0.0,0.0,7.9,8.268907563025211,8.0,9.166666666666666,0,0,1,1.2792825112107624,1.0,1.0,0.47058823529411764,0.5109489051094891,170,137
1175370,2019-04-03,Indian Premier League,Mumbai Indians,Chennai Super Kings,Wankhede Stadium,Mumbai,3,4,2019,2019,male,Chennai Super Kings,field,HH Pandya,Mumbai Indians,37 runs,,,,15,Unknown,170,0,120,120,133.0,0.0,120.0,120.0,40,34.0,67.0,28.0,1.0,3.0,8.5,6.65,6.666666666666667,5.666666666666667,1,0,1,1.3306236143482462,1.0,1.0,0.5714285714285714,0.6225165562913907,175,151
1175371,2019-04-04,Indian Premier League,Delhi Capitals,Sunrisers Hyderabad,Arun Jaitley Stadium,Delhi,4,4,2019,2019,male,Sunrisers Hyderabad,field,JM Bairstow,Sunrisers Hyderabad,5 wickets,,,,16,Unknown,129,0,120,120,131.0,0.0,111.0,111.0,36,62.0,36.0,20.0,2.0,0.0,6.45,7.081081081081081,6.0,10.333333333333334,0,0,1,1.3536948748510131,0.2,1.0,0.4,0.5670103092783505,5,97
1175372,2019-04-05,Indian Premier League,Royal Challengers Bangalore,Kolkata Knight Riders,M.Chinnaswamy Stadium,Bengaluru,5,4,2019,2019,male,Kolkata Knight Riders,field,AD Russell,Kolkata Knight Riders,5 wickets,,,,17,Unknown,205,0,120,120,206.0,0.0,115.0,115.0,53,59.0,52.0,66.0,0.0,1.0,10.25,10.747826086956522,8.833333333333334,9.833333333333334,0,0,1,1.4673726388093875,1.0,1.0,0.4678362573099415,0.5416666666666666,171,168
1178393,2019-04-06,Indian Premier League,Chennai Super Kings,Kings XI Punjab,MA Chidambaram Stadium,Chennai,6,4,2019,2019,male,Chennai Super Kings,bat,Harbhajan Singh,Chennai Super Kings,22 runs,,,,18,Unknown,160,0,120,120,138.0,0.0,120.0,120.0,54,46.0,50.0,28.0,0.0,2.0,8.0,6.9,9.0,7.666666666666667,1,1,0,1.2032863849765258,1.0,1.0,0.625,0.46706586826347307,152,167
1178394,2019-04-06,Indian Premier League,Mumbai Indians,Sunrisers Hyderabad,Rajiv Gandhi International Stadium,Hyderabad,6,4,2019,2019,male,Sunrisers Hyderabad,field,AS Joseph,Mumbai Indians,40 runs,,,,19,Unknown,136,0,120,120,96.0,0.0,106.0,106.0,30,39.0,56.0,7.0,2.0,2.0,6.8,5.433962264150943,5.0,6.5,1,0,1,1.2831809365475202,1.0,1.0,0.5738636363636364,0.5612244897959183,176,98
1178395,2019-04-07,Indian Premier League,Royal Challengers Bangalore,Delhi Capitals,M.Chinnaswamy Stadium,Bengaluru,7,4,2019,2019,male,Delhi Capitals,field,K Rabada,Delhi Capitals,4 wickets,,,,20,Unknown,149,0,120,120,152.0,0.0,113.0,113.0,40,53.0,35.0,21.0,2.0,1.0,7.45,8.070796460176991,6.666666666666667,8.833333333333334,0,0,1,1.4673726388093875,1.0,0.2,0.46511627906976744,0.5,172,6
1178396,2019-04-07,Indian Premier League,Rajasthan Royals,Kolkata Knight Riders,Sawai Mansingh Stadium,Jaipur,7,4,2019,2019,male,Kolkata Knight Riders,field,HF Gurney,Kolkata Knight Riders,8 wickets,,,,21,Unknown,139,0,120,120,140.0,0.0,83.0,83.0,28,65.0,33.0,0.0,1.0,0.0,6.95,10.120481927710843,4.666666666666667,10.833333333333334,0,0,1,1.2792825112107624,1.0,1.0,0.5072463768115942,0.5443786982248521,138,169
1178397,2019-04-08,Indian Premier League,Sunrisers Hyderabad,Kings XI Punjab,Punjab Cricket Association IS Bindra Stadium,Chandigarh,8,4,2019,2019,male,Kings XI Punjab,field,KL Rahul,Kings XI Punjab,6 wickets,,,,22,Unknown,150,0,120,120,151.0,0.0,119.0,119.0,27,38.0,46.0,32.0,1.0,1.0,7.5,7.613445378151261,4.5,6.333333333333333,0,0,1,1.4310415808974888,1.0,1.0,0.5555555555555556,0.47023809523809523,99,168
1178398,2019-04-09,Indian Premier League,Kolkata Knight Riders,Chennai Super Kings,MA Chidambaram Stadium,Chennai,9,4,2019,2019,male,Chennai Super Kings,field,DL Chahar,Chennai Super Kings,7 wickets,,,,23,Unknown,108,0,120,120,111.0,0.0,104.0,104.0,29,40.0,31.0,18.0,4.0,2.0,5.4,6.403846153846154,4.833333333333333,6.666666666666667,0,0,1,1.2032863849765258,1.0,1.0,0.5411764705882353,0.6274509803921569,170,153
1178399,2019-04-10,Indian Premier League,Kings XI Punjab,Mumbai Indians,Wankhede Stadium,Mumbai,10,4,2019,2019,male,Mumbai Indians,field,KA Pollard,Mumbai Indians,3 wickets,,,,24,Unknown,197,0,120,120,198.0,0.0,120.0,120.0,50,50.0,59.0,54.0,0.0,1.0,9.85,9.9,8.333333333333334,8.333333333333334,0,0,1,1.3306236143482462,1.0,1.0,0.46745562130177515,0.576271186440678,169,177
1178400,2019-04-11,Indian Premier League,Rajasthan Royals,Chennai Super Kings,Sawai Mansingh Stadium,Jaipur,11,4,2019,2019,male,Chennai Super Kings,field,MS Dhoni,Chennai Super Kings,4 wickets,,,,25,Unknown,151,0,120,120,155.0,0.0,120.0,120.0,54,24.0,38.0,49.0,3.0,4.0,7.55,7.75,9.0,4.0,0,0,1,1.2792825112107624,1.0,1.0,0.5035971223021583,0.6298701298701299,139,154
1178401,2019-04-12,Indian Premier League,Kolkata Knight Riders,Delhi Capitals,Eden Gardens,Kolkata,12,4,2019,2019,male,Delhi Capitals,field,S Dhawan,Delhi Capitals,7 wickets,,,,26,Unknown,178,1,120,120,180.0,0.0,113.0,113.0,41,57.0,44.0,32.0,1.0,2.0,8.9,9.557522123893806,6.833333333333333,9.5,0,0,1,1.3152101400933955,1.0,0.3,0.5380116959064327,0.5714285714285714,171,7
1178402,2019-04-13,Indian Premier League,Mumbai Indians,Rajasthan Royals,Wankhede Stadium,Mumbai,13,4,2019,2019,male,Rajasthan Royals,field,JC Buttler,Rajasthan Royals,4 wickets,,,,27,Unknown,187,0,120,120,188.0,0.0,117.0,117.0,57,59.0,52.0,20.0,0.0,0.0,9.35,9.64102564102564,9.5,9.833333333333334,0,0,1,1.3306236143482462,1.0,1.0,0.5730337078651685,0.5071428571428571,178,140
1178403,2019-04-13,Indian Premier League,Kings XI Punjab,Royal Challengers Bangalore,Punjab Cricket Association IS Bindra Stadium,Chandigarh,13,4,2019,2019,male,Royal Challengers Bangalore,field,AB de Villiers,Royal Challengers Bangalore,8 wickets,,,,28,Unknown,173,0,120,120,174.0,0.0,116.0,116.0,60,63.0,46.0,44.0,0.0,1.0,8.65,9.0,10.0,10.5,0,0,1,1.4310415808974888,1.0,1.0,0.4647058823529412,0.4682080924855491,170,173
1178404,2019-04-14,Indian Premier League,Kolkata Knight Riders,Chennai Super Kings,Eden Gardens,Kolkata,14,4,2019,2019,male,Chennai Super Kings,field,Imran Tahir,Chennai Super Kings,5 wickets,,,,29,Unknown,161,0,120,120,162.0,0.0,118.0,118.0,49,44.0,19.0,41.0,1.0,2.0,8.05,8.23728813559322,8.166666666666666,7.333333333333333,0,0,1,1.3152101400933955,1.0,1.0,0.5348837209302325,0.632258064516129,172,155
1178405,2019-04-14,Indian Premier League,Delhi Capitals,Sunrisers Hyderabad,Rajiv Gandhi International Stadium,Hyderabad,14,4,2019,2019,male,Sunrisers Hyderabad,field,KMA Paul,Delhi Capitals,39 runs,,,,30,Unknown,155,0,120,120,116.0,0.0,113.0,113.0,51,40.0,29.0,12.0,2.0,0.0,7.75,6.159292035398231,8.5,6.666666666666667,1,0,1,1.2831809365475202,0.4,1.0,0.625,0.55,8,100
1178406,2019-04-15,Indian Premier League,Royal Challengers Bangalore,Mumbai Indians,Wankhede Stadium,Mumbai,15,4,2019,2019,male,Mumbai Indians,field,SL Malinga,Mumbai Indians,5 wickets,,,,31,Unknown,171,0,120,120,172.0,0.0,114.0,114.0,45,67.0,35.0,41.0,1.0,0.0,8.55,9.052631578947368,7.5,11.166666666666666,0,0,1,1.3306236143482462,1.0,1.0,0.46551724137931033,0.5754189944134078,174,179
1178407,2019-04-16,Indian Premier League,Kings XI Punjab,Rajasthan Royals,Punjab Cricket Association IS Bindra Stadium,Chandigarh,16,4,2019,2019,male,Rajasthan Royals,field,R Ashwin,Kings XI Punjab,12 runs,,,,32,Unknown,182,0,120,120,170.0,0.0,120.0,120.0,39,54.0,42.0,43.0,1.0,1.0,9.1,8.5,6.5,9.0,1,0,1,1.4310415808974888,1.0,1.0,0.4678362573099415,0.5035460992907801,171,141
1178408,2019-04-17,Indian Premier League,Chennai Super Kings,Sunrisers Hyderabad,Rajiv Gandhi International Stadium,Hyderabad,17,4,2019,2019,male,Chennai Super Kings,bat,DA Warner,Sunrisers Hyderabad,6 wickets,,,,33,Unknown,132,0,120,120,137.0,0.0,101.0,101.0,41,68.0,24.0,13.0,0.0,1.0,6.6,8.138613861386139,6.833333333333333,11.333333333333334,0,1,0,1.2831809365475202,1.0,1.0,0.6282051282051282,0.5544554455445545,156,101
1178409,2019-04-18,Indian Premier League,Mumbai Indians,Delhi Capitals,Arun Jaitley Stadium,Delhi,18,4,2019,2019,male,Mumbai Indians,bat,HH Pandya,Mumbai Indians,40 runs,,,,34,Unknown,168,0,120,120,128.0,0.0,120.0,120.0,57,48.0,58.0,32.0,0.0,0.0,8.4,6.4,9.5,8.0,1,1,0,1.3536948748510131,1.0,0.5,0.5777777777777777,0.5555555555555556,180,9
1178410,2019-04-19,Indian Premier League,Royal Challengers Bangalore,Kolkata Knight Riders,Eden Gardens,Kolkata,19,4,2019,2019,male,Kolkata Knight Riders,field,V Kohli,Royal Challengers Bangalore,10 runs,,,,35,Unknown,213,0,120,120,203.0,0.0,120.0,120.0,42,37.0,64.0,65.0,1.0,3.0,10.65,10.15,7.0,6.166666666666667,1,0,1,1.3152101400933955,1.0,1.0,0.4685714285714286,0.5317919075144508,175,173
1178411,2019-04-20,Indian Premier League,Mumbai Indians,Rajasthan Royals,Sawai Mansingh Stadium,Jaipur,20,4,2019,2019,male,Rajasthan Royals,field,SPD Smith,Rajasthan Royals,5 wickets,,,,36,Unknown,161,0,120,120,162.0,0.0,115.0,115.0,46,60.0,47.0,25.0,1.0,1.0,8.05,8.452173913043477,7.666666666666667,10.0,0,0,1,1.2792825112107624,1.0,1.0,0.574585635359116,0.5070422535211268,181,142
1178412,2019-04-20,Indian Premier League,Kings XI Punjab,Delhi Capitals,Arun Jaitley Stadium,Delhi,20,4,2019,2019,male,Delhi Capitals,field,SS Iyer,Delhi Capitals,5 wickets,,,,37,Unknown,163,0,120,120,166.0,0.0,118.0,118.0,50,60.0,36.0,30.0,2.0,1.0,8.15,8.440677966101694,8.333333333333334,10.0,0,0,1,1.3536948748510131,1.0,0.5,0.46511627906976744,0.6,172,10
1178413,2019-04-21,Indian Premier League,Kolkata Knight Riders,Sunrisers Hyderabad,Rajiv Gandhi International Stadium,Hyderabad,21,4,2019,2019,male,Sunrisers Hyderabad,field,KK Ahmed,Sunrisers Hyderabad,9 wickets,,,,38,Unknown,159,0,120,120,161.0,0.0,90.0,90.0,61,72.0,33.0,0.0,2.0,0.0,7.95,10.733333333333333,10.166666666666666,12.0,0,0,1,1.2831809365475202,1.0,1.0,0.5287356321839081,0.5588235294117647,174,102
1178414,2019-04-21,Indian Premier League,Royal Challengers Bangalore,Chennai Super Kings,M.Chinnaswamy Stadium,Bengaluru,21,4,2019,2019,male,Chennai Super Kings,field,PA Patel,Royal Challengers Bangalore,1 runs,,,,39,Unknown,161,0,120,120,160.0,0.0,120.0,120.0,49,32.0,37.0,55.0,1.0,4.0,8.05,8.0,8.166666666666666,5.333333333333333,1,0,1,1.4673726388093875,1.0,1.0,0.4715909090909091,0.6242038216560509,176,157
1178415,2019-04-22,Indian Premier League,Rajasthan Royals,Delhi Capitals,Sawai Mansingh Stadium,Jaipur,22,4,2019,2019,male,Delhi Capitals,field,RR Pant,Delhi Capitals,6 wickets,,,,40,Unknown,191,0,120,120,193.0,0.0,116.0,116.0,52,59.0,33.0,42.0,1.0,0.0,9.55,9.982758620689657,8.666666666666666,9.833333333333334,0,0,1,1.2792825112107624,1.0,0.6,0.5034965034965035,0.6363636363636364,143,11
1178416,2019-04-23,Indian Premier League,Sunrisers Hyderabad,Chennai Super Kings,MA Chidambaram Stadium,Chennai,23,4,2019,2019,male,Chennai Super Kings,field,SR Watson,Chennai Super Kings,6 wickets,,,,41,Unknown,175,0,120,120,176.0,0.0,119.0,119.0,54,49.0,37.0,26.0,1.0,1.0,8.75,8.873949579831933,9.0,8.166666666666666,0,0,1,1.2032863849765258,1.0,1.0,0.5533980582524272,0.6265822784810127,103,158
1178417,2019-04-24,Indian Premier League,Royal Challengers Bangalore,Kings XI Punjab,M.Chinnaswamy Stadium,Bengaluru,24,4,2019,2019,male,Kings XI Punjab,field,AB de Villiers,Royal Challengers Bangalore,17 runs,,,,42,Unknown,202,0,120,120,185.0,0.0,120.0,120.0,70,68.0,69.0,29.0,1.0,1.0,10.1,9.25,11.666666666666666,11.333333333333334,1,0,1,1.4673726388093875,1.0,1.0,0.4745762711864407,0.4624277456647399,177,173
1178418,2019-04-25,Indian Premier League,Kolkata Knight Riders,Rajasthan Royals,Eden Gardens,Kolkata,25,4,2019,2019,male,Rajasthan Royals,field,VR Aaron,Rajasthan Royals,3 wickets,,,,43,Unknown,175,0,120,120,177.0,0.0,116.0,116.0,32,55.0,60.0,47.0,2.0,1.0,8.75,9.155172413793103,5.333333333333333,9.166666666666666,0,0,1,1.3152101400933955,1.0,1.0,0.5257142857142857,0.5069444444444444,175,144
1178419,2019-04-26,Indian Premier League,Mumbai Indians,Chennai Super Kings,MA Chidambaram Stadium,Chennai,26,4,2019,2019,male,Chennai Super Kings,field,RG Sharma,Mumbai Indians,46 runs,,,,44,Unknown,155,0,120,120,109.0,0.0,106.0,106.0,45,40.0,34.0,10.0,1.0,3.0,7.75,6.169811320754716,7.5,6.666666666666667,1,0,1,1.2032863849765258,1.0,1.0,0.5769230769230769,0.6226415094339622,182,159
1178420,2019-04-27,Indian Premier League,Sunrisers Hyderabad,Rajasthan Royals,Sawai Mansingh Stadium,Jaipur,27,4,2019,2019,male,Rajasthan Royals,field,JD Unadkat,Rajasthan Royals,7 wickets,,,,45,Unknown,160,0,120,120,161.0,0.0,115.0,115.0,51,60.0,34.0,24.0,1.0,0.0,8.0,8.4,8.5,10.0,0,0,1,1.2792825112107624,1.0,1.0,0.5480769230769231,0.5103448275862069,104,145
1178421,2019-04-28,Indian Premier League,Delhi Capitals,Royal Challengers Bangalore,Arun Jaitley Stadium,Delhi,28,4,2019,2019,male,Delhi Capitals,bat,S Dhawan,Delhi Capitals,16 runs,,,,46,Unknown,187,0,120,120,171.0,0.0,120.0,120.0,59,64.0,56.0,35.0,1.0,1.0,9.35,8.55,9.833333333333334,10.666666666666666,1,1,0,1.3536948748510131,0.7,1.0,0.6666666666666666,0.47191011235955055,12,178
1178422,2019-04-28,Indian Premier League,Kolkata Knight Riders,Mumbai Indians,Eden Gardens,Kolkata,28,4,2019,2019,male,Mumbai Indians,field,AD Russell,Kolkata Knight Riders,34 runs,,,,47,Unknown,232,0,120,120,198.0,0.0,120.0,120.0,50,41.0,68.0,38.0,0.0,2.0,11.6,9.9,8.333333333333334,6.833333333333333,1,0,1,1.3152101400933955,1.0,1.0,0.5284090909090909,0.5737704918032787,176,183
1178423,2019-04-29,Indian Premier League,Sunrisers Hyderabad,Kings XI Punjab,Rajiv Gandhi International Stadium,Hyderabad,29,4,2019,2019,male,Kings XI Punjab,field,DA Warner,Sunrisers Hyderabad,45 runs,,,,48,Unknown,212,0,120,120,167.0,0.0,120.0,120.0,77,44.0,49.0,32.0,0.0,1.0,10.6,8.35,12.833333333333334,7.333333333333333,1,0,1,1.2831809365475202,1.0,1.0,0.5523809523809524,0.45977011494252873,105,174
1178424,2019-04-30,Indian Premier League,Royal Challengers Bangalore,Rajasthan Royals,M.Chinnaswamy Stadium,Bengaluru,30,4,2019,2019,male,Rajasthan Royals,field,Unknown,Unknown,,no result,,,49,Unknown,62,0,30,30,41.0,0.0,20.0,20.0,62,41.0,0.0,0.0,7.0,1.0,12.4,12.299999999999999,10.333333333333334,6.833333333333333,0,0,1,1.4673726388093875,1.0,1.0,0.4692737430167598,0.5136986301369864,179,146
1178425,2019-05-01,Indian Premier League,Chennai Super Kings,Delhi Capitals,MA Chidambaram Stadium,Chennai,1,5,2019,2019,male,Delhi Capitals,field,MS Dhoni,Chennai Super Kings,80 runs,,,,50,Unknown,179,0,120,120,99.0,0.0,98.0,98.0,27,59.0,63.0,0.0,1.0,2.0,8.95,6.061224489795919,4.5,9.833333333333334,1,0,1,1.2032863849765258,1.0,0.8,0.625,0.6153846153846154,160,13
1178426,2019-05-02,Indian Premier League,Mumbai Indians,Sunrisers Hyderabad,Wankhede Stadium,Mumbai,2,5,2019,2019,male,Mumbai Indians,bat,JJ Bumrah,Unknown,,tie,,Mumbai Indians,51,Unknown,162,0,120,120,162.0,0.0,120.0,120.0,44,59.0,42.0,47.0,1.0,2.0,8.1,8.1,7.333333333333333,9.833333333333334,0,1,0,1.3306236143482462,1.0,1.0,0.5706521739130435,0.5566037735849056,184,106
1178427,2019-05-03,Indian Premier League,Kings XI Punjab,Kolkata Knight Riders,Punjab Cricket Association IS Bindra Stadium,Chandigarh,3,5,2019,2019,male,Kolkata Knight Riders,field,Shubman Gill,Kolkata Knight Riders,7 wickets,,,,52,Unknown,183,0,120,120,185.0,0.0,108.0,108.0,41,62.0,51.0,28.0,2.0,1.0,9.15,10.277777777777779,6.833333333333333,10.333333333333334,0,0,1,1.4310415808974888,1.0,1.0,0.45714285714285713,0.5310734463276836,175,177
1178428,2019-05-04,Indian Premier League,Rajasthan Royals,Delhi Capitals,Arun Jaitley Stadium,Delhi,4,5,2019,2019,male,Rajasthan Royals,bat,A Mishra,Delhi Capitals,5 wickets,,,,53,Unknown,115,0,120,120,121.0,0.0,97.0,97.0,30,46.0,40.0,6.0,4.0,2.0,5.75,7.484536082474226,5.0,7.666666666666667,0,1,0,1.3536948748510131,1.0,0.8,0.5102040816326531,0.6428571428571429,147,14
1178429,2019-05-04,Indian Premier League,Sunrisers Hyderabad,Royal Challengers Bangalore,M.Chinnaswamy Stadium,Bengaluru,4,5,2019,2019,male,Royal Challengers Bangalore,field,SO Hetmyer,Royal Challengers Bangalore,4 wickets,,,,54,Unknown,175,0,120,120,178.0,0.0,116.0,116.0,52,49.0,47.0,32.0,1.0,3.0,8.75,9.206896551724139,8.666666666666666,8.166666666666666,0,0,1,1.4673726388093875,1.0,1.0,0.5514018691588785,0.4722222222222222,107,180
1178430,2019-05-05,Indian Premier League,Chennai Super Kings,Kings XI Punjab,Punjab Cricket Association IS Bindra Stadium,Chandigarh,5,5,2019,2019,male,Kings XI Punjab,field,KL Rahul,Kings XI Punjab,6 wickets,,,,55,Unknown,170,0,120,120,173.0,0.0,108.0,108.0,42,68.0,28.0,10.0,1.0,0.0,8.5,9.61111111111111,7.0,11.333333333333334,0,0,1,1.4310415808974888,1.0,1.0,0.6211180124223602,0.4602272727272727,161,176
1178431,2019-05-05,Indian Premier League,Kolkata Knight Riders,Mumbai Indians,Wankhede Stadium,Mumbai,5,5,2019,2019,male,Mumbai Indians,field,HH Pandya,Mumbai Indians,9 wickets,,,,56,Unknown,133,0,120,120,134.0,0.0,97.0,97.0,49,46.0,28.0,6.0,0.0,0.0,6.65,8.288659793814432,8.166666666666666,7.666666666666667,0,0,1,1.3306236143482462,1.0,1.0,0.5280898876404494,0.572972972972973,178,185
1181764,2019-05-07,Indian Premier League,Chennai Super Kings,Mumbai Indians,MA Chidambaram Stadium,Chennai,7,5,2019,2019,male,Chennai Super Kings,bat,SA Yadav,Mumbai Indians,6 wickets,,,,Unknown,Qualifier 1,131,0,120,120,132.0,0.0,111.0,111.0,32,44.0,35.0,16.0,3.0,2.0,6.55,7.135135135135135,5.333333333333333,7.333333333333333,0,1,0,1.2032863849765258,1.0,1.0,0.6172839506172839,0.5752688172043011,162,186
1181766,2019-05-08,Indian Premier League,Sunrisers Hyderabad,Delhi Capitals,Dr. Y.S. Rajasekhara Reddy ACA-VDCA Cricket Stadium,Visakhapatnam,8,5,2019,2019,male,Delhi Capitals,field,RR Pant,Delhi Capitals,2 wickets,,,,Unknown,Eliminator,162,0,120,120,165.0,0.0,119.0,119.0,54,55.0,47.0,44.0,1.0,0.0,8.1,8.319327731092438,9.0,9.166666666666666,0,0,1,1.2334540665130063,1.0,0.9,0.5462962962962963,0.6666666666666666,108,15
1181767,2019-05-10,Indian Premier League,Delhi Capitals,Chennai Super Kings,Dr. Y.S. Rajasekhara Reddy ACA-VDCA Cricket Stadium,Visakhapatnam,10,5,2019,2019,male,Chennai Super Kings,field,F du Plessis,Chennai Super Kings,6 wickets,,,,Unknown,Qualifier 2,147,0,120,120,151.0,0.0,114.0,114.0,41,42.0,45.0,24.0,2.0,0.0,7.35,7.947368421052632,6.833333333333333,7.0,0,0,1,1.2334540665130063,1.0,1.0,0.625,0.6196319018404908,16,163
1181768,2019-05-12,Indian Premier League,Mumbai Indians,Chennai Super Kings,Rajiv Gandhi International Stadium,Hyderabad,12,5,2019,2019,male,Mumbai Indians,bat,JJ Bumrah,Mumbai Indians,1 runs,,,,Unknown,Final,149,0,120,120,148.0,0.0,120.0,120.0,45,53.0,39.0,40.0,2.0,1.0,7.45,7.4,7.5,8.833333333333334,1,1,0,1.2831809365475202,1.0,1.0,0.5775401069518716,0.6158536585365854,187,164
1216492,2020-09-19,Indian Premier League,Mumbai Indians,Chennai Super Kings,Sheikh Zayed Stadium,Abu Dhabi,19,9,2020,2020/21,male,Chennai Super Kings,field,AT Rayudu,Chennai Super Kings,5 wickets,,,,1,Unknown,162,0,120,120,166.0,0.0,116.0,116.0,51,37.0,26.0,45.0,2.0,2.0,8.1,8.586206896551724,8.5,6.166666666666667,0,0,1,1.2789891696750904,1.0,1.0,0.574468085106383,0.6181818181818182,188,165
1216493,2020-09-20,Indian Premier League,Delhi Capitals,Kings XI Punjab,Dubai International Cricket Stadium,Unknown,20,9,2020,2020/21,male,Kings XI Punjab,field,MP Stoinis,Unknown,,tie,,Delhi Capitals,2,Unknown,157,0,120,120,157.0,0.0,120.0,120.0,23,35.0,61.0,52.0,3.0,3.0,7.85,7.85,3.8333333333333335,5.833333333333333,0,0,1,1.286846558019414,1.0,1.0,0.5882352941176471,0.4632768361581921,17,177
1216534,2020-09-21,Indian Premier League,Royal Challengers Bangalore,Sunrisers Hyderabad,Dubai International Cricket Stadium,Unknown,21,9,2020,2020/21,male,Sunrisers Hyderabad,field,YS Chahal,Royal Challengers Bangalore,10 runs,,,,3,Unknown,163,0,120,120,153.0,0.0,118.0,118.0,53,48.0,39.0,26.0,0.0,1.0,8.15,7.779661016949152,8.833333333333334,8.0,1,0,1,1.286846558019414,1.0,1.0,0.47513812154696133,0.5412844036697247,181,109
1216496,2020-09-22,Indian Premier League,Rajasthan Royals,Chennai Super Kings,Sharjah Cricket Stadium,Unknown,22,9,2020,2020/21,male,Chennai Super Kings,field,SV Samson,Rajasthan Royals,16 runs,,,,4,Unknown,216,0,120,120,200.0,0.0,120.0,120.0,54,53.0,50.0,62.0,1.0,0.0,10.8,10.0,9.0,8.833333333333334,1,0,1,1.2864208633093526,1.0,1.0,0.5135135135135135,0.6144578313253012,148,166
1216508,2020-09-23,Indian Premier League,Mumbai Indians,Kolkata Knight Riders,Sheikh Zayed Stadium,Abu Dhabi,23,9,2020,2020/21,male,Kolkata Knight Riders,field,RG Sharma,Mumbai Indians,49 runs,,,,5,Unknown,195,0,120,120,146.0,0.0,120.0,120.0,59,33.0,47.0,44.0,1.0,2.0,9.75,7.3,9.833333333333334,5.5,1,0,1,1.2789891696750904,1.0,1.0,0.5767195767195767,0.5251396648044693,189,179
1216510,2020-09-24,Indian Premier League,Kings XI Punjab,Royal Challengers Bangalore,Dubai International Cricket Stadium,Unknown,24,9,2020,2020/21,male,Royal Challengers Bangalore,field,KL Rahul,Kings XI Punjab,97 runs,,,,6,Unknown,206,0,120,120,109.0,0.0,102.0,102.0,50,40.0,74.0,7.0,0.0,3.0,10.3,6.411764705882353,8.333333333333334,6.666666666666667,1,0,1,1.286846558019414,1.0,1.0,0.46629213483146065,0.4725274725274725,178,182
1216539,2020-09-25,Indian Premier League,Delhi Capitals,Chennai Super Kings,Dubai International Cricket Stadium,Unknown,25,9,2020,2020/21,male,Chennai Super Kings,field,PP Shaw,Delhi Capitals,44 runs,,,,7,Unknown,175,0,120,120,131.0,0.0,120.0,120.0,36,34.0,41.0,30.0,0.0,2.0,8.75,6.55,6.0,5.666666666666667,1,0,1,1.286846558019414,1.0,1.0,0.6111111111111112,0.6107784431137725,18,167
1216545,2020-09-26,Indian Premier League,Sunrisers Hyderabad,Kolkata Knight Riders,Sheikh Zayed Stadium,Abu Dhabi,26,9,2020,2020/21,male,Sunrisers Hyderabad,bat,Shubman Gill,Kolkata Knight Riders,7 wickets,,,,8,Unknown,142,0,120,120,145.0,0.0,108.0,108.0,40,52.0,32.0,25.0,1.0,2.0,7.1,8.055555555555555,6.666666666666667,8.666666666666666,0,1,0,1.2789891696750904,1.0,1.0,0.5363636363636364,0.5277777777777778,110,180
1216527,2020-09-27,Indian Premier League,Kings XI Punjab,Rajasthan Royals,Sharjah Cricket Stadium,Unknown,27,9,2020,2020/21,male,Rajasthan Royals,field,SV Samson,Rajasthan Royals,4 wickets,,,,9,Unknown,223,0,120,120,226.0,0.0,117.0,117.0,60,69.0,45.0,65.0,0.0,1.0,11.15,11.58974358974359,10.0,11.5,0,0,1,1.2864208633093526,1.0,1.0,0.46368715083798884,0.5167785234899329,179,149
1216547,2020-09-28,Indian Premier League,Royal Challengers Bangalore,Mumbai Indians,Dubai International Cricket Stadium,Unknown,28,9,2020,2020/21,male,Mumbai Indians,field,AB de Villiers,Unknown,,tie,,Royal Challengers Bangalore,10,Unknown,201,0,120,120,201.0,0.0,120.0,120.0,59,35.0,65.0,79.0,0.0,2.0,10.05,10.05,9.833333333333334,5.833333333333333,0,0,1,1.286846558019414,1.0,1.0,0.46994535519125685,0.5789473684210527,183,190
1216532,2020-09-29,Indian Premier League,Sunrisers Hyderabad,Delhi Capitals,Sheikh Zayed Stadium,Abu Dhabi,29,9,2020,2020/21,male,Delhi Capitals,field,Rashid Khan,Sunrisers Hyderabad,15 runs,,,,11,Unknown,162,0,120,120,147.0,0.0,120.0,120.0,38,34.0,34.0,33.0,0.0,1.0,8.1,7.35,6.333333333333333,5.666666666666667,1,0,1,1.2789891696750904,1.0,1.0,0.5405405405405406,0.5789473684210527,111,19
1216504,2020-09-30,Indian Premier League,Kolkata Knight Riders,Rajasthan Royals,Dubai International Cricket Stadium,Unknown,30,9,2020,2020/21,male,Rajasthan Royals,field,Shivam Mavi,Kolkata Knight Riders,37 runs,,,,12,Unknown,174,0,120,120,137.0,0.0,120.0,120.0,42,39.0,47.0,40.0,1.0,2.0,8.7,6.85,7.0,6.5,1,0,1,1.286846558019414,1.0,1.0,0.5303867403314917,0.5133333333333333,181,150
1216503,2020-10-01,Indian Premier League,Mumbai Indians,Kings XI Punjab,Sheikh Zayed Stadium,Abu Dhabi,1,10,2020,2020/21,male,Kings XI Punjab,field,KA Pollard,Mumbai Indians,48 runs,,,,13,Unknown,191,0,120,120,143.0,0.0,120.0,120.0,41,41.0,67.0,31.0,2.0,2.0,9.55,7.15,6.833333333333333,6.833333333333333,1,0,1,1.2789891696750904,1.0,1.0,0.581151832460733,0.46111111111111114,191,180
1216516,2020-10-02,Indian Premier League,Sunrisers Hyderabad,Chennai Super Kings,Dubai International Cricket Stadium,Unknown,2,10,2020,2020/21,male,Sunrisers Hyderabad,bat,PK Garg,Sunrisers Hyderabad,7 runs,,,,14,Unknown,164,0,120,120,157.0,0.0,120.0,120.0,42,36.0,53.0,70.0,1.0,3.0,8.2,7.85,7.0,6.0,1,1,0,1.286846558019414,1.0,1.0,0.5446428571428571,0.6071428571428571,112,168
1216515,2020-10-03,Indian Premier League,Delhi Capitals,Kolkata Knight Riders,Sharjah Cricket Stadium,Unknown,3,10,2020,2020/21,male,Kolkata Knight Riders,field,SS Iyer,Delhi Capitals,18 runs,,,,16,Unknown,228,0,120,120,210.0,0.0,120.0,120.0,57,59.0,59.0,59.0,1.0,1.0,11.4,10.5,9.5,9.833333333333334,1,0,1,1.2864208633093526,1.0,1.0,0.6,0.5274725274725275,20,182
1216514,2020-10-03,Indian Premier League,Rajasthan Royals,Royal Challengers Bangalore,Sheikh Zayed Stadium,Abu Dhabi,3,10,2020,2020/21,male,Rajasthan Royals,bat,YS Chahal,Royal Challengers Bangalore,8 wickets,,,,15,Unknown,154,0,120,120,158.0,0.0,115.0,115.0,38,50.0,48.0,34.0,3.0,1.0,7.7,8.243478260869566,6.333333333333333,8.333333333333334,0,1,0,1.2789891696750904,1.0,1.0,0.5099337748344371,0.47282608695652173,151,184
1216513,2020-10-04,Indian Premier League,Kings XI Punjab,Chennai Super Kings,Dubai International Cricket Stadium,Unknown,4,10,2020,2020/21,male,Kings XI Punjab,bat,SR Watson,Chennai Super Kings,10 wickets,,,,18,Unknown,178,0,120,120,181.0,0.0,106.0,106.0,46,60.0,37.0,25.0,0.0,0.0,8.9,10.245283018867925,7.666666666666667,10.0,0,1,0,1.286846558019414,1.0,1.0,0.4585635359116022,0.6094674556213018,181,169
1216538,2020-10-04,Indian Premier League,Mumbai Indians,Sunrisers Hyderabad,Sharjah Cricket Stadium,Unknown,4,10,2020,2020/21,male,Mumbai Indians,bat,TA Boult,Mumbai Indians,34 runs,,,,17,Unknown,208,0,120,120,174.0,0.0,120.0,120.0,48,56.0,59.0,30.0,2.0,1.0,10.4,8.7,8.0,9.333333333333334,1,1,0,1.2864208633093526,1.0,1.0,0.5833333333333334,0.5398230088495575,192,113
1216519,2020-10-05,Indian Premier League,Delhi Capitals,Royal Challengers Bangalore,Dubai International Cricket Stadium,Unknown,5,10,2020,2020/21,male,Royal Challengers Bangalore,field,AR Patel,Delhi Capitals,59 runs,,,,19,Unknown,196,0,120,120,137.0,0.0,120.0,120.0,63,43.0,53.0,22.0,0.0,3.0,9.8,6.85,10.5,7.166666666666667,1,0,1,1.286846558019414,1.0,1.0,0.6190476190476191,0.4702702702702703,21,185
1216511,2020-10-06,Indian Premier League,Mumbai Indians,Rajasthan Royals,Sheikh Zayed Stadium,Abu Dhabi,6,10,2020,2020/21,male,Mumbai Indians,bat,SA Yadav,Mumbai Indians,57 runs,,,,20,Unknown,193,0,120,120,136.0,0.0,109.0,109.0,57,31.0,60.0,21.0,1.0,3.0,9.65,7.486238532110091,9.5,5.166666666666667,1,1,0,1.2789891696750904,1.0,1.0,0.5854922279792746,0.506578947368421,193,152
1216501,2020-10-07,Indian Premier League,Kolkata Knight Riders,Chennai Super Kings,Sheikh Zayed Stadium,Abu Dhabi,7,10,2020,2020/21,male,Kolkata Knight Riders,bat,RA Tripathi,Kolkata Knight Riders,10 runs,,,,21,Unknown,167,0,120,120,157.0,0.0,120.0,120.0,52,54.0,34.0,33.0,1.0,1.0,8.35,7.85,8.666666666666666,9.0,1,1,0,1.2789891696750904,1.0,1.0,0.5300546448087432,0.6058823529411764,183,170
1216542,2020-10-08,Indian Premier League,Sunrisers Hyderabad,Kings XI Punjab,Dubai International Cricket Stadium,Unknown,8,10,2020,2020/21,male,Sunrisers Hyderabad,bat,JM Bairstow,Sunrisers Hyderabad,69 runs,,,,22,Unknown,201,0,120,120,132.0,0.0,101.0,101.0,58,45.0,40.0,1.0,0.0,2.0,10.05,7.841584158415842,9.666666666666666,7.5,1,1,0,1.286846558019414,1.0,1.0,0.543859649122807,0.45604395604395603,114,182
1216500,2020-10-09,Indian Premier League,Delhi Capitals,Rajasthan Royals,Sharjah Cricket Stadium,Unknown,9,10,2020,2020/21,male,Rajasthan Royals,field,R Ashwin,Delhi Capitals,46 runs,,,,23,Unknown,184,0,120,120,138.0,0.0,118.0,118.0,51,41.0,49.0,31.0,3.0,1.0,9.2,7.016949152542373,8.5,6.833333333333333,1,0,1,1.2864208633093526,1.0,1.0,0.6363636363636364,0.5032679738562091,22,153
1216525,2020-10-10,Indian Premier League,Royal Challengers Bangalore,Chennai Super Kings,Dubai International Cricket Stadium,Unknown,10,10,2020,2020/21,male,Royal Challengers Bangalore,bat,V Kohli,Royal Challengers Bangalore,37 runs,,,,25,Unknown,169,0,120,120,132.0,0.0,120.0,120.0,36,26.0,66.0,26.0,1.0,2.0,8.45,6.6,6.0,4.333333333333333,1,1,0,1.286846558019414,1.0,1.0,0.4731182795698925,0.6023391812865497,186,171
1216523,2020-10-10,Indian Premier League,Kolkata Knight Riders,Kings XI Punjab,Sheikh Zayed Stadium,Abu Dhabi,10,10,2020,2020/21,male,Kolkata Knight Riders,bat,KD Karthik,Kolkata Knight Riders,2 runs,,,,24,Unknown,164,0,120,120,162.0,0.0,120.0,120.0,25,47.0,49.0,26.0,2.0,0.0,8.2,8.1,4.166666666666667,7.833333333333333,1,1,0,1.2789891696750904,1.0,1.0,0.532608695652174,0.453551912568306,184,183
1216529,2020-10-11,Indian Premier League,Delhi Capitals,Mumbai Indians,Sheikh Zayed Stadium,Abu Dhabi,11,10,2020,2020/21,male,Delhi Capitals,bat,Q de Kock,Mumbai Indians,5 wickets,,,,27,Unknown,162,0,120,120,166.0,0.0,118.0,118.0,46,44.0,35.0,29.0,2.0,1.0,8.1,8.440677966101694,7.666666666666667,7.333333333333333,0,1,0,1.2789891696750904,1.0,1.0,0.6086956521739131,0.5876288659793815,23,194
1216507,2020-10-11,Indian Premier League,Sunrisers Hyderabad,Rajasthan Royals,Dubai International Cricket Stadium,Unknown,11,10,2020,2020/21,male,Sunrisers Hyderabad,bat,R Tewatia,Rajasthan Royals,5 wickets,,,,26,Unknown,158,0,120,120,163.0,0.0,119.0,119.0,26,36.0,49.0,58.0,1.0,3.0,7.9,8.218487394957984,4.333333333333333,6.0,0,1,0,1.286846558019414,1.0,1.0,0.5391304347826087,0.5064935064935064,115,154
1216540,2020-10-12,Indian Premier League,Royal Challengers Bangalore,Kolkata Knight Riders,Sharjah Cricket Stadium,Unknown,12,10,2020,2020/21,male,Royal Challengers Bangalore,bat,AB de Villiers,Royal Challengers Bangalore,82 runs,,,,28,Unknown,194,0,120,120,112.0,0.0,120.0,120.0,47,43.0,65.0,17.0,0.0,1.0,9.7,5.6,7.833333333333333,7.166666666666667,1,1,0,1.2864208633093526,1.0,1.0,0.47593582887700536,0.5297297297297298,187,185
1216528,2020-10-13,Indian Premier League,Chennai Super Kings,Sunrisers Hyderabad,Dubai International Cricket Stadium,Unknown,13,10,2020,2020/21,male,Chennai Super Kings,bat,RA Jadeja,Chennai Super Kings,20 runs,,,,29,Unknown,167,0,120,120,147.0,0.0,120.0,120.0,44,40.0,48.0,38.0,2.0,2.0,8.35,7.35,7.333333333333333,6.666666666666667,1,1,0,1.286846558019414,1.0,1.0,0.6046511627906976,0.5344827586206896,172,116
1216543,2020-10-14,Indian Premier League,Delhi Capitals,Rajasthan Royals,Dubai International Cricket Stadium,Unknown,14,10,2020,2020/21,male,Delhi Capitals,bat,A Nortje,Delhi Capitals,13 runs,,,,30,Unknown,161,1,120,120,148.0,0.0,120.0,120.0,47,50.0,29.0,23.0,2.0,2.0,8.05,7.4,7.833333333333333,8.333333333333334,1,1,0,1.286846558019414,1.0,1.0,0.625,0.5032258064516129,24,155
1216531,2020-10-15,Indian Premier League,Royal Challengers Bangalore,Kings XI Punjab,Sharjah Cricket Stadium,Unknown,15,10,2020,2020/21,male,Royal Challengers Bangalore,bat,KL Rahul,Kings XI Punjab,8 wickets,,,,31,Unknown,171,0,120,120,177.0,0.0,120.0,120.0,57,56.0,44.0,31.0,1.0,0.0,8.55,8.85,9.5,9.333333333333334,0,1,0,1.2864208633093526,1.0,1.0,0.4734042553191489,0.45652173913043476,188,184
1216526,2020-10-16,Indian Premier League,Kolkata Knight Riders,Mumbai Indians,Sheikh Zayed Stadium,Abu Dhabi,16,10,2020,2020/21,male,Kolkata Knight Riders,bat,Q de Kock,Mumbai Indians,8 wickets,,,,32,Unknown,148,0,120,120,149.0,0.0,101.0,101.0,33,51.0,49.0,8.0,2.0,0.0,7.4,8.851485148514852,5.5,8.5,0,1,0,1.2789891696750904,1.0,1.0,0.5268817204301075,0.5897435897435898,186,195
1216522,2020-10-17,Indian Premier League,Rajasthan Royals,Royal Challengers Bangalore,Dubai International Cricket Stadium,Unknown,17,10,2020,2020/21,male,Rajasthan Royals,bat,AB de Villiers,Royal Challengers Bangalore,7 wickets,,,,33,Unknown,177,0,120,120,179.0,0.0,118.0,118.0,52,47.0,44.0,55.0,1.0,1.0,8.85,9.101694915254237,8.666666666666666,7.833333333333333,0,1,0,1.286846558019414,1.0,1.0,0.5,0.47619047619047616,156,189
1216509,2020-10-17,Indian Premier League,Chennai Super Kings,Delhi Capitals,Sharjah Cricket Stadium,Unknown,17,10,2020,2020/21,male,Chennai Super Kings,bat,S Dhawan,Delhi Capitals,5 wickets,,,,34,Unknown,179,0,120,120,185.0,0.0,119.0,119.0,39,41.0,57.0,46.0,1.0,2.0,8.95,9.327731092436975,6.5,6.833333333333333,0,1,0,1.2864208633093526,1.0,1.0,0.6011560693641619,0.64,173,25
1216517,2020-10-18,Indian Premier League,Mumbai Indians,Kings XI Punjab,Dubai International Cricket Stadium,Unknown,18,10,2020,2020/21,male,Mumbai Indians,bat,KL Rahul,Unknown,,tie,,Kings XI Punjab,36,Unknown,176,0,120,120,176.0,0.0,120.0,120.0,43,51.0,59.0,36.0,3.0,1.0,8.8,8.8,7.166666666666667,8.5,0,1,0,1.286846558019414,1.0,1.0,0.5867346938775511,0.4594594594594595,196,185
1216512,2020-10-18,Indian Premier League,Kolkata Knight Riders,Sunrisers Hyderabad,Sheikh Zayed Stadium,Abu Dhabi,18,10,2020,2020/21,male,Sunrisers Hyderabad,field,LH Ferguson,Unknown,,tie,,Kolkata Knight Riders,35,Unknown,163,0,120,120,163.0,0.0,120.0,120.0,48,58.0,52.0,46.0,1.0,0.0,8.15,8.15,8.0,9.666666666666666,0,0,1,1.2789891696750904,1.0,1.0,0.5240641711229946,0.5384615384615384,187,117
1216533,2020-10-19,Indian Premier League,Chennai Super Kings,Rajasthan Royals,Sheikh Zayed Stadium,Abu Dhabi,19,10,2020,2020/21,male,Chennai Super Kings,bat,JC Buttler,Rajasthan Royals,7 wickets,,,,37,Unknown,125,0,120,120,126.0,0.0,105.0,105.0,43,31.0,29.0,14.0,2.0,3.0,6.25,7.2,7.166666666666667,5.166666666666667,0,1,0,1.2789891696750904,1.0,1.0,0.5977011494252874,0.5031847133757962,174,157
1216546,2020-10-20,Indian Premier League,Delhi Capitals,Kings XI Punjab,Dubai International Cricket Stadium,Unknown,20,10,2020,2020/21,male,Delhi Capitals,bat,S Dhawan,Kings XI Punjab,5 wickets,,,,38,Unknown,164,0,120,120,167.0,0.0,114.0,114.0,53,57.0,38.0,19.0,1.0,3.0,8.2,8.789473684210526,8.833333333333334,9.5,0,1,0,1.286846558019414,1.0,1.0,0.6153846153846154,0.46236559139784944,26,186
1216494,2020-10-21,Indian Premier League,Kolkata Knight Riders,Royal Challengers Bangalore,Sheikh Zayed Stadium,Abu Dhabi,21,10,2020,2020/21,male,Kolkata Knight Riders,bat,Mohammed Siraj,Royal Challengers Bangalore,8 wickets,,,,39,Unknown,84,0,120,120,85.0,0.0,81.0,81.0,17,44.0,26.0,0.0,4.0,0.0,4.2,6.296296296296297,2.8333333333333335,7.333333333333333,0,1,0,1.2789891696750904,1.0,1.0,0.5212765957446809,0.4789473684210526,188,190
1216518,2020-10-22,Indian Premier League,Rajasthan Royals,Sunrisers Hyderabad,Dubai International Cricket Stadium,Unknown,22,10,2020,2020/21,male,Sunrisers Hyderabad,field,MK Pandey,Sunrisers Hyderabad,8 wickets,,,,40,Unknown,154,0,120,120,156.0,0.0,109.0,109.0,47,58.0,41.0,25.0,1.0,2.0,7.7,8.587155963302752,7.833333333333333,9.666666666666666,0,0,1,1.286846558019414,1.0,1.0,0.5,0.5423728813559322,158,118
1216521,2020-10-23,Indian Premier League,Chennai Super Kings,Mumbai Indians,Sharjah Cricket Stadium,Unknown,23,10,2020,2020/21,male,Mumbai Indians,field,TA Boult,Mumbai Indians,10 wickets,,,,41,Unknown,114,0,120,120,116.0,0.0,74.0,74.0,24,52.0,41.0,0.0,5.0,0.0,5.7,9.405405405405405,4.0,8.666666666666666,0,0,1,1.2864208633093526,1.0,1.0,0.5942857142857143,0.5888324873096447,175,197
1216497,2020-10-24,Indian Premier League,Kolkata Knight Riders,Delhi Capitals,Sheikh Zayed Stadium,Abu Dhabi,24,10,2020,2020/21,male,Delhi Capitals,field,CV Varun,Kolkata Knight Riders,59 runs,,,,42,Unknown,194,0,120,120,135.0,1.0,120.0,120.0,36,36.0,43.0,23.0,2.0,2.0,9.7,6.75,6.0,6.0,1,0,1,1.2789891696750904,1.0,1.0,0.5238095238095238,0.5925925925925926,189,27
1216498,2020-10-24,Indian Premier League,Kings XI Punjab,Sunrisers Hyderabad,Dubai International Cricket Stadium,Unknown,24,10,2020,2020/21,male,Sunrisers Hyderabad,field,CJ Jordan,Kings XI Punjab,12 runs,,,,43,Unknown,126,0,120,120,114.0,0.0,119.0,119.0,47,52.0,32.0,15.0,1.0,0.0,6.3,5.7478991596638656,7.833333333333333,8.666666666666666,1,0,1,1.286846558019414,1.0,1.0,0.46524064171123,0.5378151260504201,187,119
1216544,2020-10-25,Indian Premier League,Royal Challengers Bangalore,Chennai Super Kings,Dubai International Cricket Stadium,Unknown,25,10,2020,2020/21,male,Royal Challengers Bangalore,bat,RD Gaikwad,Chennai Super Kings,8 wickets,,,,44,Unknown,145,0,120,120,150.0,0.0,112.0,112.0,46,48.0,31.0,19.0,1.0,1.0,7.25,8.035714285714285,7.666666666666667,8.0,0,1,0,1.286846558019414,1.0,1.0,0.47643979057591623,0.5965909090909091,191,176
1216541,2020-10-25,Indian Premier League,Mumbai Indians,Rajasthan Royals,Sheikh Zayed Stadium,Abu Dhabi,25,10,2020,2020/21,male,Mumbai Indians,bat,BA Stokes,Rajasthan Royals,8 wickets,,,,45,Unknown,195,0,120,120,196.0,0.0,110.0,110.0,59,55.0,74.0,24.0,1.0,2.0,9.75,10.690909090909091,9.833333333333334,9.166666666666666,0,1,0,1.2789891696750904,1.0,1.0,0.5858585858585859,0.5031446540880503,198,159
1216520,2020-10-26,Indian Premier League,Kolkata Knight Riders,Kings XI Punjab,Sharjah Cricket Stadium,Unknown,26,10,2020,2020/21,male,Kings XI Punjab,field,CH Gayle,Kings XI Punjab,8 wickets,,,,46,Unknown,149,0,120,120,150.0,0.0,113.0,113.0,54,36.0,35.0,27.0,3.0,0.0,7.45,7.964601769911505,9.0,6.0,0,0,1,1.2864208633093526,1.0,1.0,0.5210526315789473,0.46808510638297873,190,188
1216524,2020-10-27,Indian Premier League,Sunrisers Hyderabad,Delhi Capitals,Dubai International Cricket Stadium,Unknown,27,10,2020,2020/21,male,Delhi Capitals,field,WP Saha,Sunrisers Hyderabad,88 runs,,,,47,Unknown,219,0,120,120,131.0,0.0,114.0,114.0,77,54.0,38.0,28.0,0.0,2.0,10.95,6.894736842105263,12.833333333333334,9.0,1,0,1,1.286846558019414,1.0,1.0,0.5416666666666666,0.5714285714285714,120,28
1216499,2020-10-28,Indian Premier League,Royal Challengers Bangalore,Mumbai Indians,Sheikh Zayed Stadium,Abu Dhabi,28,10,2020,2020/21,male,Mumbai Indians,field,SA Yadav,Mumbai Indians,5 wickets,,,,48,Unknown,164,0,120,120,166.0,0.0,115.0,115.0,54,45.0,30.0,36.0,0.0,1.0,8.2,8.660869565217391,9.0,7.5,0,0,1,1.2789891696750904,1.0,1.0,0.4739583333333333,0.5879396984924623,192,199
1216536,2020-10-29,Indian Premier League,Kolkata Knight Riders,Chennai Super Kings,Dubai International Cricket Stadium,Unknown,29,10,2020,2020/21,male,Chennai Super Kings,field,RD Gaikwad,Chennai Super Kings,6 wickets,,,,49,Unknown,172,0,120,120,178.0,0.0,120.0,120.0,48,44.0,47.0,50.0,0.0,0.0,8.6,8.9,8.0,7.333333333333333,0,0,1,1.286846558019414,1.0,1.0,0.518324607329843,0.5988700564971752,191,177
1216537,2020-10-30,Indian Premier League,Kings XI Punjab,Rajasthan Royals,Sheikh Zayed Stadium,Abu Dhabi,30,10,2020,2020/21,male,Rajasthan Royals,field,BA Stokes,Rajasthan Royals,7 wickets,,,,50,Unknown,185,0,120,120,186.0,0.0,105.0,105.0,53,66.0,48.0,30.0,1.0,1.0,9.25,10.628571428571428,8.833333333333334,11.0,0,0,1,1.2789891696750904,1.0,1.0,0.4656084656084656,0.50625,189,160
1216502,2020-10-31,Indian Premier League,Royal Challengers Bangalore,Sunrisers Hyderabad,Sharjah Cricket Stadium,Unknown,31,10,2020,2020/21,male,Sunrisers Hyderabad,field,Sandeep Sharma,Sunrisers Hyderabad,5 wickets,,,,52,Unknown,120,0,120,120,121.0,0.0,85.0,85.0,30,58.0,21.0,0.0,2.0,1.0,6.0,8.541176470588235,5.0,9.666666666666666,0,0,1,1.2864208633093526,1.0,1.0,0.47150259067357514,0.5454545454545454,193,121
1216535,2020-10-31,Indian Premier League,Delhi Capitals,Mumbai Indians,Dubai International Cricket Stadium,Unknown,31,10,2020,2020/21,male,Mumbai Indians,field,Ishan Kishan,Mumbai Indians,9 wickets,,,,51,Unknown,110,0,120,120,111.0,0.0,86.0,86.0,22,38.0,23.0,0.0,2.0,0.0,5.5,7.7441860465116275,3.6666666666666665,6.333333333333333,0,0,1,1.286846558019414,1.0,1.0,0.5517241379310345,0.59,29,200
1216530,2020-11-01,Indian Premier League,Kolkata Knight Riders,Rajasthan Royals,Dubai International Cricket Stadium,Unknown,1,11,2020,2020/21,male,Rajasthan Royals,field,PJ Cummins,Kolkata Knight Riders,60 runs,,,,54,Unknown,191,0,120,120,131.0,0.0,120.0,120.0,55,41.0,45.0,19.0,1.0,5.0,9.55,6.55,9.166666666666666,6.833333333333333,1,0,1,1.286846558019414,1.0,1.0,0.5208333333333334,0.5031055900621118,192,161
1216506,2020-11-01,Indian Premier League,Kings XI Punjab,Chennai Super Kings,Sheikh Zayed Stadium,Abu Dhabi,1,11,2020,2020/21,male,Chennai Super Kings,field,RD Gaikwad,Chennai Super Kings,9 wickets,,,,53,Unknown,153,0,120,120,154.0,0.0,113.0,113.0,53,57.0,46.0,24.0,1.0,0.0,7.65,8.176991150442479,8.833333333333334,9.5,0,0,1,1.2789891696750904,1.0,1.0,0.4631578947368421,0.601123595505618,190,178
1216505,2020-11-02,Indian Premier League,Royal Challengers Bangalore,Delhi Capitals,Sheikh Zayed Stadium,Abu Dhabi,2,11,2020,2020/21,male,Delhi Capitals,field,A Nortje,Delhi Capitals,6 wickets,,,,55,Unknown,152,0,120,120,154.0,0.0,114.0,114.0,40,53.0,40.0,26.0,1.0,1.0,7.6,8.105263157894736,6.666666666666667,8.833333333333334,0,0,1,1.2789891696750904,1.0,1.0,0.4690721649484536,0.5666666666666667,194,30
1216495,2020-11-03,Indian Premier League,Mumbai Indians,Sunrisers Hyderabad,Sharjah Cricket Stadium,Unknown,3,11,2020,2020/21,male,Sunrisers Hyderabad,field,S Nadeem,Sunrisers Hyderabad,10 wickets,,,,56,Unknown,149,0,120,120,151.0,0.0,103.0,103.0,48,56.0,40.0,7.0,2.0,0.0,7.45,8.796116504854368,8.0,9.333333333333334,0,0,1,1.2864208633093526,1.0,1.0,0.5870646766169154,0.5491803278688525,201,122
1237177,2020-11-05,Indian Premier League,Mumbai Indians,Delhi Capitals,Dubai International Cricket Stadium,Unknown,5,11,2020,2020/21,male,Delhi Capitals,field,JJ Bumrah,Mumbai Indians,57 runs,,,,Unknown,Qualifier 1,200,0,120,120,143.0,0.0,120.0,120.0,63,32.0,60.0,31.0,1.0,4.0,10.0,7.15,10.5,5.333333333333333,1,0,1,1.286846558019414,1.0,1.0,0.5891089108910891,0.5483870967741935,202,31
1237178,2020-11-06,Indian Premier League,Royal Challengers Bangalore,Sunrisers Hyderabad,Sheikh Zayed Stadium,Abu Dhabi,6,11,2020,2020/21,male,Sunrisers Hyderabad,field,KS Williamson,Sunrisers Hyderabad,6 wickets,,,,Unknown,Eliminator,131,0,120,120,132.0,0.0,118.0,118.0,32,48.0,27.0,35.0,2.0,2.0,6.55,6.711864406779661,5.333333333333333,8.0,0,0,1,1.2789891696750904,1.0,1.0,0.4666666666666667,0.5528455284552846,195,123
1237180,2020-11-08,Indian Premier League,Delhi Capitals,Sunrisers Hyderabad,Sheikh Zayed Stadium,Abu Dhabi,8,11,2020,2020/21,male,Delhi Capitals,bat,MP Stoinis,Delhi Capitals,17 runs,,,,Unknown,Qualifier 2,189,0,120,120,172.0,0.0,120.0,120.0,65,49.0,44.0,33.0,0.0,3.0,9.45,8.6,10.833333333333334,8.166666666666666,1,1,0,1.2789891696750904,1.0,1.0,0.5625,0.5483870967741935,32,124
1237181,2020-11-10,Indian Premier League,Delhi Capitals,Mumbai Indians,Dubai International Cricket Stadium,Unknown,10,11,2020,2020/21,male,Delhi Capitals,bat,TA Boult,Mumbai Indians,5 wickets,,,,Unknown,Final,156,1,120,120,157.0,0.0,112.0,112.0,41,61.0,31.0,20.0,3.0,1.0,7.8,8.410714285714285,6.833333333333333,10.166666666666666,0,1,0,1.286846558019414,1.0,1.0,0.5454545454545454,0.5911330049261084,33,203
1254058,2021-04-09,Indian Premier League,Mumbai Indians,Royal Challengers Bangalore,"MA Chidambaram Stadium, Chepauk, Chennai",Chennai,9,4,2021,2021,male,Royal Challengers Bangalore,field,HV Patel,Royal Challengers Bangalore,2 wickets,,,,1,Unknown,159,0,120,120,160.0,0.0,120.0,120.0,41,46.0,24.0,39.0,1.0,2.0,7.95,8.0,6.833333333333333,7.666666666666667,0,0,1,1.3263333333333334,1.0,1.0,0.5882352941176471,0.46938775510204084,204,196
1254059,2021-04-10,Indian Premier League,Chennai Super Kings,Delhi Capitals,"Wankhede Stadium, Mumbai",Mumbai,10,4,2021,2021,male,Delhi Capitals,field,S Dhawan,Delhi Capitals,7 wickets,,,,2,Unknown,188,0,120,120,190.0,0.0,112.0,112.0,33,65.0,45.0,32.0,2.0,0.0,9.4,10.178571428571427,5.5,10.833333333333334,0,0,1,1.4457822259011213,1.0,1.0,0.5977653631284916,0.5588235294117647,179,34
1254060,2021-04-11,Indian Premier League,Kolkata Knight Riders,Sunrisers Hyderabad,"MA Chidambaram Stadium, Chepauk, Chennai",Chennai,11,4,2021,2021,male,Sunrisers Hyderabad,field,N Rana,Kolkata Knight Riders,10 runs,,,,3,Unknown,187,0,120,120,177.0,0.0,120.0,120.0,50,35.0,35.0,46.0,0.0,2.0,9.35,8.85,8.333333333333334,5.833333333333333,1,0,1,1.3263333333333334,1.0,1.0,0.5233160621761658,0.544,193,125
1254061,2021-04-12,Indian Premier League,Punjab Kings,Rajasthan Royals,"Wankhede Stadium, Mumbai",Mumbai,12,4,2021,2021,male,Rajasthan Royals,field,SV Samson,Punjab Kings,4 runs,,,,4,Unknown,221,0,120,120,217.0,0.0,120.0,120.0,46,59.0,49.0,43.0,1.0,2.0,11.05,10.85,7.666666666666667,9.833333333333334,1,0,1,1.4457822259011213,0.5,1.0,1.0,0.5,1,162
1254062,2021-04-13,Indian Premier League,Mumbai Indians,Kolkata Knight Riders,"MA Chidambaram Stadium, Chepauk, Chennai",Chennai,13,4,2021,2021,male,Kolkata Knight Riders,field,RD Chahar,Mumbai Indians,10 runs,,,,5,Unknown,152,0,120,120,142.0,0.0,120.0,120.0,42,45.0,33.0,19.0,1.0,0.0,7.6,7.1,7.0,7.5,1,0,1,1.3263333333333334,1.0,1.0,0.5902439024390244,0.520618556701031,205,194
1254063,2021-04-14,Indian Premier League,Royal Challengers Bangalore,Sunrisers Hyderabad,"MA Chidambaram Stadium, Chepauk, Chennai",Chennai,14,4,2021,2021,male,Sunrisers Hyderabad,field,GJ Maxwell,Royal Challengers Bangalore,6 runs,,,,6,Unknown,149,0,120,120,143.0,0.0,120.0,120.0,47,50.0,43.0,28.0,1.0,1.0,7.45,7.15,7.833333333333333,8.333333333333334,1,0,1,1.3263333333333334,1.0,1.0,0.4720812182741117,0.5396825396825397,197,126
1254064,2021-04-15,Indian Premier League,Delhi Capitals,Rajasthan Royals,"Wankhede Stadium, Mumbai",Mumbai,15,4,2021,2021,male,Rajasthan Royals,field,JD Unadkat,Rajasthan Royals,3 wickets,,,,7,Unknown,147,0,120,120,150.0,0.0,118.0,118.0,36,26.0,40.0,45.0,3.0,3.0,7.35,7.627118644067796,6.0,4.333333333333333,0,0,1,1.4457822259011213,1.0,1.0,0.5428571428571428,0.5030674846625767,35,163
1254065,2021-04-16,Indian Premier League,Punjab Kings,Chennai Super Kings,"Wankhede Stadium, Mumbai",Mumbai,16,4,2021,2021,male,Chennai Super Kings,field,DL Chahar,Chennai Super Kings,6 wickets,,,,8,Unknown,106,0,120,120,107.0,0.0,94.0,94.0,26,32.0,25.0,0.0,4.0,1.0,5.3,6.829787234042554,4.333333333333333,5.333333333333333,0,0,1,1.4457822259011213,0.1,1.0,0.5,0.6,2,180
1254066,2021-04-17,Indian Premier League,Mumbai Indians,Sunrisers Hyderabad,"MA Chidambaram Stadium, Chepauk, Chennai",Chennai,17,4,2021,2021,male,Mumbai Indians,bat,KA Pollard,Mumbai Indians,13 runs,,,,9,Unknown,150,0,120,120,137.0,0.0,118.0,118.0,53,57.0,43.0,17.0,0.0,0.0,7.5,6.966101694915253,8.833333333333334,9.5,1,1,0,1.3263333333333334,1.0,1.0,0.5922330097087378,0.5354330708661418,206,127
1254067,2021-04-18,Indian Premier League,Royal Challengers Bangalore,Kolkata Knight Riders,"MA Chidambaram Stadium, Chepauk, Chennai",Chennai,18,4,2021,2021,male,Royal Challengers Bangalore,bat,AB de Villiers,Royal Challengers Bangalore,38 runs,,,,10,Unknown,204,0,120,120,166.0,0.0,120.0,120.0,45,57.0,59.0,40.0,2.0,2.0,10.2,8.3,7.5,9.5,1,1,0,1.3263333333333334,1.0,1.0,0.47474747474747475,0.517948717948718,198,195
1254068,2021-04-18,Indian Premier League,Punjab Kings,Delhi Capitals,"Wankhede Stadium, Mumbai",Mumbai,18,4,2021,2021,male,Delhi Capitals,field,S Dhawan,Delhi Capitals,6 wickets,,,,11,Unknown,195,0,120,120,198.0,0.0,110.0,110.0,59,62.0,45.0,38.0,0.0,1.0,9.75,10.8,9.833333333333334,10.333333333333334,0,0,1,1.4457822259011213,0.1,1.0,0.3333333333333333,0.5555555555555556,3,36
1254069,2021-04-19,Indian Premier League,Chennai Super Kings,Rajasthan Royals,"Wankhede Stadium, Mumbai",Mumbai,19,4,2021,2021,male,Rajasthan Royals,field,MM Ali,Chennai Super Kings,45 runs,,,,12,Unknown,188,0,120,120,143.0,0.0,120.0,120.0,46,45.0,55.0,38.0,2.0,2.0,9.4,7.15,7.666666666666667,7.5,1,0,1,1.4457822259011213,1.0,1.0,0.6022099447513812,0.5,181,164
1254070,2021-04-20,Indian Premier League,Mumbai Indians,Delhi Capitals,"MA Chidambaram Stadium, Chepauk, Chennai",Chennai,20,4,2021,2021,male,Mumbai Indians,bat,A Mishra,Delhi Capitals,6 wickets,,,,13,Unknown,137,0,120,120,138.0,0.0,115.0,115.0,55,39.0,23.0,31.0,1.0,1.0,6.85,7.199999999999999,9.166666666666666,6.5,0,1,0,1.3263333333333334,1.0,1.0,0.5893719806763285,0.5675675675675675,207,37
1254072,2021-04-21,Indian Premier League,Chennai Super Kings,Kolkata Knight Riders,"Wankhede Stadium, Mumbai",Mumbai,21,4,2021,2021,male,Kolkata Knight Riders,field,F du Plessis,Chennai Super Kings,18 runs,,,,15,Unknown,220,0,120,120,202.0,0.0,115.0,115.0,54,45.0,65.0,26.0,0.0,5.0,11.0,10.539130434782608,9.0,7.5,1,0,1,1.4457822259011213,1.0,1.0,0.6043956043956044,0.5153061224489796,182,196
1254071,2021-04-21,Indian Premier League,Punjab Kings,Sunrisers Hyderabad,"MA Chidambaram Stadium, Chepauk, Chennai",Chennai,21,4,2021,2021,male,Punjab Kings,bat,JM Bairstow,Sunrisers Hyderabad,9 wickets,,,,14,Unknown,120,0,118,118,121.0,0.0,112.0,112.0,32,50.0,22.0,21.0,1.0,0.0,6.101694915254237,6.482142857142857,5.333333333333333,8.333333333333334,0,1,0,1.3263333333333334,0.1,1.0,0.25,0.5390625,4,128
1254073,2021-04-22,Indian Premier League,Rajasthan Royals,Royal Challengers Bangalore,"Wankhede Stadium, Mumbai",Mumbai,22,4,2021,2021,male,Royal Challengers Bangalore,field,D Padikkal,Royal Challengers Bangalore,10 wickets,,,,16,Unknown,177,0,120,120,181.0,0.0,99.0,99.0,32,59.0,41.0,11.0,3.0,0.0,8.85,10.969696969696969,5.333333333333333,9.833333333333334,0,0,1,1.4457822259011213,1.0,1.0,0.49696969696969695,0.47738693467336685,165,199
1254074,2021-04-23,Indian Premier League,Mumbai Indians,Punjab Kings,"MA Chidambaram Stadium, Chepauk, Chennai",Chennai,23,4,2021,2021,male,Punjab Kings,field,KL Rahul,Punjab Kings,9 wickets,,,,17,Unknown,131,0,120,120,132.0,0.0,106.0,106.0,21,45.0,26.0,24.0,1.0,0.0,6.55,7.471698113207546,3.5,7.5,0,0,1,1.3263333333333334,1.0,0.1,0.5865384615384616,0.4,208,5
1254075,2021-04-24,Indian Premier League,Kolkata Knight Riders,Rajasthan Royals,"Wankhede Stadium, Mumbai",Mumbai,24,4,2021,2021,male,Rajasthan Royals,field,CH Morris,Rajasthan Royals,6 wickets,,,,18,Unknown,133,0,120,120,134.0,0.0,113.0,113.0,25,50.0,35.0,21.0,1.0,2.0,6.65,7.115044247787611,4.166666666666667,8.333333333333334,0,0,1,1.4457822259011213,1.0,1.0,0.5126903553299492,0.5,197,166
1254076,2021-04-25,Indian Premier League,Chennai Super Kings,Royal Challengers Bangalore,"Wankhede Stadium, Mumbai",Mumbai,25,4,2021,2021,male,Chennai Super Kings,bat,RA Jadeja,Chennai Super Kings,69 runs,,,,19,Unknown,191,0,120,120,122.0,0.0,120.0,120.0,51,65.0,57.0,19.0,0.0,2.0,9.55,6.1,8.5,10.833333333333334,1,1,0,1.4457822259011213,1.0,1.0,0.6065573770491803,0.475,183,200
1254077,2021-04-25,Indian Premier League,Delhi Capitals,Sunrisers Hyderabad,"MA Chidambaram Stadium, Chepauk, Chennai",Chennai,25,4,2021,2021,male,Delhi Capitals,bat,PP Shaw,Unknown,,tie,,Delhi Capitals,20,Unknown,159,0,120,120,159.0,0.0,120.0,120.0,51,56.0,32.0,42.0,0.0,2.0,7.95,7.95,8.5,9.333333333333334,0,1,0,1.3263333333333334,1.0,1.0,0.5526315789473685,0.5426356589147286,38,129
1254078,2021-04-26,Indian Premier League,Punjab Kings,Kolkata Knight Riders,"Narendra Modi Stadium, Ahmedabad",Ahmedabad,26,4,2021,2021,male,Kolkata Knight Riders,field,EJG Morgan,Kolkata Knight Riders,5 wickets,,,,21,Unknown,123,0,120,120,126.0,0.0,100.0,100.0,37,42.0,32.0,11.0,1.0,3.0,6.15,7.56,6.166666666666667,7.0,0,0,1,1.4904598825831703,0.2,1.0,0.3333333333333333,0.5151515151515151,6,198
1254079,2021-04-27,Indian Premier League,Royal Challengers Bangalore,Delhi Capitals,"Narendra Modi Stadium, Ahmedabad",Ahmedabad,27,4,2021,2021,male,Delhi Capitals,field,AB de Villiers,Royal Challengers Bangalore,1 runs,,,,22,Unknown,171,0,120,120,170.0,0.0,120.0,120.0,36,43.0,47.0,54.0,2.0,2.0,8.55,8.5,6.0,7.166666666666667,1,0,1,1.4904598825831703,1.0,1.0,0.47761194029850745,0.5384615384615384,201,39
1254080,2021-04-28,Indian Premier League,Sunrisers Hyderabad,Chennai Super Kings,"Arun Jaitley Stadium, Delhi",Delhi,28,4,2021,2021,male,Sunrisers Hyderabad,bat,RD Gaikwad,Chennai Super Kings,7 wickets,,,,23,Unknown,171,0,120,120,173.0,0.0,111.0,111.0,39,50.0,50.0,23.0,1.0,0.0,8.55,9.35135135135135,6.5,8.333333333333334,0,1,0,1.550663645192619,1.0,1.0,0.5384615384615384,0.6086956521739131,130,184
1254081,2021-04-29,Indian Premier League,Rajasthan Royals,Mumbai Indians,"Arun Jaitley Stadium, Delhi",Delhi,29,4,2021,2021,male,Mumbai Indians,field,Q de Kock,Mumbai Indians,7 wickets,,,,24,Unknown,171,0,120,120,172.0,0.0,111.0,111.0,47,49.0,31.0,32.0,0.0,1.0,8.55,9.297297297297296,7.833333333333333,8.166666666666666,0,0,1,1.550663645192619,1.0,1.0,0.49700598802395207,0.5885167464114832,167,209
1254082,2021-04-29,Indian Premier League,Kolkata Knight Riders,Delhi Capitals,"Narendra Modi Stadium, Ahmedabad",Ahmedabad,29,4,2021,2021,male,Delhi Capitals,field,PP Shaw,Delhi Capitals,7 wickets,,,,25,Unknown,154,0,120,120,156.0,0.0,99.0,99.0,45,67.0,49.0,6.0,1.0,0.0,7.7,9.454545454545455,7.5,11.166666666666666,0,0,1,1.4904598825831703,1.0,1.0,0.5125628140703518,0.55,199,40
1254083,2021-04-30,Indian Premier League,Punjab Kings,Royal Challengers Bangalore,"Narendra Modi Stadium, Ahmedabad",Ahmedabad,30,4,2021,2021,male,Royal Challengers Bangalore,field,Harpreet Brar,Punjab Kings,34 runs,,,,26,Unknown,179,0,120,120,145.0,0.0,120.0,120.0,49,36.0,53.0,49.0,1.0,1.0,8.95,7.25,8.166666666666666,6.0,1,0,1,1.4904598825831703,0.2,1.0,0.42857142857142855,0.4752475247524752,7,202
1254084,2021-05-01,Indian Premier League,Chennai Super Kings,Mumbai Indians,"Arun Jaitley Stadium, Delhi",Delhi,1,5,2021,2021,male,Mumbai Indians,field,KA Pollard,Mumbai Indians,4 wickets,,,,27,Unknown,218,0,120,120,219.0,0.0,120.0,120.0,49,58.0,65.0,50.0,1.0,0.0,10.9,10.95,8.166666666666666,9.666666666666666,0,0,1,1.550663645192619,1.0,1.0,0.6054054054054054,0.5904761904761905,185,210
1254085,2021-05-02,Indian Premier League,Rajasthan Royals,Sunrisers Hyderabad,"Arun Jaitley Stadium, Delhi",Delhi,2,5,2021,2021,male,Sunrisers Hyderabad,field,JC Buttler,Rajasthan Royals,55 runs,,,,28,Unknown,220,0,120,120,165.0,0.0,120.0,120.0,42,57.0,61.0,25.0,1.0,0.0,11.0,8.25,7.0,9.5,1,0,1,1.550663645192619,1.0,1.0,0.5,0.5343511450381679,168,131
1254086,2021-05-02,Indian Premier League,Punjab Kings,Delhi Capitals,"Narendra Modi Stadium, Ahmedabad",Ahmedabad,2,5,2021,2021,male,Delhi Capitals,field,MA Agarwal,Delhi Capitals,7 wickets,,,,29,Unknown,166,0,120,120,167.0,0.0,106.0,106.0,39,63.0,49.0,23.0,2.0,0.0,8.3,9.452830188679245,6.5,10.5,0,0,1,1.4904598825831703,0.3,1.0,0.375,0.5609756097560976,8,41
1254104,2021-09-19,Indian Premier League,Chennai Super Kings,Mumbai Indians,Dubai International Cricket Stadium,Dubai,19,9,2021,2021,male,Chennai Super Kings,bat,RD Gaikwad,Chennai Super Kings,20 runs,,,,30,Unknown,156,0,120,120,136.0,0.0,120.0,120.0,24,41.0,58.0,32.0,5.0,3.0,7.8,6.8,4.0,6.833333333333333,1,1,0,1.286846558019414,1.0,1.0,0.6075268817204301,0.5876777251184834,186,211
1254087,2021-09-20,Indian Premier League,Royal Challengers Bangalore,Kolkata Knight Riders,"Zayed Cricket Stadium, Abu Dhabi",Abu Dhabi,20,9,2021,2021,male,Royal Challengers Bangalore,bat,CV Varun,Kolkata Knight Riders,9 wickets,,,,31,Unknown,92,0,114,114,94.0,0.0,60.0,60.0,41,56.0,13.0,0.0,2.0,0.0,4.842105263157895,9.4,6.833333333333333,9.333333333333334,0,1,0,1.3207043756670225,1.0,1.0,0.4729064039408867,0.515,203,200
1254111,2021-09-21,Indian Premier League,Rajasthan Royals,Punjab Kings,Dubai International Cricket Stadium,Dubai,21,9,2021,2021,male,Punjab Kings,field,Kartik Tyagi,Rajasthan Royals,2 runs,,,,32,Unknown,185,0,120,120,183.0,0.0,120.0,120.0,57,49.0,21.0,29.0,1.0,0.0,9.25,9.15,9.5,8.166666666666666,1,0,1,1.286846558019414,1.0,0.3,0.5029585798816568,0.3333333333333333,169,9
1254105,2021-09-22,Indian Premier League,Sunrisers Hyderabad,Delhi Capitals,Dubai International Cricket Stadium,Dubai,22,9,2021,2021,male,Sunrisers Hyderabad,bat,A Nortje,Delhi Capitals,8 wickets,,,,33,Unknown,134,0,120,120,139.0,0.0,107.0,107.0,32,39.0,37.0,29.0,2.0,1.0,6.7,7.794392523364486,5.333333333333333,6.5,0,1,0,1.286846558019414,1.0,1.0,0.5303030303030303,0.5714285714285714,132,42
1254096,2021-09-23,Indian Premier League,Mumbai Indians,Kolkata Knight Riders,"Zayed Cricket Stadium, Abu Dhabi",Abu Dhabi,23,9,2021,2021,male,Kolkata Knight Riders,field,SP Narine,Kolkata Knight Riders,7 wickets,,,,34,Unknown,155,0,120,120,159.0,0.0,91.0,91.0,56,63.0,36.0,0.0,0.0,1.0,7.75,10.483516483516484,9.333333333333334,10.5,0,0,1,1.3207043756670225,1.0,1.0,0.5849056603773585,0.5174129353233831,212,201
1254113,2021-09-24,Indian Premier League,Royal Challengers Bangalore,Chennai Super Kings,Sharjah Cricket Stadium,Sharjah,24,9,2021,2021,male,Chennai Super Kings,field,DJ Bravo,Chennai Super Kings,6 wickets,,,,35,Unknown,156,0,120,120,157.0,0.0,109.0,109.0,55,59.0,25.0,23.0,0.0,0.0,7.8,8.642201834862385,9.166666666666666,9.833333333333334,0,0,1,1.2864208633093526,1.0,1.0,0.47058823529411764,0.6096256684491979,204,187
1254107,2021-09-25,Indian Premier League,Punjab Kings,Sunrisers Hyderabad,Sharjah Cricket Stadium,Sharjah,25,9,2021,2021,male,Sunrisers Hyderabad,field,JO Holder,Punjab Kings,5 runs,,,,37,Unknown,125,0,120,120,120.0,0.0,120.0,120.0,29,20.0,28.0,29.0,2.0,2.0,6.25,6.0,4.833333333333333,3.3333333333333335,1,0,1,1.2864208633093526,0.3,1.0,0.4,0.5263157894736842,10,133
1254097,2021-09-25,Indian Premier League,Delhi Capitals,Rajasthan Royals,"Zayed Cricket Stadium, Abu Dhabi",Abu Dhabi,25,9,2021,2021,male,Rajasthan Royals,field,SS Iyer,Delhi Capitals,33 runs,,,,36,Unknown,154,0,120,120,121.0,0.0,120.0,120.0,36,21.0,34.0,30.0,2.0,3.0,7.7,6.05,6.0,3.5,1,0,1,1.3207043756670225,1.0,1.0,0.5813953488372093,0.5,43,170
1254108,2021-09-26,Indian Premier League,Royal Challengers Bangalore,Mumbai Indians,Dubai International Cricket Stadium,Dubai,26,9,2021,2021,male,Mumbai Indians,field,GJ Maxwell,Royal Challengers Bangalore,54 runs,,,,39,Unknown,165,0,120,120,111.0,0.0,109.0,109.0,48,56.0,39.0,6.0,1.0,0.0,8.25,6.110091743119265,8.0,9.333333333333334,1,0,1,1.286846558019414,1.0,1.0,0.47317073170731705,0.5821596244131455,205,213
1254098,2021-09-26,Indian Premier League,Kolkata Knight Riders,Chennai Super Kings,"Zayed Cricket Stadium, Abu Dhabi",Abu Dhabi,26,9,2021,2021,male,Kolkata Knight Riders,bat,RA Jadeja,Chennai Super Kings,2 wickets,,,,38,Unknown,171,0,120,120,172.0,0.0,120.0,120.0,50,52.0,50.0,40.0,2.0,0.0,8.55,8.6,8.333333333333334,8.666666666666666,0,1,0,1.3207043756670225,1.0,1.0,0.5148514851485149,0.6117021276595744,202,188
1254100,2021-09-27,Indian Premier League,Rajasthan Royals,Sunrisers Hyderabad,Dubai International Cricket Stadium,Dubai,27,9,2021,2021,male,Rajasthan Royals,bat,JJ Roy,Sunrisers Hyderabad,7 wickets,,,,40,Unknown,164,0,120,120,167.0,0.0,111.0,111.0,49,63.0,31.0,28.0,1.0,1.0,8.2,9.027027027027026,8.166666666666666,10.5,0,1,0,1.286846558019414,1.0,1.0,0.49707602339181284,0.5298507462686567,171,134
1254099,2021-09-28,Indian Premier League,Punjab Kings,Mumbai Indians,"Zayed Cricket Stadium, Abu Dhabi",Abu Dhabi,28,9,2021,2021,male,Mumbai Indians,field,KA Pollard,Mumbai Indians,6 wickets,,,,42,Unknown,135,0,120,120,137.0,0.0,114.0,114.0,38,30.0,23.0,41.0,1.0,2.0,6.75,7.2105263157894735,6.333333333333333,5.0,0,0,1,1.3207043756670225,0.4,1.0,0.36363636363636365,0.5841121495327103,11,214
1254092,2021-09-28,Indian Premier League,Delhi Capitals,Kolkata Knight Riders,Sharjah Cricket Stadium,Sharjah,28,9,2021,2021,male,Kolkata Knight Riders,field,SP Narine,Kolkata Knight Riders,3 wickets,,,,41,Unknown,127,0,120,120,130.0,0.0,110.0,110.0,39,44.0,29.0,11.0,1.0,2.0,6.35,7.090909090909092,6.5,7.333333333333333,0,0,1,1.2864208633093526,1.0,1.0,0.5681818181818182,0.5172413793103449,44,203
1254103,2021-09-29,Indian Premier League,Rajasthan Royals,Royal Challengers Bangalore,Dubai International Cricket Stadium,Dubai,29,9,2021,2021,male,Royal Challengers Bangalore,field,YS Chahal,Royal Challengers Bangalore,7 wickets,,,,43,Unknown,149,0,120,120,153.0,0.0,103.0,103.0,56,54.0,23.0,26.0,0.0,1.0,7.45,8.9126213592233,9.333333333333334,9.0,0,0,1,1.286846558019414,1.0,1.0,0.4941860465116279,0.47572815533980584,172,206
1254091,2021-09-30,Indian Premier League,Sunrisers Hyderabad,Chennai Super Kings,Sharjah Cricket Stadium,Sharjah,30,9,2021,2021,male,Chennai Super Kings,field,JR Hazlewood,Chennai Super Kings,6 wickets,,,,44,Unknown,134,0,120,120,139.0,0.0,118.0,118.0,41,47.0,32.0,30.0,1.0,0.0,6.7,7.067796610169491,6.833333333333333,7.833333333333333,0,0,1,1.2864208633093526,1.0,1.0,0.5259259259259259,0.6137566137566137,135,189
1254102,2021-10-01,Indian Premier League,Kolkata Knight Riders,Punjab Kings,Dubai International Cricket Stadium,Dubai,1,10,2021,2021,male,Punjab Kings,field,KL Rahul,Punjab Kings,5 wickets,,,,45,Unknown,165,0,120,120,168.0,0.0,117.0,117.0,48,46.0,40.0,37.0,1.0,0.0,8.25,8.615384615384615,8.0,7.666666666666667,0,0,1,1.286846558019414,1.0,0.4,0.5147058823529411,0.4166666666666667,204,12
1254112,2021-10-02,Indian Premier League,Mumbai Indians,Delhi Capitals,Sharjah Cricket Stadium,Sharjah,2,10,2021,2021,male,Delhi Capitals,field,AR Patel,Delhi Capitals,4 wickets,,,,46,Unknown,129,0,120,120,132.0,0.0,115.0,115.0,35,46.0,41.0,27.0,1.0,3.0,6.45,6.88695652173913,5.833333333333333,7.666666666666667,0,0,1,1.2864208633093526,1.0,1.0,0.5813953488372093,0.5777777777777777,215,45
1254089,2021-10-02,Indian Premier League,Chennai Super Kings,Rajasthan Royals,"Zayed Cricket Stadium, Abu Dhabi",Abu Dhabi,2,10,2021,2021,male,Rajasthan Royals,field,RD Gaikwad,Rajasthan Royals,7 wickets,,,,47,Unknown,189,0,120,120,190.0,0.0,105.0,105.0,44,81.0,56.0,20.0,0.0,1.0,9.45,10.857142857142858,7.333333333333333,13.5,0,0,1,1.3207043756670225,1.0,1.0,0.6105263157894737,0.49710982658959535,190,173
1254109,2021-10-03,Indian Premier League,Sunrisers Hyderabad,Kolkata Knight Riders,Dubai International Cricket Stadium,Dubai,3,10,2021,2021,male,Sunrisers Hyderabad,bat,Shubman Gill,Kolkata Knight Riders,6 wickets,,,,49,Unknown,115,0,120,120,119.0,0.0,118.0,118.0,35,36.0,35.0,27.0,2.0,1.0,5.75,6.0508474576271185,5.833333333333333,6.0,0,1,0,1.286846558019414,1.0,1.0,0.5220588235294118,0.5170731707317073,136,205
1254090,2021-10-03,Indian Premier League,Royal Challengers Bangalore,Punjab Kings,Sharjah Cricket Stadium,Sharjah,3,10,2021,2021,male,Royal Challengers Bangalore,bat,GJ Maxwell,Royal Challengers Bangalore,6 runs,,,,48,Unknown,164,0,120,120,158.0,0.0,120.0,120.0,55,49.0,49.0,37.0,0.0,0.0,8.2,7.9,9.166666666666666,8.166666666666666,1,1,0,1.2864208633093526,1.0,0.5,0.4782608695652174,0.38461538461538464,207,13
1254110,2021-10-04,Indian Premier League,Chennai Super Kings,Delhi Capitals,Dubai International Cricket Stadium,Dubai,4,10,2021,2021,male,Delhi Capitals,field,AR Patel,Delhi Capitals,3 wickets,,,,50,Unknown,136,0,120,120,139.0,0.0,118.0,118.0,48,51.0,37.0,35.0,2.0,2.0,6.8,7.067796610169491,8.0,8.5,0,0,1,1.286846558019414,1.0,1.0,0.6073298429319371,0.5869565217391305,191,46
1254093,2021-10-05,Indian Premier League,Rajasthan Royals,Mumbai Indians,Sharjah Cricket Stadium,Sharjah,5,10,2021,2021,male,Mumbai Indians,field,NM Coulter-Nile,Mumbai Indians,8 wickets,,,,51,Unknown,90,0,120,120,94.0,0.0,50.0,50.0,41,56.0,16.0,0.0,2.0,2.0,4.5,11.28,6.833333333333333,9.333333333333334,0,0,1,1.2864208633093526,1.0,1.0,0.4942528735632184,0.5833333333333334,174,216
1254095,2021-10-06,Indian Premier League,Sunrisers Hyderabad,Royal Challengers Bangalore,"Zayed Cricket Stadium, Abu Dhabi",Abu Dhabi,6,10,2021,2021,male,Royal Challengers Bangalore,field,KS Williamson,Sunrisers Hyderabad,4 runs,,,,52,Unknown,141,0,120,120,137.0,0.0,120.0,120.0,50,37.0,28.0,33.0,1.0,2.0,7.05,6.85,8.333333333333334,6.166666666666667,1,0,1,1.3207043756670225,1.0,1.0,0.5255474452554745,0.47596153846153844,137,208
1254106,2021-10-07,Indian Premier League,Kolkata Knight Riders,Rajasthan Royals,Sharjah Cricket Stadium,Sharjah,7,10,2021,2021,male,Rajasthan Royals,field,Shivam Mavi,Kolkata Knight Riders,86 runs,,,,54,Unknown,171,0,120,120,85.0,0.0,97.0,97.0,34,17.0,36.0,0.0,0.0,4.0,8.55,5.257731958762887,5.666666666666667,2.8333333333333335,1,0,1,1.2864208633093526,1.0,1.0,0.5194174757281553,0.49142857142857144,206,175
1254094,2021-10-07,Indian Premier League,Chennai Super Kings,Punjab Kings,Dubai International Cricket Stadium,Dubai,7,10,2021,2021,male,Punjab Kings,field,KL Rahul,Punjab Kings,6 wickets,,,,53,Unknown,134,0,120,120,139.0,0.0,78.0,78.0,30,51.0,48.0,0.0,2.0,2.0,6.7,10.692307692307692,5.0,8.5,0,0,1,1.286846558019414,1.0,0.5,0.6041666666666666,0.42857142857142855,192,14
1254101,2021-10-08,Indian Premier League,Delhi Capitals,Royal Challengers Bangalore,Dubai International Cricket Stadium,Dubai,8,10,2021,2021,male,Royal Challengers Bangalore,field,KS Bharat,Royal Challengers Bangalore,7 wickets,,,,56,Unknown,164,0,120,120,166.0,0.0,120.0,120.0,55,29.0,31.0,47.0,0.0,2.0,8.2,8.3,9.166666666666666,4.833333333333333,0,0,1,1.286846558019414,1.0,1.0,0.574468085106383,0.4784688995215311,47,209
1254088,2021-10-08,Indian Premier League,Mumbai Indians,Sunrisers Hyderabad,"Zayed Cricket Stadium, Abu Dhabi",Abu Dhabi,8,10,2021,2021,male,Mumbai Indians,bat,Ishan Kishan,Mumbai Indians,42 runs,,,,55,Unknown,235,0,120,120,193.0,0.0,120.0,120.0,83,70.0,45.0,27.0,1.0,1.0,11.75,9.65,13.833333333333334,11.666666666666666,1,1,0,1.3207043756670225,1.0,1.0,0.5852534562211982,0.5217391304347826,217,138
1254114,2021-10-10,Indian Premier League,Delhi Capitals,Chennai Super Kings,Dubai International Cricket Stadium,Dubai,10,10,2021,2021,male,Chennai Super Kings,field,RD Gaikwad,Chennai Super Kings,4 wickets,,,,Unknown,Qualifier 1,172,0,120,120,173.0,0.0,118.0,118.0,51,59.0,44.0,44.0,2.0,1.0,8.6,8.796610169491524,8.5,9.833333333333334,0,0,1,1.286846558019414,1.0,1.0,0.5625,0.6062176165803109,48,193
1254115,2021-10-11,Indian Premier League,Royal Challengers Bangalore,Kolkata Knight Riders,Sharjah Cricket Stadium,Sharjah,11,10,2021,2021,male,Royal Challengers Bangalore,bat,SP Narine,Kolkata Knight Riders,4 wickets,,,,Unknown,Eliminator,138,0,120,120,139.0,0.0,118.0,118.0,53,48.0,27.0,19.0,1.0,1.0,6.9,7.067796610169491,8.833333333333334,8.0,0,1,0,1.2864208633093526,1.0,1.0,0.47619047619047616,0.5217391304347826,210,207
1254116,2021-10-13,Indian Premier League,Delhi Capitals,Kolkata Knight Riders,Sharjah Cricket Stadium,Sharjah,13,10,2021,2021,male,Kolkata Knight Riders,field,VR Iyer,Kolkata Knight Riders,3 wickets,,,,Unknown,Qualifier 2,135,0,120,120,136.0,0.0,119.0,119.0,38,51.0,43.0,13.0,1.0,0.0,6.75,6.857142857142858,6.333333333333333,8.5,0,0,1,1.2864208633093526,1.0,1.0,0.5510204081632653,0.5240384615384616,49,208
1254117,2021-10-15,Indian Premier League,Chennai Super Kings,Kolkata Knight Riders,Dubai International Cricket Stadium,Dubai,15,10,2021,2021,male,Kolkata Knight Riders,field,F du Plessis,Chennai Super Kings,27 runs,,,,Unknown,Final,192,0,120,120,165.0,0.0,120.0,120.0,50,55.0,53.0,40.0,0.0,0.0,9.6,8.25,8.333333333333334,9.166666666666666,1,0,1,1.286846558019414,1.0,1.0,0.6082474226804123,0.5215311004784688,194,209
1304047,2022-03-26,Indian Premier League,Chennai Super Kings,Kolkata Knight Riders,"Wankhede Stadium, Mumbai",Mumbai,26,3,2022,2022,male,Kolkata Knight Riders,field,UT Yadav,Kolkata Knight Riders,6 wickets,,,,1,Unknown,131,0,120,120,133.0,0.0,111.0,111.0,35,43.0,50.0,20.0,2.0,0.0,6.55,7.1891891891891895,5.833333333333333,7.166666666666667,0,0,1,1.4457822259011213,1.0,1.0,0.6051282051282051,0.5238095238095238,195,210
1304048,2022-03-27,Indian Premier League,Mumbai Indians,Delhi Capitals,"Brabourne Stadium, Mumbai",Mumbai,27,3,2022,2022,male,Delhi Capitals,field,Kuldeep Yadav,Delhi Capitals,4 wickets,,,,2,Unknown,177,0,120,120,179.0,0.0,110.0,110.0,53,46.0,54.0,42.0,0.0,3.0,8.85,9.763636363636364,8.833333333333334,7.666666666666667,0,0,1,1.4355435050529948,1.0,1.0,0.5825688073394495,0.56,218,50
1304049,2022-03-27,Indian Premier League,Royal Challengers Bangalore,Punjab Kings,"Dr DY Patil Sports Academy, Mumbai",Mumbai,27,3,2022,2022,male,Punjab Kings,field,OF Smith,Punjab Kings,5 wickets,,,,3,Unknown,205,0,120,120,208.0,0.0,114.0,114.0,41,63.0,47.0,46.0,0.0,0.0,10.25,10.947368421052632,6.833333333333333,10.5,0,0,1,1.3400611620795106,1.0,0.6,0.47393364928909953,0.4666666666666667,211,15
1304050,2022-03-28,Indian Premier League,Lucknow Super Giants,Gujarat Titans,"Wankhede Stadium, Mumbai",Mumbai,28,3,2022,2022,male,Gujarat Titans,field,Mohammed Shami,Gujarat Titans,5 wickets,,,,4,Unknown,158,1,120,120,161.0,0.0,118.0,118.0,32,44.0,42.0,48.0,4.0,2.0,7.9,8.186440677966102,5.333333333333333,7.333333333333333,0,0,1,1.4457822259011213,0.5,0.5,0.0,1.0,1,1
1304051,2022-03-29,Indian Premier League,Rajasthan Royals,Sunrisers Hyderabad,"Maharashtra Cricket Association Stadium, Pune",Pune,29,3,2022,2022,male,Sunrisers Hyderabad,field,SV Samson,Rajasthan Royals,61 runs,,,,5,Unknown,210,0,120,120,149.0,0.0,120.0,120.0,58,14.0,47.0,68.0,0.0,3.0,10.5,7.45,9.666666666666666,2.3333333333333335,1,0,1,1.3166666666666667,1.0,1.0,0.4943181818181818,0.5179856115107914,176,139
1304052,2022-03-30,Indian Premier League,Kolkata Knight Riders,Royal Challengers Bangalore,"Dr DY Patil Sports Academy, Mumbai",Mumbai,30,3,2022,2022,male,Royal Challengers Bangalore,field,PWH de Silva,Royal Challengers Bangalore,3 wickets,,,,6,Unknown,128,0,113,113,132.0,0.0,116.0,116.0,44,36.0,24.0,31.0,3.0,3.0,6.796460176991151,6.8275862068965525,7.333333333333333,6.0,0,0,1,1.3400611620795106,1.0,1.0,0.5213270142180095,0.47641509433962265,211,212
1304053,2022-03-31,Indian Premier League,Chennai Super Kings,Lucknow Super Giants,"Brabourne Stadium, Mumbai",Mumbai,31,3,2022,2022,male,Lucknow Super Giants,field,E Lewis,Lucknow Super Giants,6 wickets,,,,7,Unknown,210,0,120,120,211.0,0.0,117.0,117.0,73,55.0,48.0,55.0,1.0,0.0,10.5,10.820512820512821,12.166666666666666,9.166666666666666,0,0,1,1.4355435050529948,1.0,0.5,0.6020408163265306,0.5,196,2
1304054,2022-04-01,Indian Premier League,Punjab Kings,Kolkata Knight Riders,"Wankhede Stadium, Mumbai",Mumbai,1,4,2022,2022,male,Kolkata Knight Riders,field,UT Yadav,Kolkata Knight Riders,6 wickets,,,,8,Unknown,137,0,110,110,141.0,0.0,87.0,87.0,62,51.0,33.0,0.0,3.0,2.0,7.4727272727272736,9.724137931034482,10.333333333333334,8.5,0,0,1,1.4457822259011213,0.7,1.0,0.4375,0.5235849056603774,16,212
1304055,2022-04-02,Indian Premier League,Rajasthan Royals,Mumbai Indians,"Dr DY Patil Sports Academy, Mumbai",Mumbai,2,4,2022,2022,male,Mumbai Indians,field,JC Buttler,Rajasthan Royals,23 runs,,,,9,Unknown,193,0,120,120,170.0,0.0,120.0,120.0,48,50.0,49.0,33.0,2.0,2.0,9.65,8.5,8.0,8.333333333333334,1,0,1,1.3400611620795106,1.0,1.0,0.4971751412429379,0.5799086757990868,177,219
1304056,2022-04-02,Indian Premier League,Gujarat Titans,Delhi Capitals,"Maharashtra Cricket Association Stadium, Pune",Pune,2,4,2022,2022,male,Delhi Capitals,field,LH Ferguson,Gujarat Titans,14 runs,,,,10,Unknown,171,0,120,120,157.0,0.0,120.0,120.0,44,43.0,35.0,23.0,1.0,3.0,8.55,7.85,7.333333333333333,7.166666666666667,1,0,1,1.3166666666666667,0.1,1.0,1.0,0.5490196078431373,2,51
1304057,2022-04-03,Indian Premier League,Punjab Kings,Chennai Super Kings,"Brabourne Stadium, Mumbai",Mumbai,3,4,2022,2022,male,Chennai Super Kings,field,LS Livingstone,Punjab Kings,54 runs,,,,11,Unknown,180,0,120,120,126.0,0.0,108.0,108.0,72,27.0,28.0,19.0,2.0,4.0,9.0,7.0,12.0,4.5,1,0,1,1.4355435050529948,0.7,1.0,0.47058823529411764,0.5989847715736041,17,197
1304058,2022-04-04,Indian Premier League,Lucknow Super Giants,Sunrisers Hyderabad,"Dr DY Patil Sports Academy, Mumbai",Mumbai,4,4,2022,2022,male,Sunrisers Hyderabad,field,Avesh Khan,Lucknow Super Giants,12 runs,,,,12,Unknown,169,0,120,120,157.0,0.0,120.0,120.0,32,40.0,49.0,28.0,3.0,2.0,8.45,7.85,5.333333333333333,6.666666666666667,1,0,1,1.3400611620795106,0.1,1.0,0.6666666666666666,0.5142857142857142,3,140
1304059,2022-04-05,Indian Premier League,Rajasthan Royals,Royal Challengers Bangalore,"Wankhede Stadium, Mumbai",Mumbai,5,4,2022,2022,male,Royal Challengers Bangalore,field,KD Karthik,Royal Challengers Bangalore,4 wickets,,,,13,Unknown,169,0,120,120,173.0,0.0,115.0,115.0,35,48.0,62.0,35.0,1.0,0.0,8.45,9.02608695652174,5.833333333333333,8.0,0,0,1,1.4457822259011213,1.0,1.0,0.4943820224719101,0.4788732394366197,178,213
1304060,2022-04-06,Indian Premier League,Mumbai Indians,Kolkata Knight Riders,"Maharashtra Cricket Association Stadium, Pune",Pune,6,4,2022,2022,male,Kolkata Knight Riders,field,PJ Cummins,Kolkata Knight Riders,5 wickets,,,,14,Unknown,161,0,120,120,162.0,0.0,96.0,96.0,35,35.0,63.0,0.0,1.0,2.0,8.05,10.125,5.833333333333333,5.833333333333333,0,0,1,1.3166666666666667,1.0,1.0,0.5772727272727273,0.5258215962441315,220,213
1304061,2022-04-07,Indian Premier League,Delhi Capitals,Lucknow Super Giants,"Dr DY Patil Sports Academy, Mumbai",Mumbai,7,4,2022,2022,male,Lucknow Super Giants,field,Q de Kock,Lucknow Super Giants,6 wickets,,,,15,Unknown,149,0,120,120,155.0,0.0,118.0,118.0,52,48.0,32.0,33.0,0.0,0.0,7.45,7.881355932203389,8.666666666666666,8.0,0,0,1,1.3400611620795106,1.0,0.2,0.5384615384615384,0.75,52,4
1304062,2022-04-08,Indian Premier League,Punjab Kings,Gujarat Titans,"Brabourne Stadium, Mumbai",Mumbai,8,4,2022,2022,male,Gujarat Titans,field,Shubman Gill,Gujarat Titans,6 wickets,,,,16,Unknown,189,0,120,120,190.0,0.0,120.0,120.0,43,53.0,34.0,50.0,2.0,1.0,9.45,9.5,7.166666666666667,8.833333333333334,0,0,1,1.4355435050529948,0.8,0.2,0.4444444444444444,1.0,18,3
1304064,2022-04-09,Indian Premier League,Mumbai Indians,Royal Challengers Bangalore,"Maharashtra Cricket Association Stadium, Pune",Pune,9,4,2022,2022,male,Royal Challengers Bangalore,field,Anuj Rawat,Royal Challengers Bangalore,7 wickets,,,,18,Unknown,151,0,120,120,152.0,0.0,111.0,111.0,49,30.0,52.0,30.0,0.0,0.0,7.55,8.216216216216216,8.166666666666666,5.0,0,0,1,1.3166666666666667,1.0,1.0,0.5746606334841629,0.48130841121495327,221,214
1304063,2022-04-09,Indian Premier League,Chennai Super Kings,Sunrisers Hyderabad,"Dr DY Patil Sports Academy, Mumbai",Mumbai,9,4,2022,2022,male,Sunrisers Hyderabad,field,Abhishek Sharma,Sunrisers Hyderabad,8 wickets,,,,17,Unknown,154,0,120,120,155.0,0.0,106.0,106.0,41,37.0,41.0,30.0,2.0,0.0,7.7,8.773584905660377,6.833333333333333,6.166666666666667,0,0,1,1.3400611620795106,1.0,1.0,0.5959595959595959,0.5177304964539007,198,141
1304066,2022-04-10,Indian Premier League,Rajasthan Royals,Lucknow Super Giants,"Wankhede Stadium, Mumbai",Mumbai,10,4,2022,2022,male,Lucknow Super Giants,field,YS Chahal,Rajasthan Royals,3 runs,,,,20,Unknown,165,0,120,120,162.0,1.0,120.0,120.0,44,31.0,57.0,56.0,1.0,3.0,8.25,8.1,7.333333333333333,5.166666666666667,1,0,1,1.4457822259011213,1.0,0.3,0.4972067039106145,0.6,179,5
1304065,2022-04-10,Indian Premier League,Delhi Capitals,Kolkata Knight Riders,"Brabourne Stadium, Mumbai",Mumbai,10,4,2022,2022,male,Kolkata Knight Riders,field,Kuldeep Yadav,Delhi Capitals,44 runs,,,,19,Unknown,215,0,120,120,171.0,0.0,118.0,118.0,68,43.0,53.0,28.0,0.0,2.0,10.75,8.694915254237287,11.333333333333334,7.166666666666667,1,0,1,1.4355435050529948,1.0,1.0,0.5471698113207547,0.5233644859813084,53,214
1304067,2022-04-11,Indian Premier League,Gujarat Titans,Sunrisers Hyderabad,"Dr DY Patil Sports Academy, Mumbai",Mumbai,11,4,2022,2022,male,Sunrisers Hyderabad,field,KS Williamson,Sunrisers Hyderabad,8 wickets,,,,21,Unknown,162,0,120,120,168.0,0.0,115.0,115.0,51,42.0,36.0,39.0,2.0,0.0,8.1,8.765217391304347,8.5,7.0,0,0,1,1.3400611620795106,0.3,1.0,0.75,0.5211267605633803,4,142
1304068,2022-04-12,Indian Premier League,Chennai Super Kings,Royal Challengers Bangalore,"Dr DY Patil Sports Academy, Mumbai",Mumbai,12,4,2022,2022,male,Royal Challengers Bangalore,field,S Dube,Chennai Super Kings,23 runs,,,,22,Unknown,216,0,120,120,193.0,0.0,120.0,120.0,35,42.0,71.0,47.0,1.0,3.0,10.8,9.65,5.833333333333333,7.0,1,0,1,1.3400611620795106,1.0,1.0,0.5979899497487438,0.4790697674418605,199,215
1304069,2022-04-13,Indian Premier League,Punjab Kings,Mumbai Indians,"Maharashtra Cricket Association Stadium, Pune",Pune,13,4,2022,2022,male,Mumbai Indians,field,MA Agarwal,Punjab Kings,12 runs,,,,23,Unknown,198,0,120,120,186.0,0.0,120.0,120.0,65,42.0,59.0,36.0,0.0,2.0,9.9,9.3,10.833333333333334,7.0,1,0,1,1.3166666666666667,0.8,1.0,0.47368421052631576,0.5720720720720721,19,222
1304070,2022-04-14,Indian Premier League,Gujarat Titans,Rajasthan Royals,"Dr DY Patil Sports Academy, Mumbai",Mumbai,14,4,2022,2022,male,Rajasthan Royals,field,HH Pandya,Gujarat Titans,37 runs,,,,24,Unknown,192,0,120,120,155.0,0.0,120.0,120.0,42,65.0,53.0,17.0,2.0,3.0,9.6,7.75,7.0,10.833333333333334,1,0,1,1.3400611620795106,0.3,1.0,0.8,0.49444444444444446,5,180
1304071,2022-04-15,Indian Premier League,Kolkata Knight Riders,Sunrisers Hyderabad,"Brabourne Stadium, Mumbai",Mumbai,15,4,2022,2022,male,Sunrisers Hyderabad,field,RA Tripathi,Sunrisers Hyderabad,7 wickets,,,,25,Unknown,175,0,120,120,176.0,0.0,107.0,107.0,38,46.0,53.0,23.0,3.0,2.0,8.75,9.869158878504674,6.333333333333333,7.666666666666667,0,0,1,1.4355435050529948,1.0,1.0,0.5209302325581395,0.5244755244755245,215,143
1304072,2022-04-16,Indian Premier League,Lucknow Super Giants,Mumbai Indians,"Brabourne Stadium, Mumbai",Mumbai,16,4,2022,2022,male,Mumbai Indians,field,KL Rahul,Lucknow Super Giants,18 runs,,,,26,Unknown,199,0,120,120,181.0,0.0,120.0,120.0,57,57.0,44.0,49.0,1.0,2.0,9.95,9.05,9.5,9.5,1,0,1,1.4355435050529948,0.3,1.0,0.6666666666666666,0.5695067264573991,6,223
1304073,2022-04-16,Indian Premier League,Royal Challengers Bangalore,Delhi Capitals,"Wankhede Stadium, Mumbai",Mumbai,16,4,2022,2022,male,Delhi Capitals,field,KD Karthik,Royal Challengers Bangalore,16 runs,,,,27,Unknown,189,0,120,120,173.0,0.0,120.0,120.0,40,57.0,69.0,39.0,2.0,1.0,9.45,8.65,6.666666666666667,9.5,1,0,1,1.4457822259011213,1.0,1.0,0.48148148148148145,0.5370370370370371,216,54
1304075,2022-04-17,Indian Premier League,Chennai Super Kings,Gujarat Titans,"Maharashtra Cricket Association Stadium, Pune",Pune,17,4,2022,2022,male,Gujarat Titans,field,DA Miller,Gujarat Titans,3 wickets,,,,29,Unknown,169,0,120,120,170.0,0.0,119.0,119.0,39,37.0,40.0,52.0,2.0,3.0,8.45,8.571428571428571,6.5,6.166666666666667,0,0,1,1.3166666666666667,1.0,0.4,0.595,0.8333333333333334,200,6
1304074,2022-04-17,Indian Premier League,Punjab Kings,Sunrisers Hyderabad,"Dr DY Patil Sports Academy, Mumbai",Mumbai,17,4,2022,2022,male,Sunrisers Hyderabad,field,Umran Malik,Sunrisers Hyderabad,7 wickets,,,,28,Unknown,151,0,120,120,152.0,0.0,113.0,113.0,48,39.0,19.0,31.0,2.0,1.0,7.55,8.070796460176991,8.0,6.5,0,0,1,1.3400611620795106,0.9,1.0,0.45,0.5277777777777778,20,144
1304076,2022-04-18,Indian Premier League,Rajasthan Royals,Kolkata Knight Riders,"Brabourne Stadium, Mumbai",Mumbai,18,4,2022,2022,male,Kolkata Knight Riders,field,YS Chahal,Rajasthan Royals,7 runs,,,,30,Unknown,217,0,120,120,210.0,1.0,118.0,118.0,60,57.0,43.0,32.0,0.0,1.0,10.85,10.677966101694915,10.0,9.5,1,0,1,1.4355435050529948,1.0,1.0,0.4972375690607735,0.5185185185185185,181,216
1304077,2022-04-19,Indian Premier League,Royal Challengers Bangalore,Lucknow Super Giants,"Dr DY Patil Sports Academy, Mumbai",Mumbai,19,4,2022,2022,male,Lucknow Super Giants,field,F du Plessis,Royal Challengers Bangalore,18 runs,,,,31,Unknown,181,0,120,120,163.0,0.0,120.0,120.0,47,44.0,41.0,35.0,3.0,2.0,9.05,8.15,7.833333333333333,7.333333333333333,1,0,1,1.3400611620795106,1.0,0.4,0.4838709677419355,0.5714285714285714,217,7
1304078,2022-04-20,Indian Premier League,Punjab Kings,Delhi Capitals,"Brabourne Stadium, Mumbai",Mumbai,20,4,2022,2022,male,Delhi Capitals,field,Kuldeep Yadav,Delhi Capitals,9 wickets,,,,32,Unknown,115,0,120,120,119.0,0.0,63.0,63.0,47,81.0,18.0,0.0,3.0,0.0,5.75,11.333333333333334,7.833333333333333,13.5,0,0,1,1.4355435050529948,0.9,1.0,0.42857142857142855,0.5454545454545454,21,55
1304079,2022-04-21,Indian Premier League,Mumbai Indians,Chennai Super Kings,"Dr DY Patil Sports Academy, Mumbai",Navi Mumbai,21,4,2022,2022,male,Chennai Super Kings,field,Mukesh Choudhary,Chennai Super Kings,3 wickets,,,,33,Unknown,155,0,120,120,156.0,1.0,120.0,120.0,42,46.0,45.0,48.0,3.0,2.0,7.75,7.8,7.0,7.666666666666667,0,0,1,1.3400611620795106,1.0,1.0,0.5669642857142857,0.5970149253731343,224,201
1304080,2022-04-22,Indian Premier League,Rajasthan Royals,Delhi Capitals,"Wankhede Stadium, Mumbai",Mumbai,22,4,2022,2022,male,Delhi Capitals,field,JC Buttler,Rajasthan Royals,15 runs,,,,34,Unknown,222,0,120,120,207.0,0.0,120.0,120.0,44,55.0,64.0,45.0,0.0,2.0,11.1,10.35,7.333333333333333,9.166666666666666,1,0,1,1.4457822259011213,1.0,1.0,0.5,0.5357142857142857,182,56
1304082,2022-04-23,Indian Premier League,Royal Challengers Bangalore,Sunrisers Hyderabad,"Brabourne Stadium, Mumbai",Mumbai,23,4,2022,2022,male,Sunrisers Hyderabad,field,M Jansen,Sunrisers Hyderabad,9 wickets,,,,36,Unknown,68,0,97,97,72.0,0.0,48.0,48.0,31,56.0,0.0,0.0,4.0,0.0,4.2061855670103085,9.0,5.166666666666667,9.333333333333334,0,0,1,1.4355435050529948,1.0,1.0,0.481651376146789,0.5310344827586206,218,145
1304081,2022-04-23,Indian Premier League,Gujarat Titans,Kolkata Knight Riders,"Dr DY Patil Sports Academy, Mumbai",Navi Mumbai,23,4,2022,2022,male,Gujarat Titans,bat,Rashid Khan,Gujarat Titans,8 runs,,,,35,Unknown,156,0,120,120,148.0,0.0,120.0,120.0,47,34.0,24.0,36.0,1.0,3.0,7.8,7.4,7.833333333333333,5.666666666666667,1,1,0,1.3400611620795106,0.5,1.0,0.8571428571428571,0.5161290322580645,7,217
1304083,2022-04-24,Indian Premier League,Lucknow Super Giants,Mumbai Indians,"Wankhede Stadium, Mumbai",Mumbai,24,4,2022,2022,male,Mumbai Indians,field,KL Rahul,Lucknow Super Giants,36 runs,,,,37,Unknown,168,0,120,120,132.0,0.0,120.0,120.0,32,43.0,42.0,22.0,1.0,0.0,8.4,6.6,5.333333333333333,7.166666666666667,1,0,1,1.4457822259011213,0.4,1.0,0.625,0.5644444444444444,8,225
1304084,2022-04-25,Indian Premier League,Punjab Kings,Chennai Super Kings,"Wankhede Stadium, Mumbai",Mumbai,25,4,2022,2022,male,Chennai Super Kings,field,S Dhawan,Punjab Kings,11 runs,,,,38,Unknown,187,0,120,120,176.0,0.0,120.0,120.0,37,32.0,51.0,35.0,1.0,2.0,9.35,8.8,6.166666666666667,5.333333333333333,1,0,1,1.4457822259011213,0.9,1.0,0.45454545454545453,0.594059405940594,22,202
1304085,2022-04-26,Indian Premier League,Rajasthan Royals,Royal Challengers Bangalore,"Maharashtra Cricket Association Stadium, Pune",Pune,26,4,2022,2022,male,Royal Challengers Bangalore,field,R Parag,Rajasthan Royals,29 runs,,,,39,Unknown,144,0,120,120,115.0,0.0,117.0,117.0,43,37.0,40.0,21.0,3.0,1.0,7.2,5.897435897435898,7.166666666666667,6.166666666666667,1,0,1,1.3166666666666667,1.0,1.0,0.5027322404371585,0.4794520547945205,183,219
1304086,2022-04-27,Indian Premier League,Sunrisers Hyderabad,Gujarat Titans,"Wankhede Stadium, Mumbai",Mumbai,27,4,2022,2022,male,Gujarat Titans,field,Umran Malik,Gujarat Titans,5 wickets,,,,40,Unknown,195,0,120,120,199.0,0.0,120.0,120.0,53,59.0,50.0,59.0,2.0,0.0,9.75,9.95,8.833333333333334,9.833333333333334,0,0,1,1.4457822259011213,1.0,0.6,0.5273972602739726,0.875,146,8
1304087,2022-04-28,Indian Premier League,Kolkata Knight Riders,Delhi Capitals,"Wankhede Stadium, Mumbai",Mumbai,28,4,2022,2022,male,Delhi Capitals,field,Kuldeep Yadav,Delhi Capitals,4 wickets,,,,41,Unknown,146,0,120,120,150.0,1.0,114.0,114.0,29,47.0,45.0,33.0,2.0,2.0,7.3,7.894736842105263,4.833333333333333,7.833333333333333,0,0,1,1.4457822259011213,1.0,1.0,0.5137614678899083,0.543859649122807,218,57
1304088,2022-04-29,Indian Premier League,Lucknow Super Giants,Punjab Kings,"Maharashtra Cricket Association Stadium, Pune",Pune,29,4,2022,2022,male,Punjab Kings,field,KH Pandya,Lucknow Super Giants,20 runs,,,,42,Unknown,153,0,120,120,133.0,0.0,120.0,120.0,39,46.0,42.0,28.0,1.0,1.0,7.65,6.65,6.5,7.666666666666667,1,0,1,1.3166666666666667,0.5,1.0,0.6666666666666666,0.43478260869565216,9,23
1304089,2022-04-30,Indian Premier League,Royal Challengers Bangalore,Gujarat Titans,"Brabourne Stadium, Mumbai",Mumbai,30,4,2022,2022,male,Royal Challengers Bangalore,bat,R Tewatia,Gujarat Titans,6 wickets,,,,43,Unknown,170,0,120,120,174.0,0.0,117.0,117.0,43,46.0,49.0,46.0,1.0,0.0,8.5,8.923076923076923,7.166666666666667,7.666666666666667,0,1,0,1.4355435050529948,1.0,0.7,0.4772727272727273,0.8888888888888888,220,9
1304090,2022-04-30,Indian Premier League,Rajasthan Royals,Mumbai Indians,"Dr DY Patil Sports Academy, Mumbai",Navi Mumbai,30,4,2022,2022,male,Mumbai Indians,field,SA Yadav,Mumbai Indians,5 wickets,,,,44,Unknown,158,0,120,120,161.0,0.0,116.0,116.0,40,41.0,32.0,37.0,1.0,2.0,7.9,8.327586206896552,6.666666666666667,6.833333333333333,0,0,1,1.3400611620795106,1.0,1.0,0.5,0.5663716814159292,184,226
1304091,2022-05-01,Indian Premier League,Lucknow Super Giants,Delhi Capitals,"Wankhede Stadium, Mumbai",Mumbai,1,5,2022,2022,male,Lucknow Super Giants,bat,Mohsin Khan,Lucknow Super Giants,6 runs,,,,45,Unknown,195,0,120,120,189.0,0.0,120.0,120.0,57,66.0,47.0,43.0,1.0,2.0,9.75,9.45,9.5,11.0,1,1,0,1.4457822259011213,0.6,1.0,0.7,0.5344827586206896,10,58
1304092,2022-05-01,Indian Premier League,Chennai Super Kings,Sunrisers Hyderabad,"Maharashtra Cricket Association Stadium, Pune",Pune,1,5,2022,2022,male,Sunrisers Hyderabad,field,RD Gaikwad,Chennai Super Kings,13 runs,,,,46,Unknown,202,0,120,120,189.0,0.0,120.0,120.0,40,58.0,36.0,54.0,0.0,2.0,10.1,9.45,6.666666666666667,9.666666666666666,1,0,1,1.3166666666666667,1.0,1.0,0.5960591133004927,0.5238095238095238,203,147
1304093,2022-05-02,Indian Premier League,Rajasthan Royals,Kolkata Knight Riders,"Wankhede Stadium, Mumbai",Mumbai,2,5,2022,2022,male,Kolkata Knight Riders,field,RK Singh,Kolkata Knight Riders,7 wickets,,,,47,Unknown,152,0,120,120,158.0,0.0,115.0,115.0,38,32.0,44.0,44.0,1.0,2.0,7.6,8.243478260869566,6.333333333333333,5.333333333333333,0,0,1,1.4457822259011213,1.0,1.0,0.4972972972972973,0.5159817351598174,185,219
1304094,2022-05-03,Indian Premier League,Gujarat Titans,Punjab Kings,"Dr DY Patil Sports Academy, Mumbai",Navi Mumbai,3,5,2022,2022,male,Gujarat Titans,bat,K Rabada,Punjab Kings,8 wickets,,,,48,Unknown,143,0,120,120,145.0,0.0,96.0,96.0,42,43.0,35.0,0.0,2.0,1.0,7.15,9.0625,7.0,7.166666666666667,0,1,0,1.3400611620795106,0.8,1.0,0.8,0.4583333333333333,10,24
1304095,2022-05-04,Indian Premier League,Royal Challengers Bangalore,Chennai Super Kings,"Maharashtra Cricket Association Stadium, Pune",Pune,4,5,2022,2022,male,Chennai Super Kings,field,HV Patel,Royal Challengers Bangalore,13 runs,,,,49,Unknown,173,0,120,120,160.0,0.0,120.0,120.0,57,51.0,42.0,38.0,0.0,0.0,8.65,8.0,9.5,8.5,1,0,1,1.3166666666666667,1.0,1.0,0.4796380090497738,0.5931372549019608,221,204
1304096,2022-05-05,Indian Premier League,Delhi Capitals,Sunrisers Hyderabad,"Brabourne Stadium, Mumbai",Mumbai,5,5,2022,2022,male,Sunrisers Hyderabad,field,DA Warner,Delhi Capitals,21 runs,,,,50,Unknown,207,0,120,120,186.0,0.0,120.0,120.0,50,35.0,60.0,40.0,2.0,2.0,10.35,9.3,8.333333333333334,5.833333333333333,1,0,1,1.4355435050529948,1.0,1.0,0.5423728813559322,0.5202702702702703,59,148
1304097,2022-05-06,Indian Premier League,Mumbai Indians,Gujarat Titans,"Brabourne Stadium, Mumbai",Mumbai,6,5,2022,2022,male,Gujarat Titans,field,TH David,Mumbai Indians,5 runs,,,,51,Unknown,177,0,120,120,172.0,0.0,120.0,120.0,63,54.0,43.0,34.0,0.0,0.0,8.85,8.6,10.5,9.0,1,0,1,1.4355435050529948,1.0,0.8,0.5682819383259912,0.7272727272727273,227,11
1304098,2022-05-07,Indian Premier League,Punjab Kings,Rajasthan Royals,"Wankhede Stadium, Mumbai",Mumbai,7,5,2022,2022,male,Punjab Kings,bat,YBK Jaiswal,Rajasthan Royals,6 wickets,,,,52,Unknown,189,0,120,120,190.0,0.0,118.0,118.0,48,67.0,57.0,39.0,1.0,1.0,9.45,9.661016949152541,8.0,11.166666666666666,0,1,0,1.4457822259011213,1.0,1.0,0.44,0.5,25,186
1304099,2022-05-07,Indian Premier League,Lucknow Super Giants,Kolkata Knight Riders,"Maharashtra Cricket Association Stadium, Pune",Pune,7,5,2022,2022,male,Kolkata Knight Riders,field,Avesh Khan,Lucknow Super Giants,75 runs,,,,53,Unknown,176,0,120,120,101.0,0.0,87.0,87.0,66,25.0,50.0,0.0,1.0,3.0,8.8,6.9655172413793105,11.0,4.166666666666667,1,0,1,1.3166666666666667,0.7,1.0,0.7272727272727273,0.5136363636363637,11,220
1304100,2022-05-08,Indian Premier League,Royal Challengers Bangalore,Sunrisers Hyderabad,"Wankhede Stadium, Mumbai",Mumbai,8,5,2022,2022,male,Royal Challengers Bangalore,bat,PWH de Silva,Royal Challengers Bangalore,67 runs,,,,54,Unknown,192,1,120,120,125.0,1.0,116.0,116.0,47,39.0,55.0,11.0,1.0,2.0,9.6,6.4655172413793105,7.833333333333333,6.5,1,1,0,1.4457822259011213,1.0,1.0,0.481981981981982,0.5167785234899329,222,149
1304101,2022-05-08,Indian Premier League,Chennai Super Kings,Delhi Capitals,"Dr DY Patil Sports Academy, Mumbai",Navi Mumbai,8,5,2022,2022,male,Delhi Capitals,field,DP Conway,Chennai Super Kings,91 runs,,,,55,Unknown,208,0,120,120,117.0,0.0,106.0,106.0,57,59.0,41.0,15.0,0.0,2.0,10.4,6.6226415094339615,9.5,9.833333333333334,1,0,1,1.3400611620795106,1.0,1.0,0.5951219512195122,0.5333333333333333,205,60
1304102,2022-05-09,Indian Premier League,Kolkata Knight Riders,Mumbai Indians,"Dr DY Patil Sports Academy, Mumbai",Navi Mumbai,9,5,2022,2022,male,Mumbai Indians,field,JJ Bumrah,Kolkata Knight Riders,52 runs,,,,56,Unknown,165,0,120,120,113.0,0.0,105.0,105.0,64,37.0,22.0,6.0,1.0,2.0,8.25,6.457142857142857,10.666666666666666,6.166666666666667,1,0,1,1.3400611620795106,1.0,1.0,0.5158371040723982,0.5657894736842105,221,228
1304103,2022-05-10,Indian Premier League,Gujarat Titans,Lucknow Super Giants,"Maharashtra Cricket Association Stadium, Pune",Pune,10,5,2022,2022,male,Gujarat Titans,bat,Shubman Gill,Gujarat Titans,62 runs,,,,57,Unknown,144,0,120,120,82.0,0.0,83.0,83.0,35,37.0,41.0,0.0,2.0,3.0,7.2,5.927710843373494,5.833333333333333,6.166666666666667,1,1,0,1.3166666666666667,0.8,0.8,0.75,0.6666666666666666,12,12
1304104,2022-05-11,Indian Premier League,Rajasthan Royals,Delhi Capitals,"Dr DY Patil Sports Academy, Mumbai",Navi Mumbai,11,5,2022,2022,male,Delhi Capitals,field,MR Marsh,Delhi Capitals,8 wickets,,,,58,Unknown,160,0,120,120,161.0,0.0,109.0,109.0,43,38.0,35.0,32.0,1.0,1.0,8.0,8.862385321100916,7.166666666666667,6.333333333333333,0,0,1,1.3400611620795106,1.0,1.0,0.49732620320855614,0.5409836065573771,187,61
1304105,2022-05-12,Indian Premier League,Chennai Super Kings,Mumbai Indians,"Wankhede Stadium, Mumbai",Mumbai,12,5,2022,2022,male,Mumbai Indians,field,DR Sams,Mumbai Indians,5 wickets,,,,59,Unknown,97,0,96,96,103.0,0.0,89.0,89.0,32,36.0,0.0,0.0,5.0,4.0,6.0625,6.943820224719101,5.333333333333333,6.0,0,0,1,1.4457822259011213,1.0,1.0,0.5922330097087378,0.5676855895196506,206,229
1304106,2022-05-13,Indian Premier League,Punjab Kings,Royal Challengers Bangalore,"Brabourne Stadium, Mumbai",Mumbai,13,5,2022,2022,male,Royal Challengers Bangalore,field,JM Bairstow,Punjab Kings,54 runs,,,,60,Unknown,209,0,120,120,155.0,0.0,120.0,120.0,83,44.0,46.0,25.0,1.0,3.0,10.45,7.75,13.833333333333334,7.333333333333333,1,0,1,1.4355435050529948,1.0,1.0,0.46153846153846156,0.4798206278026906,26,223
1304107,2022-05-14,Indian Premier League,Kolkata Knight Riders,Sunrisers Hyderabad,"Maharashtra Cricket Association Stadium, Pune",Pune,14,5,2022,2022,male,Kolkata Knight Riders,bat,AD Russell,Kolkata Knight Riders,54 runs,,,,61,Unknown,177,0,120,120,123.0,0.0,120.0,120.0,55,31.0,48.0,22.0,1.0,1.0,8.85,6.15,9.166666666666666,5.166666666666667,1,1,0,1.3166666666666667,1.0,1.0,0.5180180180180181,0.5133333333333333,222,150
1304108,2022-05-15,Indian Premier League,Chennai Super Kings,Gujarat Titans,"Wankhede Stadium, Mumbai",Mumbai,15,5,2022,2022,male,Chennai Super Kings,bat,WP Saha,Gujarat Titans,7 wickets,,,,62,Unknown,133,0,120,120,137.0,0.0,115.0,115.0,47,53.0,20.0,20.0,1.0,0.0,6.65,7.147826086956521,7.833333333333333,8.833333333333334,0,1,0,1.4457822259011213,1.0,0.9,0.5893719806763285,0.7692307692307693,207,13
1304109,2022-05-15,Indian Premier League,Rajasthan Royals,Lucknow Super Giants,"Brabourne Stadium, Mumbai",Mumbai,15,5,2022,2022,male,Rajasthan Royals,bat,TA Boult,Rajasthan Royals,24 runs,,,,63,Unknown,178,0,120,120,154.0,0.0,120.0,120.0,51,34.0,41.0,38.0,1.0,3.0,8.9,7.7,8.5,5.666666666666667,1,1,0,1.4355435050529948,1.0,0.8,0.5,0.6153846153846154,188,13
1304110,2022-05-16,Indian Premier League,Delhi Capitals,Punjab Kings,"Dr DY Patil Sports Academy, Mumbai",Navi Mumbai,16,5,2022,2022,male,Punjab Kings,field,SN Thakur,Delhi Capitals,17 runs,,,,64,Unknown,159,1,120,120,142.0,0.0,120.0,120.0,59,54.0,36.0,33.0,2.0,3.0,7.95,7.1,9.833333333333334,9.0,1,0,1,1.3400611620795106,1.0,1.0,0.5483870967741935,0.4444444444444444,62,27
1304111,2022-05-17,Indian Premier League,Sunrisers Hyderabad,Mumbai Indians,"Wankhede Stadium, Mumbai",Mumbai,17,5,2022,2022,male,Mumbai Indians,field,RA Tripathi,Sunrisers Hyderabad,3 runs,,,,65,Unknown,193,0,120,120,190.0,0.0,120.0,120.0,57,51.0,29.0,50.0,1.0,0.0,9.65,9.5,9.5,8.5,1,0,1,1.4457822259011213,1.0,1.0,0.5165562913907285,0.5652173913043478,151,230
1304112,2022-05-18,Indian Premier League,Lucknow Super Giants,Kolkata Knight Riders,"Dr DY Patil Sports Academy, Mumbai",Navi Mumbai,18,5,2022,2022,male,Lucknow Super Giants,bat,Q de Kock,Lucknow Super Giants,2 runs,,,,66,Unknown,210,0,120,120,208.0,0.0,120.0,120.0,44,60.0,70.0,64.0,0.0,2.0,10.5,10.4,7.333333333333333,10.0,1,1,0,1.3400611620795106,0.8,1.0,0.6428571428571429,0.515695067264574,14,223
1304113,2022-05-19,Indian Premier League,Gujarat Titans,Royal Challengers Bangalore,"Wankhede Stadium, Mumbai",Mumbai,19,5,2022,2022,male,Gujarat Titans,bat,V Kohli,Royal Challengers Bangalore,8 wickets,,,,67,Unknown,168,0,120,120,170.0,0.0,112.0,112.0,38,55.0,46.0,31.0,2.0,0.0,8.4,9.107142857142856,6.333333333333333,9.166666666666666,0,1,0,1.4457822259011213,1.0,1.0,0.7142857142857143,0.48214285714285715,14,224
1304114,2022-05-20,Indian Premier League,Chennai Super Kings,Rajasthan Royals,"Brabourne Stadium, Mumbai",Mumbai,20,5,2022,2022,male,Chennai Super Kings,bat,R Ashwin,Rajasthan Royals,5 wickets,,,,68,Unknown,150,0,120,120,151.0,0.0,118.0,118.0,75,52.0,30.0,43.0,1.0,1.0,7.5,7.677966101694915,12.5,8.666666666666666,0,1,0,1.4355435050529948,1.0,1.0,0.5865384615384616,0.5026455026455027,208,189
1304115,2022-05-21,Indian Premier League,Delhi Capitals,Mumbai Indians,"Wankhede Stadium, Mumbai",Mumbai,21,5,2022,2022,male,Mumbai Indians,field,JJ Bumrah,Mumbai Indians,5 wickets,,,,69,Unknown,159,0,120,120,160.0,0.0,115.0,115.0,37,27.0,34.0,46.0,3.0,1.0,7.95,8.347826086956522,6.166666666666667,4.5,0,0,1,1.4457822259011213,1.0,1.0,0.5396825396825397,0.5670995670995671,63,231
1304116,2022-05-22,Indian Premier League,Sunrisers Hyderabad,Punjab Kings,"Wankhede Stadium, Mumbai",Mumbai,22,5,2022,2022,male,Sunrisers Hyderabad,bat,Harpreet Brar,Punjab Kings,5 wickets,,,,70,Unknown,157,0,120,120,160.0,0.0,91.0,91.0,43,62.0,58.0,0.0,1.0,1.0,7.85,10.54945054945055,7.166666666666667,10.333333333333334,0,1,0,1.4457822259011213,1.0,1.0,0.5131578947368421,0.4642857142857143,152,28
1312197,2022-05-24,Indian Premier League,Rajasthan Royals,Gujarat Titans,"Eden Gardens, Kolkata",Kolkata,24,5,2022,2022,male,Gujarat Titans,field,DA Miller,Gujarat Titans,7 wickets,,,,Unknown,Qualifier 1,188,0,120,120,191.0,0.0,117.0,117.0,55,64.0,61.0,45.0,1.0,1.0,9.4,9.794871794871796,9.166666666666666,10.666666666666666,0,0,1,1.5688612697346322,1.0,1.0,0.5,0.7333333333333333,190,15
1312198,2022-05-25,Indian Premier League,Royal Challengers Bangalore,Lucknow Super Giants,"Eden Gardens, Kolkata",Kolkata,25,5,2022,2022,male,Lucknow Super Giants,field,RM Patidar,Royal Challengers Bangalore,14 runs,,,,Unknown,Eliminator,207,0,120,120,193.0,0.0,120.0,120.0,52,62.0,57.0,40.0,1.0,2.0,10.35,9.65,8.666666666666666,10.333333333333334,1,0,1,1.5688612697346322,1.0,0.9,0.48444444444444446,0.6,225,15
1312199,2022-05-27,Indian Premier League,Royal Challengers Bangalore,Rajasthan Royals,"Narendra Modi Stadium, Ahmedabad",Ahmedabad,27,5,2022,2022,male,Rajasthan Royals,field,JC Buttler,Rajasthan Royals,7 wickets,,,,Unknown,Qualifier 2,157,0,120,120,161.0,0.0,109.0,109.0,46,67.0,25.0,21.0,1.0,1.0,7.85,8.862385321100916,7.666666666666667,11.166666666666666,0,0,1,1.4904598825831703,1.0,1.0,0.4823008849557522,0.5026178010471204,226,191
1312200,2022-05-29,Indian Premier League,Rajasthan Royals,Gujarat Titans,"Narendra Modi Stadium, Ahmedabad",Ahmedabad,29,5,2022,2022,male,Rajasthan Royals,bat,HH Pandya,Gujarat Titans,7 wickets,,,,Unknown,Final,130,0,120,120,133.0,0.0,109.0,109.0,44,31.0,32.0,24.0,1.0,2.0,6.5,7.321100917431192,7.333333333333333,5.166666666666667,0,1,0,1.4904598825831703,1.0,1.0,0.5,0.75,192,16
1359475,2023-03-31,Indian Premier League,Chennai Super Kings,Gujarat Titans,"Narendra Modi Stadium, Ahmedabad",Ahmedabad,31,3,2023,2023,male,Gujarat Titans,field,Rashid Khan,Gujarat Titans,5 wickets,,,,1,Unknown,178,0,120,120,182.0,0.0,116.0,116.0,51,65.0,38.0,37.0,2.0,1.0,8.9,9.413793103448276,8.5,10.833333333333334,0,0,1,1.4904598825831703,1.0,1.0,0.583732057416268,0.7647058823529411,209,17
1359477,2023-04-01,Indian Premier League,Lucknow Super Giants,Delhi Capitals,"Bharat Ratna Shri Atal Bihari Vajpayee Ekana Cricket Stadium, Lucknow",Lucknow,1,4,2023,2023,male,Delhi Capitals,field,MA Wood,Lucknow Super Giants,50 runs,,,,3,Unknown,193,0,120,120,143.0,0.0,120.0,120.0,30,47.0,62.0,30.0,1.0,2.0,9.65,7.15,5.0,7.833333333333333,1,0,1,1.3960708647605684,0.9,1.0,0.625,0.53125,16,64
1359476,2023-04-01,Indian Premier League,Punjab Kings,Kolkata Knight Riders,"Punjab Cricket Association IS Bindra Stadium, Mohali, Chandigarh",Chandigarh,1,4,2023,2023,male,Kolkata Knight Riders,field,Arshdeep Singh,Punjab Kings,7 runs,,D/L,,2,Unknown,191,0,120,120,146.0,0.0,96.0,96.0,56,46.0,38.0,0.0,1.0,3.0,9.55,9.125,9.333333333333334,7.666666666666667,1,0,1,1.5376967688483845,1.0,1.0,0.4827586206896552,0.5133928571428571,29,224
1359478,2023-04-02,Indian Premier League,Rajasthan Royals,Sunrisers Hyderabad,"Rajiv Gandhi International Stadium, Uppal, Hyderabad",Hyderabad,2,4,2023,2023,male,Sunrisers Hyderabad,field,JC Buttler,Rajasthan Royals,72 runs,,,,4,Unknown,203,0,120,120,131.0,0.0,120.0,120.0,85,30.0,33.0,42.0,1.0,2.0,10.15,6.55,14.166666666666666,5.0,1,0,1,1.529935275080906,1.0,1.0,0.5025906735751295,0.5098039215686274,193,153
1359479,2023-04-02,Indian Premier League,Mumbai Indians,Royal Challengers Bangalore,"M Chinnaswamy Stadium, Bengaluru",Bengaluru,2,4,2023,2023,male,Royal Challengers Bangalore,field,F du Plessis,Royal Challengers Bangalore,8 wickets,,,,5,Unknown,171,0,120,120,172.0,0.0,98.0,98.0,29,53.0,60.0,11.0,3.0,0.0,8.55,10.53061224489796,4.833333333333333,8.833333333333334,0,0,1,1.5590987206415887,1.0,1.0,0.5646551724137931,0.4845814977973568,232,227
1359480,2023-04-03,Indian Premier League,Chennai Super Kings,Lucknow Super Giants,"MA Chidambaram Stadium, Chepauk, Chennai",Chennai,3,4,2023,2023,male,Lucknow Super Giants,field,MM Ali,Chennai Super Kings,12 runs,,,,6,Unknown,217,0,120,120,205.0,0.0,120.0,120.0,79,80.0,47.0,49.0,0.0,1.0,10.85,10.25,13.166666666666666,13.333333333333334,1,0,1,1.3263333333333334,1.0,1.0,0.5857142857142857,0.5882352941176471,210,17
1359481,2023-04-04,Indian Premier League,Delhi Capitals,Gujarat Titans,"Arun Jaitley Stadium, Delhi",Delhi,4,4,2023,2023,male,Gujarat Titans,field,B Sai Sudharsan,Gujarat Titans,6 wickets,,,,7,Unknown,162,0,120,120,163.0,0.0,109.0,109.0,52,54.0,36.0,26.0,2.0,3.0,8.1,8.972477064220183,8.666666666666666,9.0,0,0,1,1.550663645192619,1.0,1.0,0.5230769230769231,0.7777777777777778,65,18
1359482,2023-04-05,Indian Premier League,Punjab Kings,Rajasthan Royals,"Barsapara Cricket Stadium, Guwahati",Guwahati,5,4,2023,2023,male,Rajasthan Royals,field,NT Ellis,Punjab Kings,5 runs,,,,8,Unknown,197,0,120,120,192.0,0.0,120.0,120.0,63,57.0,38.0,63.0,0.0,3.0,9.85,9.6,10.5,9.5,1,0,1,1.451917732073374,1.0,1.0,0.5,0.5,30,194
1359483,2023-04-06,Indian Premier League,Kolkata Knight Riders,Royal Challengers Bangalore,"Eden Gardens, Kolkata",Kolkata,6,4,2023,2023,male,Royal Challengers Bangalore,field,SN Thakur,Kolkata Knight Riders,81 runs,,,,9,Unknown,204,0,120,120,123.0,0.0,106.0,106.0,47,50.0,57.0,14.0,2.0,2.0,10.2,6.962264150943396,7.833333333333333,8.333333333333334,1,0,1,1.5688612697346322,1.0,1.0,0.5155555555555555,0.4824561403508772,225,228
1359484,2023-04-07,Indian Premier League,Sunrisers Hyderabad,Lucknow Super Giants,"Bharat Ratna Shri Atal Bihari Vajpayee Ekana Cricket Stadium, Lucknow",Lucknow,7,4,2023,2023,male,Sunrisers Hyderabad,bat,KH Pandya,Lucknow Super Giants,5 wickets,,,,10,Unknown,121,0,120,120,127.0,0.0,96.0,96.0,43,45.0,37.0,0.0,1.0,2.0,6.05,7.9375,7.166666666666667,7.5,0,1,0,1.3960708647605684,1.0,1.0,0.5064935064935064,0.6111111111111112,154,18
1359486,2023-04-08,Indian Premier League,Mumbai Indians,Chennai Super Kings,"Wankhede Stadium, Mumbai",Mumbai,8,4,2023,2023,male,Chennai Super Kings,field,RA Jadeja,Chennai Super Kings,7 wickets,,,,12,Unknown,157,0,120,120,159.0,0.0,109.0,109.0,61,68.0,44.0,24.0,1.0,1.0,7.85,8.75229357798165,10.166666666666666,11.333333333333334,0,0,1,1.4457822259011213,1.0,1.0,0.5622317596566524,0.5876777251184834,233,211
1359485,2023-04-08,Indian Premier League,Rajasthan Royals,Delhi Capitals,"Barsapara Cricket Stadium, Guwahati",Guwahati,8,4,2023,2023,male,Delhi Capitals,field,YBK Jaiswal,Rajasthan Royals,57 runs,,,,11,Unknown,199,0,120,120,142.0,0.0,120.0,120.0,68,38.0,56.0,24.0,0.0,3.0,9.95,7.1,11.333333333333334,6.333333333333333,1,0,1,1.451917732073374,1.0,1.0,0.5025641025641026,0.5151515151515151,195,66
1359487,2023-04-09,Indian Premier League,Gujarat Titans,Kolkata Knight Riders,"Narendra Modi Stadium, Ahmedabad",Ahmedabad,9,4,2023,2023,male,Gujarat Titans,bat,RK Singh,Kolkata Knight Riders,3 wickets,,,,13,Unknown,204,0,120,120,207.0,0.0,120.0,120.0,54,43.0,60.0,52.0,1.0,2.0,10.2,10.35,9.0,7.166666666666667,0,1,0,1.4904598825831703,1.0,1.0,0.7368421052631579,0.5176991150442478,19,226
1359488,2023-04-09,Indian Premier League,Punjab Kings,Sunrisers Hyderabad,"Rajiv Gandhi International Stadium, Uppal, Hyderabad",Hyderabad,9,4,2023,2023,male,Sunrisers Hyderabad,field,S Dhawan,Sunrisers Hyderabad,8 wickets,,,,14,Unknown,143,1,120,120,145.0,0.0,103.0,103.0,41,34.0,42.0,21.0,3.0,1.0,7.15,8.446601941747572,6.833333333333333,5.666666666666667,0,0,1,1.529935275080906,1.0,1.0,0.4838709677419355,0.5096774193548387,31,155
1359489,2023-04-10,Indian Premier League,Royal Challengers Bangalore,Lucknow Super Giants,"M Chinnaswamy Stadium, Bengaluru",Bengaluru,10,4,2023,2023,male,Lucknow Super Giants,field,N Pooran,Lucknow Super Giants,1 wickets,,,,15,Unknown,212,0,120,120,213.0,0.0,120.0,120.0,56,37.0,66.0,28.0,0.0,3.0,10.6,10.65,9.333333333333334,6.166666666666667,0,0,1,1.5590987206415887,1.0,1.0,0.48034934497816595,0.631578947368421,229,19
1359490,2023-04-11,Indian Premier League,Delhi Capitals,Mumbai Indians,"Arun Jaitley Stadium, Delhi",Delhi,11,4,2023,2023,male,Mumbai Indians,field,RG Sharma,Mumbai Indians,6 wickets,,,,16,Unknown,172,0,118,118,173.0,0.0,120.0,120.0,51,68.0,36.0,34.0,1.0,0.0,8.745762711864407,8.65,8.5,11.333333333333334,0,0,1,1.550663645192619,1.0,1.0,0.5074626865671642,0.5641025641025641,67,234
1359491,2023-04-12,Indian Premier League,Rajasthan Royals,Chennai Super Kings,"MA Chidambaram Stadium, Chepauk, Chennai",Chennai,12,4,2023,2023,male,Chennai Super Kings,field,R Ashwin,Rajasthan Royals,3 runs,,,,17,Unknown,175,0,120,120,172.0,0.0,120.0,120.0,57,45.0,34.0,55.0,1.0,1.0,8.75,8.6,9.5,7.5,1,0,1,1.3263333333333334,1.0,1.0,0.5051020408163265,0.5849056603773585,196,212
1359492,2023-04-13,Indian Premier League,Punjab Kings,Gujarat Titans,"Punjab Cricket Association IS Bindra Stadium, Mohali, Chandigarh",Chandigarh,13,4,2023,2023,male,Gujarat Titans,field,MM Sharma,Gujarat Titans,6 wickets,,,,18,Unknown,153,0,120,120,154.0,0.0,119.0,119.0,52,56.0,44.0,34.0,2.0,1.0,7.65,7.764705882352942,8.666666666666666,9.333333333333334,0,0,1,1.5376967688483845,1.0,1.0,0.46875,0.75,32,20
1359493,2023-04-14,Indian Premier League,Sunrisers Hyderabad,Kolkata Knight Riders,"Eden Gardens, Kolkata",Kolkata,14,4,2023,2023,male,Kolkata Knight Riders,field,HC Brook,Sunrisers Hyderabad,23 runs,,,,19,Unknown,228,0,120,120,205.0,0.0,120.0,120.0,65,62.0,56.0,46.0,2.0,3.0,11.4,10.25,10.833333333333334,10.333333333333334,1,0,1,1.5688612697346322,1.0,1.0,0.5128205128205128,0.5154185022026432,156,227
1359495,2023-04-15,Indian Premier League,Lucknow Super Giants,Punjab Kings,"Bharat Ratna Shri Atal Bihari Vajpayee Ekana Cricket Stadium, Lucknow",Lucknow,15,4,2023,2023,male,Punjab Kings,field,Sikandar Raza,Punjab Kings,2 wickets,,,,21,Unknown,159,0,120,120,161.0,0.0,117.0,117.0,49,45.0,33.0,33.0,0.0,3.0,7.95,8.256410256410257,8.166666666666666,7.5,0,0,1,1.3960708647605684,1.0,1.0,0.6,0.48484848484848486,20,33
1359494,2023-04-15,Indian Premier League,Royal Challengers Bangalore,Delhi Capitals,"M Chinnaswamy Stadium, Bengaluru",Bengaluru,15,4,2023,2023,male,Delhi Capitals,field,V Kohli,Royal Challengers Bangalore,23 runs,,,,20,Unknown,174,0,120,120,151.0,0.0,120.0,120.0,47,32.0,35.0,40.0,1.0,4.0,8.7,7.55,7.833333333333333,5.333333333333333,1,0,1,1.5590987206415887,1.0,1.0,0.4826086956521739,0.5,230,68
1359496,2023-04-16,Indian Premier League,Kolkata Knight Riders,Mumbai Indians,"Wankhede Stadium, Mumbai",Mumbai,16,4,2023,2023,male,Mumbai Indians,field,VR Iyer,Mumbai Indians,5 wickets,,,,22,Unknown,185,0,120,120,186.0,0.0,106.0,106.0,57,72.0,39.0,15.0,2.0,1.0,9.25,10.528301886792452,9.5,12.0,0,0,1,1.4457822259011213,1.0,1.0,0.5131578947368421,0.5659574468085107,228,235
1359497,2023-04-16,Indian Premier League,Gujarat Titans,Rajasthan Royals,"Narendra Modi Stadium, Ahmedabad",Ahmedabad,16,4,2023,2023,male,Rajasthan Royals,field,SO Hetmyer,Rajasthan Royals,3 wickets,,,,23,Unknown,177,0,120,120,179.0,0.0,116.0,116.0,42,26.0,52.0,45.0,2.0,2.0,8.85,9.258620689655173,7.0,4.333333333333333,0,0,1,1.4904598825831703,1.0,1.0,0.7142857142857143,0.5076142131979695,21,197
1359498,2023-04-17,Indian Premier League,Chennai Super Kings,Royal Challengers Bangalore,"M Chinnaswamy Stadium, Bengaluru",Bengaluru,17,4,2023,2023,male,Royal Challengers Bangalore,field,DP Conway,Chennai Super Kings,8 runs,,,,24,Unknown,226,0,120,120,218.0,0.0,120.0,120.0,53,75.0,54.0,37.0,1.0,2.0,11.3,10.9,8.833333333333334,12.5,1,0,1,1.5590987206415887,1.0,1.0,0.5868544600938967,0.4805194805194805,213,231
1359499,2023-04-18,Indian Premier League,Mumbai Indians,Sunrisers Hyderabad,"Rajiv Gandhi International Stadium, Uppal, Hyderabad",Hyderabad,18,4,2023,2023,male,Sunrisers Hyderabad,field,C Green,Mumbai Indians,14 runs,,,,25,Unknown,192,0,120,120,178.0,0.0,119.0,119.0,53,42.0,48.0,35.0,1.0,2.0,9.6,8.974789915966387,8.833333333333334,7.0,1,0,1,1.529935275080906,1.0,1.0,0.5677966101694916,0.5095541401273885,236,157
1359500,2023-04-19,Indian Premier League,Lucknow Super Giants,Rajasthan Royals,"Sawai Mansingh Stadium, Jaipur",Jaipur,19,4,2023,2023,male,Rajasthan Royals,field,MP Stoinis,Lucknow Super Giants,10 runs,,,,26,Unknown,154,0,120,120,144.0,0.0,120.0,120.0,37,47.0,39.0,37.0,0.0,0.0,7.7,7.2,6.166666666666667,7.833333333333333,1,0,1,1.5071711177052423,1.0,1.0,0.6190476190476191,0.5050505050505051,21,198
1359501,2023-04-20,Indian Premier League,Royal Challengers Bangalore,Punjab Kings,"Punjab Cricket Association IS Bindra Stadium, Mohali, Chandigarh",Chandigarh,20,4,2023,2023,male,Punjab Kings,field,Mohammed Siraj,Royal Challengers Bangalore,24 runs,,,,27,Unknown,174,0,120,120,150.0,0.0,110.0,110.0,59,49.0,37.0,12.0,0.0,4.0,8.7,8.181818181818182,9.833333333333334,8.166666666666666,1,0,1,1.5376967688483845,1.0,1.0,0.4827586206896552,0.47058823529411764,232,34
1359502,2023-04-20,Indian Premier League,Kolkata Knight Riders,Delhi Capitals,"Arun Jaitley Stadium, Delhi",Delhi,20,4,2023,2023,male,Delhi Capitals,field,I Sharma,Delhi Capitals,4 wickets,,,,28,Unknown,127,0,120,120,128.0,0.0,116.0,116.0,35,61.0,30.0,18.0,3.0,1.0,6.35,6.620689655172415,5.833333333333333,10.166666666666666,0,0,1,1.550663645192619,1.0,1.0,0.5109170305676856,0.5072463768115942,229,69
1359503,2023-04-21,Indian Premier League,Sunrisers Hyderabad,Chennai Super Kings,"MA Chidambaram Stadium, Chepauk, Chennai",Chennai,21,4,2023,2023,male,Chennai Super Kings,field,RA Jadeja,Chennai Super Kings,7 wickets,,,,29,Unknown,134,0,120,120,138.0,0.0,112.0,112.0,45,60.0,28.0,19.0,1.0,0.0,6.7,7.392857142857142,7.5,10.0,0,0,1,1.3263333333333334,1.0,1.0,0.5063291139240507,0.5887850467289719,158,214
1359505,2023-04-22,Indian Premier League,Punjab Kings,Mumbai Indians,"Wankhede Stadium, Mumbai",Mumbai,22,4,2023,2023,male,Mumbai Indians,field,SM Curran,Punjab Kings,13 runs,,,,31,Unknown,214,0,120,120,201.0,0.0,120.0,120.0,58,54.0,65.0,40.0,1.0,1.0,10.7,10.05,9.666666666666666,9.0,1,0,1,1.4457822259011213,1.0,1.0,0.4857142857142857,0.5654008438818565,35,237
1359504,2023-04-22,Indian Premier League,Gujarat Titans,Lucknow Super Giants,"Bharat Ratna Shri Atal Bihari Vajpayee Ekana Cricket Stadium, Lucknow",Lucknow,22,4,2023,2023,male,Gujarat Titans,bat,MM Sharma,Gujarat Titans,7 runs,,,,30,Unknown,135,0,120,120,128.0,0.0,120.0,120.0,40,53.0,38.0,19.0,1.0,0.0,6.75,6.4,6.666666666666667,8.833333333333334,1,1,0,1.3960708647605684,1.0,1.0,0.7272727272727273,0.5909090909090909,22,22
1359506,2023-04-23,Indian Premier League,Royal Challengers Bangalore,Rajasthan Royals,"M Chinnaswamy Stadium, Bengaluru",Bengaluru,23,4,2023,2023,male,Rajasthan Royals,field,GJ Maxwell,Royal Challengers Bangalore,7 runs,,,,32,Unknown,189,1,120,120,182.0,0.0,120.0,120.0,62,47.0,27.0,53.0,2.0,1.0,9.45,9.1,10.333333333333334,7.833333333333333,1,0,1,1.5590987206415887,1.0,1.0,0.48497854077253216,0.5025125628140703,233,199
1359507,2023-04-23,Indian Premier League,Chennai Super Kings,Kolkata Knight Riders,"Eden Gardens, Kolkata",Kolkata,23,4,2023,2023,male,Kolkata Knight Riders,field,AM Rahane,Chennai Super Kings,49 runs,,,,33,Unknown,235,0,120,120,186.0,0.0,120.0,120.0,59,38.0,66.0,30.0,0.0,2.0,11.75,9.3,9.833333333333334,6.333333333333333,1,0,1,1.5688612697346322,1.0,1.0,0.5906976744186047,0.508695652173913,215,230
1359508,2023-04-24,Indian Premier League,Delhi Capitals,Sunrisers Hyderabad,"Rajiv Gandhi International Stadium, Uppal, Hyderabad",Hyderabad,24,4,2023,2023,male,Delhi Capitals,bat,AR Patel,Delhi Capitals,7 runs,,,,34,Unknown,144,0,120,120,137.0,0.0,120.0,120.0,49,36.0,31.0,43.0,2.0,1.0,7.2,6.85,8.166666666666666,6.0,1,1,0,1.529935275080906,1.0,1.0,0.5142857142857142,0.5031446540880503,70,159
1359509,2023-04-25,Indian Premier League,Gujarat Titans,Mumbai Indians,"Narendra Modi Stadium, Ahmedabad",Ahmedabad,25,4,2023,2023,male,Mumbai Indians,field,A Manohar,Gujarat Titans,55 runs,,,,35,Unknown,207,0,120,120,152.0,0.0,120.0,120.0,50,29.0,70.0,23.0,1.0,1.0,10.35,7.6,8.333333333333334,4.833333333333333,1,0,1,1.4904598825831703,1.0,1.0,0.7391304347826086,0.5630252100840336,23,238
1359510,2023-04-26,Indian Premier League,Kolkata Knight Riders,Royal Challengers Bangalore,"M Chinnaswamy Stadium, Bengaluru",Bengaluru,26,4,2023,2023,male,Royal Challengers Bangalore,field,CV Varun,Kolkata Knight Riders,21 runs,,,,36,Unknown,200,0,120,120,179.0,0.0,120.0,120.0,66,58.0,50.0,34.0,0.0,3.0,10.0,8.95,11.0,9.666666666666666,1,0,1,1.5590987206415887,1.0,1.0,0.5108225108225108,0.4829059829059829,231,234
1359511,2023-04-27,Indian Premier League,Rajasthan Royals,Chennai Super Kings,"Sawai Mansingh Stadium, Jaipur",Jaipur,27,4,2023,2023,male,Rajasthan Royals,bat,YBK Jaiswal,Rajasthan Royals,32 runs,,,,37,Unknown,202,0,120,120,170.0,0.0,120.0,120.0,64,42.0,56.0,41.0,0.0,1.0,10.1,8.5,10.666666666666666,7.0,1,1,0,1.5071711177052423,1.0,1.0,0.505,0.5879629629629629,200,216
1359512,2023-04-28,Indian Premier League,Lucknow Super Giants,Punjab Kings,"Punjab Cricket Association IS Bindra Stadium, Mohali, Chandigarh",Chandigarh,28,4,2023,2023,male,Punjab Kings,field,MP Stoinis,Lucknow Super Giants,56 runs,,,,38,Unknown,257,0,120,120,201.0,0.0,119.0,119.0,74,55.0,57.0,35.0,2.0,2.0,12.85,10.134453781512606,12.333333333333334,9.166666666666666,1,0,1,1.5376967688483845,1.0,1.0,0.6086956521739131,0.4722222222222222,23,36
1359514,2023-04-29,Indian Premier League,Sunrisers Hyderabad,Delhi Capitals,"Arun Jaitley Stadium, Delhi",Delhi,29,4,2023,2023,male,Sunrisers Hyderabad,bat,MR Marsh,Sunrisers Hyderabad,9 runs,,,,40,Unknown,197,0,120,120,188.0,0.0,120.0,120.0,62,57.0,45.0,47.0,2.0,1.0,9.85,9.4,10.333333333333334,9.5,1,1,0,1.550663645192619,1.0,1.0,0.50625,0.5070422535211268,160,71
1359513,2023-04-29,Indian Premier League,Kolkata Knight Riders,Gujarat Titans,"Eden Gardens, Kolkata",Kolkata,29,4,2023,2023,male,Gujarat Titans,field,J Little,Gujarat Titans,7 wickets,,,,39,Unknown,179,0,120,120,180.0,0.0,107.0,107.0,61,52.0,42.0,38.0,2.0,1.0,8.95,10.093457943925234,10.166666666666666,8.666666666666666,0,0,1,1.5688612697346322,1.0,1.0,0.5086206896551724,0.75,232,24
1359515,2023-04-30,Indian Premier League,Chennai Super Kings,Punjab Kings,"MA Chidambaram Stadium, Chepauk, Chennai",Chennai,30,4,2023,2023,male,Chennai Super Kings,bat,DP Conway,Punjab Kings,4 wickets,,,,41,Unknown,200,0,120,120,201.0,0.0,120.0,120.0,57,62.0,42.0,48.0,0.0,1.0,10.0,10.05,9.5,10.333333333333334,0,1,0,1.3263333333333334,1.0,1.0,0.5852534562211982,0.4864864864864865,217,37
1359516,2023-04-30,Indian Premier League,Rajasthan Royals,Mumbai Indians,"Wankhede Stadium, Mumbai",Mumbai,30,4,2023,2023,male,Rajasthan Royals,bat,YBK Jaiswal,Mumbai Indians,6 wickets,,,,42,Unknown,212,0,120,120,214.0,0.0,117.0,117.0,65,58.0,59.0,58.0,0.0,1.0,10.6,10.974358974358974,10.833333333333334,9.666666666666666,0,1,0,1.4457822259011213,1.0,1.0,0.5024875621890548,0.5648535564853556,201,239
1359517,2023-05-01,Indian Premier League,Royal Challengers Bangalore,Lucknow Super Giants,"Bharat Ratna Shri Atal Bihari Vajpayee Ekana Cricket Stadium, Lucknow",Lucknow,1,5,2023,2023,male,Royal Challengers Bangalore,bat,F du Plessis,Royal Challengers Bangalore,18 runs,,,,43,Unknown,126,0,120,120,108.0,0.0,119.0,119.0,42,34.0,27.0,29.0,0.0,4.0,6.3,5.445378151260504,7.0,5.666666666666667,1,1,0,1.3960708647605684,1.0,1.0,0.4851063829787234,0.5833333333333334,235,24
1359518,2023-05-02,Indian Premier League,Delhi Capitals,Gujarat Titans,"Narendra Modi Stadium, Ahmedabad",Ahmedabad,2,5,2023,2023,male,Delhi Capitals,bat,Mohammed Shami,Delhi Capitals,5 runs,,,,44,Unknown,130,1,120,120,125.0,0.0,120.0,120.0,28,31.0,39.0,36.0,5.0,3.0,6.5,6.25,4.666666666666667,5.166666666666667,1,1,0,1.4904598825831703,1.0,1.0,0.5138888888888888,0.72,72,25
1359519,2023-05-03,Indian Premier League,Lucknow Super Giants,Chennai Super Kings,"Bharat Ratna Shri Atal Bihari Vajpayee Ekana Cricket Stadium, Lucknow",Lucknow,3,5,2023,2023,male,Chennai Super Kings,field,Unknown,Unknown,,no result,,,45,Unknown,125,0,116,116,0.0,0.0,0.0,0.0,31,0.0,42.0,0.0,3.0,0.0,6.4655172413793105,,5.166666666666667,0.0,0,0,1,1.3960708647605684,1.0,1.0,0.56,0.5871559633027523,25,218
1359520,2023-05-03,Indian Premier League,Punjab Kings,Mumbai Indians,"Punjab Cricket Association IS Bindra Stadium, Mohali, Chandigarh",Chandigarh,3,5,2023,2023,male,Mumbai Indians,field,Ishan Kishan,Mumbai Indians,6 wickets,,,,46,Unknown,214,0,120,120,216.0,0.0,113.0,113.0,50,54.0,62.0,38.0,1.0,2.0,10.7,11.469026548672566,8.333333333333334,9.0,0,0,1,1.5376967688483845,1.0,1.0,0.47368421052631576,0.5666666666666667,38,240
1359521,2023-05-04,Indian Premier League,Kolkata Knight Riders,Sunrisers Hyderabad,"Rajiv Gandhi International Stadium, Uppal, Hyderabad",Hyderabad,4,5,2023,2023,male,Kolkata Knight Riders,bat,CV Varun,Kolkata Knight Riders,5 runs,,,,47,Unknown,171,0,120,120,166.0,0.0,120.0,120.0,49,53.0,34.0,28.0,3.0,3.0,8.55,8.3,8.166666666666666,8.833333333333334,1,1,0,1.529935275080906,1.0,1.0,0.5107296137339056,0.5031055900621118,233,161
1359522,2023-05-05,Indian Premier League,Rajasthan Royals,Gujarat Titans,"Sawai Mansingh Stadium, Jaipur",Jaipur,5,5,2023,2023,male,Rajasthan Royals,bat,Rashid Khan,Gujarat Titans,9 wickets,,,,48,Unknown,118,0,107,107,119.0,0.0,83.0,83.0,50,49.0,8.0,0.0,2.0,0.0,6.616822429906542,8.602409638554217,8.333333333333334,8.166666666666666,0,1,0,1.5071711177052423,1.0,1.0,0.5,0.7307692307692307,202,26
1359523,2023-05-06,Indian Premier League,Mumbai Indians,Chennai Super Kings,"MA Chidambaram Stadium, Chepauk, Chennai",Chennai,6,5,2023,2023,male,Chennai Super Kings,field,M Pathirana,Chennai Super Kings,6 wickets,,,,49,Unknown,139,0,120,120,140.0,0.0,106.0,106.0,34,55.0,33.0,12.0,3.0,1.0,6.95,7.924528301886792,5.666666666666667,9.166666666666666,0,0,1,1.3263333333333334,1.0,1.0,0.5643153526970954,0.589041095890411,241,219
1359524,2023-05-06,Indian Premier League,Royal Challengers Bangalore,Delhi Capitals,"Arun Jaitley Stadium, Delhi",Delhi,6,5,2023,2023,male,Royal Challengers Bangalore,bat,PD Salt,Delhi Capitals,7 wickets,,,,50,Unknown,181,0,120,120,187.0,0.0,100.0,100.0,51,70.0,44.0,8.0,0.0,1.0,9.05,11.219999999999999,8.5,11.666666666666666,0,1,0,1.550663645192619,1.0,1.0,0.4830508474576271,0.5205479452054794,236,73
1359525,2023-05-07,Indian Premier League,Gujarat Titans,Lucknow Super Giants,"Narendra Modi Stadium, Ahmedabad",Ahmedabad,7,5,2023,2023,male,Lucknow Super Giants,field,Shubman Gill,Gujarat Titans,56 runs,,,,51,Unknown,227,0,120,120,171.0,0.0,120.0,120.0,78,72.0,43.0,31.0,0.0,0.0,11.35,8.55,13.0,12.0,1,0,1,1.4904598825831703,1.0,1.0,0.7407407407407407,0.5384615384615384,27,26
1359526,2023-05-07,Indian Premier League,Rajasthan Royals,Sunrisers Hyderabad,"Sawai Mansingh Stadium, Jaipur",Jaipur,7,5,2023,2023,male,Rajasthan Royals,bat,GD Phillips,Sunrisers Hyderabad,4 wickets,,,,52,Unknown,214,0,120,120,217.0,0.0,120.0,120.0,61,52.0,46.0,59.0,1.0,1.0,10.7,10.85,10.166666666666666,8.666666666666666,0,1,0,1.5071711177052423,1.0,1.0,0.4975369458128079,0.5061728395061729,203,162
1359527,2023-05-08,Indian Premier League,Punjab Kings,Kolkata Knight Riders,"Eden Gardens, Kolkata",Kolkata,8,5,2023,2023,male,Punjab Kings,bat,AD Russell,Kolkata Knight Riders,5 wickets,,,,53,Unknown,179,0,120,120,182.0,0.0,120.0,120.0,58,52.0,48.0,53.0,3.0,1.0,8.95,9.1,9.666666666666666,8.666666666666666,0,1,0,1.5688612697346322,1.0,1.0,0.46153846153846156,0.5128205128205128,39,234
1359528,2023-05-09,Indian Premier League,Royal Challengers Bangalore,Mumbai Indians,"Wankhede Stadium, Mumbai",Mumbai,9,5,2023,2023,male,Mumbai Indians,field,SA Yadav,Mumbai Indians,6 wickets,,,,54,Unknown,199,0,120,120,200.0,0.0,99.0,99.0,56,62.0,38.0,7.0,2.0,2.0,9.95,12.121212121212121,9.333333333333334,10.333333333333334,0,0,1,1.4457822259011213,1.0,1.0,0.4810126582278481,0.5661157024793388,237,242
1359529,2023-05-10,Indian Premier League,Chennai Super Kings,Delhi Capitals,"MA Chidambaram Stadium, Chepauk, Chennai",Chennai,10,5,2023,2023,male,Chennai Super Kings,bat,RA Jadeja,Chennai Super Kings,27 runs,,,,55,Unknown,167,0,120,120,140.0,0.0,120.0,120.0,49,47.0,42.0,43.0,1.0,3.0,8.35,7.0,8.166666666666666,7.833333333333333,1,1,0,1.3263333333333334,1.0,1.0,0.5909090909090909,0.5135135135135135,220,74
1359530,2023-05-11,Indian Premier League,Kolkata Knight Riders,Rajasthan Royals,"Eden Gardens, Kolkata",Kolkata,11,5,2023,2023,male,Rajasthan Royals,field,YBK Jaiswal,Rajasthan Royals,9 wickets,,,,56,Unknown,149,0,120,120,151.0,0.0,79.0,79.0,37,78.0,22.0,0.0,2.0,1.0,7.45,11.468354430379748,6.166666666666667,13.0,0,0,1,1.5688612697346322,1.0,1.0,0.5106382978723404,0.5,235,204
1359531,2023-05-12,Indian Premier League,Mumbai Indians,Gujarat Titans,"Wankhede Stadium, Mumbai",Mumbai,12,5,2023,2023,male,Gujarat Titans,field,SA Yadav,Mumbai Indians,27 runs,,,,57,Unknown,218,0,120,120,191.0,0.0,120.0,120.0,61,48.0,65.0,55.0,0.0,3.0,10.9,9.55,10.166666666666666,8.0,1,0,1,1.4457822259011213,1.0,1.0,0.5679012345679012,0.7142857142857143,243,28
1359532,2023-05-13,Indian Premier League,Sunrisers Hyderabad,Lucknow Super Giants,"Rajiv Gandhi International Stadium, Uppal, Hyderabad",Hyderabad,13,5,2023,2023,male,Sunrisers Hyderabad,bat,PN Mankad,Lucknow Super Giants,7 wickets,,,,58,Unknown,182,0,120,120,185.0,0.0,116.0,116.0,56,30.0,37.0,40.0,2.0,1.0,9.1,9.56896551724138,9.333333333333334,5.0,0,1,0,1.529935275080906,1.0,1.0,0.5030674846625767,0.5555555555555556,163,27
1359533,2023-05-13,Indian Premier League,Punjab Kings,Delhi Capitals,"Arun Jaitley Stadium, Delhi",Delhi,13,5,2023,2023,male,Delhi Capitals,field,P Simran Singh,Punjab Kings,31 runs,,,,59,Unknown,167,0,120,120,136.0,0.0,120.0,120.0,46,65.0,38.0,17.0,3.0,0.0,8.35,6.8,7.666666666666667,10.833333333333334,1,0,1,1.550663645192619,1.0,1.0,0.475,0.5066666666666667,40,75
1359534,2023-05-14,Indian Premier League,Royal Challengers Bangalore,Rajasthan Royals,"Sawai Mansingh Stadium, Jaipur",Jaipur,14,5,2023,2023,male,Royal Challengers Bangalore,bat,WD Parnell,Royal Challengers Bangalore,112 runs,,,,60,Unknown,171,0,120,120,59.0,0.0,63.0,63.0,42,28.0,48.0,0.0,0.0,5.0,8.55,5.619047619047619,7.0,4.666666666666667,1,1,0,1.5071711177052423,1.0,1.0,0.4831932773109244,0.4975609756097561,238,205
1359535,2023-05-14,Indian Premier League,Chennai Super Kings,Kolkata Knight Riders,"MA Chidambaram Stadium, Chepauk, Chennai",Chennai,14,5,2023,2023,male,Chennai Super Kings,bat,RK Singh,Kolkata Knight Riders,6 wickets,,,,61,Unknown,144,0,120,120,147.0,0.0,111.0,111.0,52,46.0,45.0,21.0,1.0,3.0,7.2,7.945945945945946,8.666666666666666,7.666666666666667,0,1,0,1.3263333333333334,1.0,1.0,0.5882352941176471,0.5127118644067796,221,236
1359536,2023-05-15,Indian Premier League,Gujarat Titans,Sunrisers Hyderabad,"Narendra Modi Stadium, Ahmedabad",Ahmedabad,15,5,2023,2023,male,Sunrisers Hyderabad,field,Shubman Gill,Gujarat Titans,34 runs,,,,62,Unknown,188,0,120,120,154.0,0.0,120.0,120.0,65,45.0,25.0,31.0,1.0,4.0,9.4,7.7,10.833333333333334,7.5,1,0,1,1.4904598825831703,1.0,1.0,0.7241379310344828,0.5,29,164
1359537,2023-05-16,Indian Premier League,Lucknow Super Giants,Mumbai Indians,"Bharat Ratna Shri Atal Bihari Vajpayee Ekana Cricket Stadium, Lucknow",Lucknow,16,5,2023,2023,male,Mumbai Indians,field,MP Stoinis,Lucknow Super Giants,5 runs,,,,63,Unknown,177,0,120,120,172.0,0.0,120.0,120.0,35,58.0,60.0,41.0,2.0,0.0,8.85,8.6,5.833333333333333,9.666666666666666,1,0,1,1.3960708647605684,1.0,1.0,0.5714285714285714,0.5655737704918032,28,244
1359538,2023-05-17,Indian Premier League,Delhi Capitals,Punjab Kings,"Himachal Pradesh Cricket Association Stadium, Dharamsala",Dharamsala,17,5,2023,2023,male,Punjab Kings,field,RR Rossouw,Delhi Capitals,15 runs,,,,64,Unknown,213,0,120,120,198.0,0.0,120.0,120.0,61,47.0,59.0,63.0,0.0,1.0,10.65,9.9,10.166666666666666,7.833333333333333,1,0,1,1.5963020030816641,1.0,1.0,0.5131578947368421,0.4634146341463415,76,41
1359539,2023-05-18,Indian Premier League,Sunrisers Hyderabad,Royal Challengers Bangalore,"Rajiv Gandhi International Stadium, Uppal, Hyderabad",Hyderabad,18,5,2023,2023,male,Royal Challengers Bangalore,field,V Kohli,Royal Challengers Bangalore,8 wickets,,,,65,Unknown,186,0,120,120,187.0,0.0,116.0,116.0,49,64.0,45.0,33.0,2.0,0.0,9.3,9.672413793103448,8.166666666666666,10.666666666666666,0,0,1,1.529935275080906,1.0,1.0,0.49696969696969695,0.48535564853556484,165,239
1359540,2023-05-19,Indian Premier League,Punjab Kings,Rajasthan Royals,"Himachal Pradesh Cricket Association Stadium, Dharamsala",Dharamsala,19,5,2023,2023,male,Rajasthan Royals,field,D Padikkal,Rajasthan Royals,4 wickets,,,,66,Unknown,187,0,120,120,189.0,0.0,118.0,118.0,48,57.0,62.0,40.0,3.0,1.0,9.35,9.610169491525424,8.0,9.5,0,0,1,1.5963020030816641,1.0,1.0,0.4523809523809524,0.5,42,206
1359541,2023-05-20,Indian Premier League,Chennai Super Kings,Delhi Capitals,"Arun Jaitley Stadium, Delhi",Delhi,20,5,2023,2023,male,Chennai Super Kings,bat,RD Gaikwad,Chennai Super Kings,77 runs,,,,67,Unknown,223,0,120,120,146.0,0.0,120.0,120.0,52,34.0,56.0,15.0,0.0,3.0,11.15,7.3,8.666666666666666,5.666666666666667,1,1,0,1.550663645192619,1.0,1.0,0.5900900900900901,0.5064935064935064,222,77
1359542,2023-05-20,Indian Premier League,Lucknow Super Giants,Kolkata Knight Riders,"Eden Gardens, Kolkata",Kolkata,20,5,2023,2023,male,Kolkata Knight Riders,field,N Pooran,Lucknow Super Giants,1 runs,,,,68,Unknown,176,0,120,120,175.0,0.0,120.0,120.0,54,61.0,54.0,54.0,1.0,1.0,8.8,8.75,9.0,10.166666666666666,1,0,1,1.5688612697346322,1.0,1.0,0.5862068965517241,0.510548523206751,29,237
1359543,2023-05-21,Indian Premier League,Sunrisers Hyderabad,Mumbai Indians,"Wankhede Stadium, Mumbai",Mumbai,21,5,2023,2023,male,Mumbai Indians,field,C Green,Mumbai Indians,8 wickets,,,,69,Unknown,200,0,120,120,201.0,0.0,108.0,108.0,53,60.0,32.0,21.0,0.0,1.0,10.0,11.166666666666666,8.833333333333334,10.0,0,0,1,1.4457822259011213,1.0,1.0,0.4939759036144578,0.5673469387755102,166,245
1359544,2023-05-21,Indian Premier League,Royal Challengers Bangalore,Gujarat Titans,"M Chinnaswamy Stadium, Bengaluru",Bengaluru,21,5,2023,2023,male,Gujarat Titans,field,Shubman Gill,Gujarat Titans,6 wickets,,,,70,Unknown,197,0,120,120,198.0,0.0,115.0,115.0,62,51.0,48.0,43.0,0.0,1.0,9.85,10.330434782608695,10.333333333333334,8.5,0,0,1,1.5590987206415887,1.0,1.0,0.48333333333333334,0.7333333333333333,240,30
1370350,2023-05-23,Indian Premier League,Chennai Super Kings,Gujarat Titans,"MA Chidambaram Stadium, Chepauk, Chennai",Chennai,23,5,2023,2023,male,Gujarat Titans,field,RD Gaikwad,Chennai Super Kings,15 runs,,,,Unknown,Qualifier 1,172,0,120,120,157.0,0.0,120.0,120.0,49,41.0,41.0,42.0,0.0,2.0,8.6,7.85,8.166666666666666,6.833333333333333,1,0,1,1.3263333333333334,1.0,1.0,0.5919282511210763,0.7096774193548387,223,31
1370351,2023-05-24,Indian Premier League,Mumbai Indians,Lucknow Super Giants,"MA Chidambaram Stadium, Chepauk, Chennai",Chennai,24,5,2023,2023,male,Mumbai Indians,bat,Akash Madhwal,Mumbai Indians,81 runs,,,,Unknown,Eliminator,182,0,120,120,101.0,0.0,99.0,99.0,62,54.0,41.0,1.0,2.0,2.0,9.1,6.121212121212121,10.333333333333334,9.0,1,1,0,1.3263333333333334,1.0,1.0,0.5691056910569106,0.5666666666666667,246,30
1370352,2023-05-26,Indian Premier League,Gujarat Titans,Mumbai Indians,"Narendra Modi Stadium, Ahmedabad",Ahmedabad,26,5,2023,2023,male,Mumbai Indians,field,Shubman Gill,Gujarat Titans,62 runs,,,,Unknown,Qualifier 2,233,0,120,120,171.0,0.0,110.0,110.0,50,72.0,50.0,10.0,0.0,3.0,11.65,9.327272727272728,8.333333333333334,12.0,1,0,1,1.4904598825831703,1.0,1.0,0.71875,0.5668016194331984,32,247
1370353,2023-05-29,Indian Premier League,Gujarat Titans,Chennai Super Kings,"Narendra Modi Stadium, Ahmedabad",Ahmedabad,29,5,2023,2023,male,Chennai Super Kings,field,DP Conway,Chennai Super Kings,5 wickets,,D/L,,Unknown,Final,214,0,120,120,171.0,0.0,90.0,90.0,62,72.0,61.0,0.0,0.0,0.0,10.7,11.4,10.333333333333334,12.0,0,0,1,1.4904598825831703,1.0,1.0,0.696969696969697,0.59375,33,224
1422119,2024-03-22,Indian Premier League,Royal Challengers Bengaluru,Chennai Super Kings,"MA Chidambaram Stadium, Chepauk, Chennai",Chennai,22,3,2024,2024,male,Royal Challengers Bengaluru,bat,Mustafizur Rahman,Chennai Super Kings,6 wickets,,,,1,Unknown,173,0,120,120,176.0,0.0,112.0,112.0,42,62.0,57.0,36.0,3.0,1.0,8.65,9.428571428571429,7.0,10.333333333333334,0,1,0,1.3263333333333334,0.5,1.0,0.0,0.5955555555555555,1,225
1422120,2024-03-23,Indian Premier League,Delhi Capitals,Punjab Kings,"Maharaja Yadavindra Singh International Cricket Stadium, Mullanpur",Mohali,23,3,2024,2024,male,Punjab Kings,field,SM Curran,Punjab Kings,4 wickets,,,,2,Unknown,174,0,120,120,177.0,0.0,116.0,116.0,54,60.0,46.0,41.0,1.0,2.0,8.7,9.155172413793103,9.0,10.0,0,0,1,1.3765672287073065,1.0,1.0,0.5,0.46511627906976744,78,43
1422121,2024-03-23,Indian Premier League,Kolkata Knight Riders,Sunrisers Hyderabad,"Eden Gardens, Kolkata",Kolkata,23,3,2024,2024,male,Sunrisers Hyderabad,field,AD Russell,Kolkata Knight Riders,4 runs,,,,3,Unknown,208,0,120,120,204.0,0.0,120.0,120.0,43,65.0,67.0,71.0,3.0,1.0,10.4,10.2,7.166666666666667,10.833333333333334,1,0,1,1.5688612697346322,1.0,1.0,0.5126050420168067,0.49101796407185627,238,167
1422122,2024-03-24,Indian Premier League,Rajasthan Royals,Lucknow Super Giants,"Sawai Mansingh Stadium, Jaipur",Jaipur,24,3,2024,2024,male,Rajasthan Royals,bat,SV Samson,Rajasthan Royals,20 runs,,,,4,Unknown,193,0,120,120,173.0,0.0,120.0,120.0,54,47.0,44.0,28.0,2.0,3.0,9.65,8.65,9.0,7.833333333333333,1,1,0,1.5071711177052423,1.0,1.0,0.5024154589371981,0.5483870967741935,207,31
1422123,2024-03-24,Indian Premier League,Gujarat Titans,Mumbai Indians,"Narendra Modi Stadium, Ahmedabad",Ahmedabad,24,3,2024,2024,male,Mumbai Indians,field,B Sai Sudharsan,Gujarat Titans,6 runs,,,,5,Unknown,168,0,120,120,162.0,0.0,120.0,120.0,47,52.0,35.0,32.0,1.0,2.0,8.4,8.1,7.833333333333333,8.666666666666666,1,0,1,1.4904598825831703,1.0,1.0,0.7058823529411765,0.5645161290322581,34,248
1422124,2024-03-25,Indian Premier League,Punjab Kings,Royal Challengers Bengaluru,"M Chinnaswamy Stadium, Bengaluru",Bengaluru,25,3,2024,2024,male,Royal Challengers Bengaluru,field,V Kohli,Royal Challengers Bengaluru,4 wickets,,,,6,Unknown,176,0,120,120,178.0,0.0,116.0,116.0,40,50.0,44.0,48.0,1.0,2.0,8.8,9.206896551724139,6.666666666666667,8.333333333333334,0,0,1,1.5590987206415887,1.0,0.5,0.45454545454545453,0.5,44,2
1422125,2024-03-26,Indian Premier League,Chennai Super Kings,Gujarat Titans,"MA Chidambaram Stadium, Chepauk, Chennai",Chennai,26,3,2024,2024,male,Gujarat Titans,field,S Dube,Chennai Super Kings,63 runs,,,,7,Unknown,206,0,120,120,143.0,0.0,120.0,120.0,69,43.0,41.0,23.0,1.0,2.0,10.3,7.15,11.5,7.166666666666667,1,0,1,1.3263333333333334,1.0,1.0,0.5973451327433629,0.6857142857142857,226,35
1422126,2024-03-27,Indian Premier League,Sunrisers Hyderabad,Mumbai Indians,"Rajiv Gandhi International Stadium, Uppal, Hyderabad",Hyderabad,27,3,2024,2024,male,Mumbai Indians,field,Abhishek Sharma,Sunrisers Hyderabad,31 runs,,,,8,Unknown,277,0,120,120,246.0,0.0,120.0,120.0,81,76.0,63.0,56.0,1.0,2.0,13.85,12.3,13.5,12.666666666666666,1,0,1,1.529935275080906,1.0,1.0,0.49404761904761907,0.5622489959839357,168,249
1422127,2024-03-28,Indian Premier League,Rajasthan Royals,Delhi Capitals,"Sawai Mansingh Stadium, Jaipur",Jaipur,28,3,2024,2024,male,Delhi Capitals,field,R Parag,Rajasthan Royals,12 runs,,,,9,Unknown,185,0,120,120,173.0,0.0,120.0,120.0,31,59.0,62.0,47.0,2.0,2.0,9.25,8.65,5.166666666666667,9.833333333333334,1,0,1,1.5071711177052423,1.0,1.0,0.5048076923076923,0.4936708860759494,208,79
1422128,2024-03-29,Indian Premier League,Royal Challengers Bengaluru,Kolkata Knight Riders,"M Chinnaswamy Stadium, Bengaluru",Bengaluru,29,3,2024,2024,male,Kolkata Knight Riders,field,SP Narine,Kolkata Knight Riders,7 wickets,,,,10,Unknown,182,0,120,120,186.0,0.0,101.0,101.0,61,85.0,41.0,10.0,1.0,0.0,9.1,11.04950495049505,10.166666666666666,14.166666666666666,0,0,1,1.5590987206415887,0.1,1.0,0.3333333333333333,0.5146443514644351,3,239
1422129,2024-03-30,Indian Premier League,Lucknow Super Giants,Punjab Kings,"Bharat Ratna Shri Atal Bihari Vajpayee Ekana Cricket Stadium, Lucknow",Lucknow,30,3,2024,2024,male,Lucknow Super Giants,bat,MP Yadav,Lucknow Super Giants,21 runs,,,,11,Unknown,199,0,120,120,178.0,0.0,120.0,120.0,54,61.0,42.0,38.0,2.0,0.0,9.95,8.9,9.0,10.166666666666666,1,1,0,1.3960708647605684,1.0,1.0,0.5625,0.4444444444444444,32,45
1422130,2024-03-31,Indian Premier League,Sunrisers Hyderabad,Gujarat Titans,"Narendra Modi Stadium, Ahmedabad",Ahmedabad,31,3,2024,2024,male,Sunrisers Hyderabad,bat,MM Sharma,Gujarat Titans,7 wickets,,,,12,Unknown,162,0,120,120,168.0,0.0,115.0,115.0,56,52.0,34.0,30.0,1.0,1.0,8.1,8.765217391304347,9.333333333333334,8.666666666666666,0,1,0,1.4904598825831703,1.0,1.0,0.4911242603550296,0.6944444444444444,169,36
1422131,2024-03-31,Indian Premier League,Delhi Capitals,Chennai Super Kings,"Dr. Y.S. Rajasekhara Reddy ACA-VDCA Cricket Stadium, Visakhapatnam",Visakhapatnam,31,3,2024,2024,male,Delhi Capitals,bat,KK Ahmed,Delhi Capitals,20 runs,,,,13,Unknown,191,0,120,120,171.0,0.0,120.0,120.0,62,32.0,48.0,51.0,0.0,2.0,9.55,8.55,10.333333333333334,5.333333333333333,1,1,0,1.6085150571131879,1.0,1.0,0.5,0.5947136563876652,80,227
1422132,2024-04-01,Indian Premier League,Mumbai Indians,Rajasthan Royals,"Wankhede Stadium, Mumbai",Mumbai,1,4,2024,2024,male,Rajasthan Royals,field,TA Boult,Rajasthan Royals,6 wickets,,,,14,Unknown,125,0,120,120,127.0,0.0,93.0,93.0,46,46.0,14.0,0.0,4.0,2.0,6.25,8.193548387096774,7.666666666666667,7.666666666666667,0,0,1,1.4457822259011213,1.0,1.0,0.56,0.507177033492823,250,209
1422133,2024-04-02,Indian Premier League,Lucknow Super Giants,Royal Challengers Bengaluru,"M Chinnaswamy Stadium, Bengaluru",Bengaluru,2,4,2024,2024,male,Royal Challengers Bengaluru,field,MP Yadav,Lucknow Super Giants,28 runs,,,,15,Unknown,181,0,120,120,153.0,0.0,118.0,118.0,54,48.0,40.0,30.0,1.0,3.0,9.05,7.779661016949152,9.0,8.0,1,0,1,1.5590987206415887,1.0,0.1,0.5757575757575758,0.25,33,4
1422134,2024-04-03,Indian Premier League,Kolkata Knight Riders,Delhi Capitals,"Dr. Y.S. Rajasekhara Reddy ACA-VDCA Cricket Stadium, Visakhapatnam",Visakhapatnam,3,4,2024,2024,male,Kolkata Knight Riders,bat,SP Narine,Kolkata Knight Riders,106 runs,,,,16,Unknown,272,0,120,120,166.0,0.0,104.0,104.0,88,51.0,67.0,5.0,1.0,4.0,13.6,9.576923076923078,14.666666666666666,8.5,1,1,0,1.6085150571131879,1.0,1.0,0.5166666666666667,0.49382716049382713,240,81
1422135,2024-04-04,Indian Premier League,Gujarat Titans,Punjab Kings,"Narendra Modi Stadium, Ahmedabad",Ahmedabad,4,4,2024,2024,male,Punjab Kings,field,Shashank Singh,Punjab Kings,3 wickets,,,,17,Unknown,199,0,120,120,200.0,0.0,119.0,119.0,52,54.0,58.0,47.0,1.0,2.0,9.95,10.08403361344538,8.666666666666666,9.0,0,0,1,1.4904598825831703,1.0,1.0,0.6756756756756757,0.45652173913043476,37,46
1422136,2024-04-05,Indian Premier League,Chennai Super Kings,Sunrisers Hyderabad,"Rajiv Gandhi International Stadium, Uppal, Hyderabad",Hyderabad,5,4,2024,2024,male,Sunrisers Hyderabad,field,Abhishek Sharma,Sunrisers Hyderabad,6 wickets,,,,18,Unknown,165,0,120,120,166.0,0.0,109.0,109.0,48,78.0,33.0,23.0,1.0,1.0,8.25,9.137614678899082,8.0,13.0,0,0,1,1.529935275080906,1.0,1.0,0.5921052631578947,0.49411764705882355,228,170
1422137,2024-04-06,Indian Premier League,Royal Challengers Bengaluru,Rajasthan Royals,"Sawai Mansingh Stadium, Jaipur",Jaipur,6,4,2024,2024,male,Rajasthan Royals,field,JC Buttler,Rajasthan Royals,6 wickets,,,,19,Unknown,183,0,120,120,189.0,0.0,115.0,115.0,53,54.0,39.0,29.0,0.0,1.0,9.15,9.86086956521739,8.833333333333334,9.0,0,0,1,1.5071711177052423,0.1,1.0,0.2,0.5095238095238095,5,210
1422139,2024-04-07,Indian Premier League,Lucknow Super Giants,Gujarat Titans,"Bharat Ratna Shri Atal Bihari Vajpayee Ekana Cricket Stadium, Lucknow",Lucknow,7,4,2024,2024,male,Lucknow Super Giants,bat,Yash Thakur,Lucknow Super Giants,33 runs,,,,21,Unknown,163,0,120,120,130.0,0.0,113.0,113.0,47,54.0,42.0,28.0,2.0,1.0,8.15,6.902654867256637,7.833333333333333,9.0,1,1,0,1.3960708647605684,1.0,1.0,0.5882352941176471,0.6578947368421053,34,38
1422138,2024-04-07,Indian Premier League,Mumbai Indians,Delhi Capitals,"Wankhede Stadium, Mumbai",Mumbai,7,4,2024,2024,male,Delhi Capitals,field,R Shepherd,Mumbai Indians,29 runs,,,,20,Unknown,234,0,120,120,205.0,0.0,120.0,120.0,75,46.0,84.0,52.0,0.0,1.0,11.7,10.25,12.5,7.666666666666667,1,0,1,1.4457822259011213,1.0,1.0,0.5617529880478087,0.4878048780487805,251,82
1426260,2024-04-08,Indian Premier League,Kolkata Knight Riders,Chennai Super Kings,"MA Chidambaram Stadium, Chepauk, Chennai",Chennai,8,4,2024,2024,male,Chennai Super Kings,field,RA Jadeja,Chennai Super Kings,7 wickets,,,,22,Unknown,137,1,120,120,141.0,0.0,106.0,106.0,56,52.0,28.0,13.0,1.0,1.0,6.85,7.981132075471698,9.333333333333334,8.666666666666666,0,0,1,1.3263333333333334,1.0,1.0,0.5145228215767634,0.5938864628820961,241,229
1426261,2024-04-09,Indian Premier League,Sunrisers Hyderabad,Punjab Kings,"Maharaja Yadavindra Singh International Cricket Stadium, Mullanpur",Mohali,9,4,2024,2024,male,Punjab Kings,field,Nithish Kumar Reddy,Sunrisers Hyderabad,2 runs,,,,23,Unknown,182,0,120,120,180.0,0.0,120.0,120.0,40,27.0,36.0,64.0,3.0,3.0,9.1,9.0,6.666666666666667,4.5,1,0,1,1.3765672287073065,1.0,1.0,0.49707602339181284,0.44680851063829785,171,47
1426262,2024-04-10,Indian Premier League,Rajasthan Royals,Gujarat Titans,"Sawai Mansingh Stadium, Jaipur",Jaipur,10,4,2024,2024,male,Gujarat Titans,field,Rashid Khan,Gujarat Titans,3 wickets,,,,24,Unknown,196,0,120,120,199.0,0.0,120.0,120.0,43,44.0,57.0,61.0,2.0,0.0,9.8,9.95,7.166666666666667,7.333333333333333,0,0,1,1.5071711177052423,1.0,1.0,0.5071090047393365,0.6666666666666666,211,39
1426263,2024-04-11,Indian Premier League,Royal Challengers Bengaluru,Mumbai Indians,"Wankhede Stadium, Mumbai",Mumbai,11,4,2024,2024,male,Mumbai Indians,field,JJ Bumrah,Mumbai Indians,7 wickets,,,,25,Unknown,196,0,120,120,199.0,0.0,93.0,93.0,44,72.0,47.0,0.0,2.0,0.0,9.8,12.838709677419354,7.333333333333333,12.0,0,0,1,1.4457822259011213,0.1,1.0,0.16666666666666666,0.5634920634920635,6,252
1426264,2024-04-12,Indian Premier League,Lucknow Super Giants,Delhi Capitals,"Bharat Ratna Shri Atal Bihari Vajpayee Ekana Cricket Stadium, Lucknow",Lucknow,12,4,2024,2024,male,Lucknow Super Giants,bat,Kuldeep Yadav,Delhi Capitals,6 wickets,,,,26,Unknown,167,0,120,120,170.0,0.0,109.0,109.0,57,62.0,46.0,20.0,2.0,1.0,8.35,9.357798165137615,9.5,10.333333333333334,0,1,0,1.3960708647605684,1.0,1.0,0.5714285714285714,0.4939759036144578,35,83
1426265,2024-04-13,Indian Premier League,Punjab Kings,Rajasthan Royals,"Maharaja Yadavindra Singh International Cricket Stadium, Mullanpur",Mohali,13,4,2024,2024,male,Rajasthan Royals,field,SO Hetmyer,Rajasthan Royals,3 wickets,,,,27,Unknown,147,0,120,120,152.0,0.0,119.0,119.0,38,43.0,44.0,47.0,1.0,0.0,7.35,7.663865546218488,6.333333333333333,7.166666666666667,0,0,1,1.3765672287073065,1.0,1.0,0.4375,0.5094339622641509,48,212
1426267,2024-04-14,Indian Premier League,Chennai Super Kings,Mumbai Indians,"Wankhede Stadium, Mumbai",Mumbai,14,4,2024,2024,male,Mumbai Indians,field,M Pathirana,Chennai Super Kings,20 runs,,,,29,Unknown,206,0,120,120,186.0,0.0,120.0,120.0,48,63.0,55.0,51.0,1.0,0.0,10.3,9.3,8.0,10.5,1,0,1,1.4457822259011213,1.0,1.0,0.5956521739130435,0.5612648221343873,230,253
1426266,2024-04-14,Indian Premier League,Lucknow Super Giants,Kolkata Knight Riders,"Eden Gardens, Kolkata",Kolkata,14,4,2024,2024,male,Kolkata Knight Riders,field,PD Salt,Kolkata Knight Riders,8 wickets,,,,28,Unknown,161,0,120,120,162.0,0.0,94.0,94.0,49,58.0,43.0,0.0,2.0,2.0,8.05,10.340425531914894,8.166666666666666,9.666666666666666,0,0,1,1.5688612697346322,1.0,1.0,0.5555555555555556,0.5165289256198347,36,242
1426268,2024-04-15,Indian Premier League,Sunrisers Hyderabad,Royal Challengers Bengaluru,"M Chinnaswamy Stadium, Bengaluru",Bengaluru,15,4,2024,2024,male,Royal Challengers Bengaluru,field,TM Head,Sunrisers Hyderabad,25 runs,,,,30,Unknown,287,0,120,120,262.0,0.0,120.0,120.0,76,79.0,70.0,63.0,0.0,0.0,14.35,13.1,12.666666666666666,13.166666666666666,1,0,1,1.5590987206415887,1.0,0.1,0.5,0.14285714285714285,172,7
1426269,2024-04-16,Indian Premier League,Kolkata Knight Riders,Rajasthan Royals,"Eden Gardens, Kolkata",Kolkata,16,4,2024,2024,male,Rajasthan Royals,field,JC Buttler,Rajasthan Royals,2 wickets,,,,31,Unknown,223,0,120,120,224.0,0.0,120.0,120.0,56,76.0,39.0,62.0,1.0,2.0,11.15,11.2,9.333333333333334,12.666666666666666,0,0,1,1.5688612697346322,1.0,1.0,0.51440329218107,0.5117370892018779,243,213
1426270,2024-04-17,Indian Premier League,Gujarat Titans,Delhi Capitals,"Narendra Modi Stadium, Ahmedabad",Ahmedabad,17,4,2024,2024,male,Delhi Capitals,field,RR Pant,Delhi Capitals,6 wickets,,,,32,Unknown,89,0,105,105,92.0,0.0,53.0,53.0,30,67.0,8.0,0.0,4.0,4.0,5.085714285714285,10.415094339622641,5.0,11.166666666666666,0,0,1,1.4904598825831703,1.0,1.0,0.65,0.5,40,84
1426271,2024-04-18,Indian Premier League,Mumbai Indians,Punjab Kings,"Maharaja Yadavindra Singh International Cricket Stadium, Mullanpur",Mohali,18,4,2024,2024,male,Punjab Kings,field,JJ Bumrah,Mumbai Indians,9 runs,,,,33,Unknown,192,0,120,120,183.0,0.0,115.0,115.0,54,40.0,44.0,18.0,1.0,4.0,9.6,9.54782608695652,9.0,6.666666666666667,1,0,1,1.3765672287073065,1.0,1.0,0.562992125984252,0.42857142857142855,254,49
1426272,2024-04-19,Indian Premier League,Chennai Super Kings,Lucknow Super Giants,"Bharat Ratna Shri Atal Bihari Vajpayee Ekana Cricket Stadium, Lucknow",Lucknow,19,4,2024,2024,male,Lucknow Super Giants,field,KL Rahul,Lucknow Super Giants,8 wickets,,,,34,Unknown,176,0,120,120,180.0,0.0,114.0,114.0,51,54.0,63.0,34.0,2.0,0.0,8.8,9.473684210526315,8.5,9.0,0,0,1,1.3960708647605684,1.0,1.0,0.5930735930735931,0.5675675675675675,231,37
1426273,2024-04-20,Indian Premier League,Sunrisers Hyderabad,Delhi Capitals,"Arun Jaitley Stadium, Delhi",Delhi,20,4,2024,2024,male,Delhi Capitals,field,TM Head,Sunrisers Hyderabad,67 runs,,,,35,Unknown,266,0,120,120,199.0,0.0,115.0,115.0,125,88.0,56.0,20.0,0.0,2.0,13.3,10.382608695652173,20.833333333333332,14.666666666666666,1,0,1,1.550663645192619,1.0,1.0,0.5028901734104047,0.49411764705882355,173,85
1426274,2024-04-21,Indian Premier League,Kolkata Knight Riders,Royal Challengers Bengaluru,"Eden Gardens, Kolkata",Kolkata,21,4,2024,2024,male,Royal Challengers Bengaluru,field,AD Russell,Kolkata Knight Riders,1 runs,,,,36,Unknown,222,0,120,120,221.0,0.0,120.0,120.0,75,74.0,67.0,40.0,3.0,2.0,11.1,11.05,12.5,12.333333333333334,1,0,1,1.5688612697346322,1.0,0.1,0.5163934426229508,0.125,244,8
1426275,2024-04-21,Indian Premier League,Punjab Kings,Gujarat Titans,"Maharaja Yadavindra Singh International Cricket Stadium, Mullanpur",Mohali,21,4,2024,2024,male,Punjab Kings,bat,R Sai Kishore,Gujarat Titans,3 wickets,,,,37,Unknown,142,0,120,120,146.0,0.0,115.0,115.0,56,44.0,35.0,41.0,1.0,1.0,7.1,7.617391304347826,9.333333333333334,7.333333333333333,0,1,0,1.3765672287073065,1.0,1.0,0.42,0.6585365853658537,50,41
1426276,2024-04-22,Indian Premier League,Mumbai Indians,Rajasthan Royals,"Sawai Mansingh Stadium, Jaipur",Jaipur,22,4,2024,2024,male,Mumbai Indians,bat,Sandeep Sharma,Rajasthan Royals,9 wickets,,,,38,Unknown,179,0,120,120,183.0,0.0,112.0,112.0,45,61.0,28.0,23.0,3.0,0.0,8.95,9.803571428571429,7.5,10.166666666666666,0,1,0,1.5071711177052423,1.0,1.0,0.5607843137254902,0.514018691588785,255,214
1426277,2024-04-23,Indian Premier League,Chennai Super Kings,Lucknow Super Giants,"MA Chidambaram Stadium, Chepauk, Chennai",Chennai,23,4,2024,2024,male,Lucknow Super Giants,field,MP Stoinis,Lucknow Super Giants,6 wickets,,,,39,Unknown,210,0,120,120,213.0,0.0,117.0,117.0,49,45.0,56.0,56.0,2.0,2.0,10.5,10.923076923076923,8.166666666666666,7.5,0,0,1,1.3263333333333334,1.0,1.0,0.5905172413793104,0.5789473684210527,232,38
1426278,2024-04-24,Indian Premier League,Delhi Capitals,Gujarat Titans,"Arun Jaitley Stadium, Delhi",Delhi,24,4,2024,2024,male,Gujarat Titans,field,RR Pant,Delhi Capitals,4 runs,,,,40,Unknown,224,0,120,120,220.0,0.0,120.0,120.0,44,67.0,81.0,68.0,3.0,1.0,11.2,11.0,7.333333333333333,11.166666666666666,1,0,1,1.550663645192619,1.0,1.0,0.5,0.6428571428571429,86,42
1426279,2024-04-25,Indian Premier League,Royal Challengers Bengaluru,Sunrisers Hyderabad,"Rajiv Gandhi International Stadium, Uppal, Hyderabad",Hyderabad,25,4,2024,2024,male,Royal Challengers Bengaluru,bat,RM Patidar,Royal Challengers Bengaluru,35 runs,,,,41,Unknown,206,0,120,120,171.0,0.0,120.0,120.0,61,62.0,49.0,30.0,1.0,4.0,10.3,8.55,10.166666666666666,10.333333333333334,1,1,0,1.529935275080906,0.1,1.0,0.2222222222222222,0.5,9,174
1426280,2024-04-26,Indian Premier League,Kolkata Knight Riders,Punjab Kings,"Eden Gardens, Kolkata",Kolkata,26,4,2024,2024,male,Punjab Kings,field,JM Bairstow,Punjab Kings,8 wickets,,,,42,Unknown,261,0,120,120,262.0,0.0,112.0,112.0,76,93.0,55.0,52.0,0.0,1.0,13.05,14.035714285714285,12.666666666666666,15.5,0,0,1,1.5688612697346322,1.0,1.0,0.5142857142857142,0.43137254901960786,245,51
1426281,2024-04-27,Indian Premier League,Delhi Capitals,Mumbai Indians,"Arun Jaitley Stadium, Delhi",Delhi,27,4,2024,2024,male,Mumbai Indians,field,J Fraser-McGurk,Delhi Capitals,10 runs,,,,43,Unknown,257,0,120,120,247.0,0.0,120.0,120.0,92,65.0,58.0,60.0,0.0,3.0,12.85,12.35,15.333333333333334,10.833333333333334,1,0,1,1.550663645192619,1.0,1.0,0.5057471264367817,0.55859375,87,256
1426282,2024-04-27,Indian Premier League,Lucknow Super Giants,Rajasthan Royals,"Bharat Ratna Shri Atal Bihari Vajpayee Ekana Cricket Stadium, Lucknow",Lucknow,27,4,2024,2024,male,Rajasthan Royals,field,SV Samson,Rajasthan Royals,7 wickets,,,,44,Unknown,196,0,120,120,199.0,0.0,114.0,114.0,46,60.0,40.0,39.0,2.0,1.0,9.8,10.473684210526315,7.666666666666667,10.0,0,0,1,1.3960708647605684,1.0,1.0,0.5641025641025641,0.5162790697674419,39,215
1426283,2024-04-28,Indian Premier League,Gujarat Titans,Royal Challengers Bengaluru,"Narendra Modi Stadium, Ahmedabad",Ahmedabad,28,4,2024,2024,male,Royal Challengers Bengaluru,field,WG Jacks,Royal Challengers Bengaluru,9 wickets,,,,45,Unknown,200,0,120,120,206.0,0.0,96.0,96.0,42,63.0,52.0,0.0,1.0,1.0,10.0,12.875,7.0,10.5,0,0,1,1.4904598825831703,1.0,0.2,0.627906976744186,0.3,43,10
1426284,2024-04-28,Indian Premier League,Chennai Super Kings,Sunrisers Hyderabad,"MA Chidambaram Stadium, Chepauk, Chennai",Chennai,28,4,2024,2024,male,Sunrisers Hyderabad,field,RD Gaikwad,Chennai Super Kings,78 runs,,,,46,Unknown,212,0,120,120,134.0,0.0,113.0,113.0,50,53.0,53.0,16.0,1.0,3.0,10.6,7.115044247787611,8.333333333333334,8.833333333333334,1,0,1,1.3263333333333334,1.0,1.0,0.592274678111588,0.49714285714285716,233,175
1426285,2024-04-29,Indian Premier League,Delhi Capitals,Kolkata Knight Riders,"Eden Gardens, Kolkata",Kolkata,29,4,2024,2024,male,Delhi Capitals,bat,CV Varun,Kolkata Knight Riders,7 wickets,,,,47,Unknown,153,0,120,120,157.0,0.0,99.0,99.0,67,79.0,25.0,6.0,3.0,0.0,7.65,9.515151515151516,11.166666666666666,13.166666666666666,0,1,0,1.5688612697346322,1.0,1.0,0.5,0.516260162601626,88,246
1426286,2024-04-30,Indian Premier League,Mumbai Indians,Lucknow Super Giants,"Bharat Ratna Shri Atal Bihari Vajpayee Ekana Cricket Stadium, Lucknow",Lucknow,30,4,2024,2024,male,Lucknow Super Giants,field,MP Stoinis,Lucknow Super Giants,4 wickets,,,,48,Unknown,144,0,120,120,145.0,0.0,116.0,116.0,28,52.0,38.0,23.0,4.0,1.0,7.2,7.500000000000001,4.666666666666667,8.666666666666666,0,0,1,1.3960708647605684,1.0,1.0,0.556420233463035,0.575,257,40
1426287,2024-05-01,Indian Premier League,Chennai Super Kings,Punjab Kings,"MA Chidambaram Stadium, Chepauk, Chennai",Chennai,1,5,2024,2024,male,Punjab Kings,field,Harpreet Brar,Punjab Kings,7 wickets,,,,49,Unknown,162,0,120,120,163.0,0.0,107.0,107.0,55,52.0,51.0,17.0,0.0,1.0,8.1,9.14018691588785,9.166666666666666,8.666666666666666,0,0,1,1.3263333333333334,1.0,1.0,0.5897435897435898,0.4423076923076923,234,52
1426288,2024-05-02,Indian Premier League,Sunrisers Hyderabad,Rajasthan Royals,"Rajiv Gandhi International Stadium, Uppal, Hyderabad",Hyderabad,2,5,2024,2024,male,Sunrisers Hyderabad,bat,B Kumar,Sunrisers Hyderabad,1 runs,,,,50,Unknown,201,0,120,120,200.0,0.0,120.0,120.0,37,60.0,55.0,40.0,2.0,2.0,10.05,10.0,6.166666666666667,10.0,1,1,0,1.529935275080906,1.0,1.0,0.5,0.5138888888888888,176,216
1426289,2024-05-03,Indian Premier League,Kolkata Knight Riders,Mumbai Indians,"Wankhede Stadium, Mumbai",Mumbai,3,5,2024,2024,male,Mumbai Indians,field,VR Iyer,Kolkata Knight Riders,24 runs,,,,51,Unknown,169,0,119,119,145.0,0.0,113.0,113.0,57,46.0,36.0,21.0,4.0,3.0,8.521008403361344,7.6991150442477885,9.5,7.666666666666667,1,0,1,1.4457822259011213,1.0,1.0,0.5182186234817814,0.5542635658914729,247,258
1426290,2024-05-04,Indian Premier League,Gujarat Titans,Royal Challengers Bengaluru,"M Chinnaswamy Stadium, Bengaluru",Bengaluru,4,5,2024,2024,male,Royal Challengers Bengaluru,field,Mohammed Siraj,Royal Challengers Bengaluru,4 wickets,,,,52,Unknown,147,0,117,117,152.0,0.0,82.0,82.0,23,92.0,26.0,0.0,3.0,1.0,7.538461538461538,11.121951219512196,3.8333333333333335,15.333333333333334,0,0,1,1.5590987206415887,1.0,0.3,0.6136363636363636,0.36363636363636365,44,11
1426291,2024-05-05,Indian Premier League,Chennai Super Kings,Punjab Kings,"Himachal Pradesh Cricket Association Stadium, Dharamsala",Dharamsala,5,5,2024,2024,male,Punjab Kings,field,RA Jadeja,Chennai Super Kings,28 runs,,,,53,Unknown,167,0,120,120,139.0,0.0,120.0,120.0,60,47.0,45.0,34.0,1.0,2.0,8.35,6.95,10.0,7.833333333333333,1,0,1,1.5963020030816641,1.0,1.0,0.5914893617021276,0.4339622641509434,235,53
1426292,2024-05-05,Indian Premier League,Kolkata Knight Riders,Lucknow Super Giants,"Bharat Ratna Shri Atal Bihari Vajpayee Ekana Cricket Stadium, Lucknow",Lucknow,5,5,2024,2024,male,Lucknow Super Giants,field,SP Narine,Kolkata Knight Riders,98 runs,,,,54,Unknown,235,0,120,120,137.0,0.0,97.0,97.0,70,55.0,57.0,0.0,1.0,1.0,11.75,8.474226804123711,11.666666666666666,9.166666666666666,1,0,1,1.3960708647605684,1.0,1.0,0.5201612903225806,0.5609756097560976,248,41
1426293,2024-05-06,Indian Premier League,Sunrisers Hyderabad,Mumbai Indians,"Wankhede Stadium, Mumbai",Mumbai,6,5,2024,2024,male,Mumbai Indians,field,SA Yadav,Mumbai Indians,7 wickets,,,,55,Unknown,173,0,120,120,174.0,0.0,104.0,104.0,56,52.0,48.0,25.0,1.0,3.0,8.65,10.038461538461538,9.333333333333334,8.666666666666666,0,0,1,1.4457822259011213,1.0,1.0,0.4971751412429379,0.555984555984556,177,259
1426294,2024-05-07,Indian Premier League,Delhi Capitals,Rajasthan Royals,"Arun Jaitley Stadium, Delhi",Delhi,7,5,2024,2024,male,Rajasthan Royals,field,Kuldeep Yadav,Delhi Capitals,20 runs,,,,56,Unknown,221,0,120,120,201.0,0.0,120.0,120.0,78,67.0,57.0,31.0,2.0,2.0,11.05,10.05,13.0,11.166666666666666,1,0,1,1.550663645192619,1.0,1.0,0.5056179775280899,0.511520737327189,89,217
1426295,2024-05-08,Indian Premier League,Lucknow Super Giants,Sunrisers Hyderabad,"Rajiv Gandhi International Stadium, Uppal, Hyderabad",Hyderabad,8,5,2024,2024,male,Lucknow Super Giants,bat,TM Head,Sunrisers Hyderabad,10 wickets,,,,57,Unknown,165,0,120,120,167.0,0.0,58.0,58.0,27,107.0,53.0,0.0,2.0,0.0,8.25,17.27586206896552,4.5,17.833333333333332,0,1,0,1.529935275080906,1.0,1.0,0.5476190476190477,0.5,42,178
1426296,2024-05-09,Indian Premier League,Royal Challengers Bengaluru,Punjab Kings,"Himachal Pradesh Cricket Association Stadium, Dharamsala",Dharamsala,9,5,2024,2024,male,Punjab Kings,field,V Kohli,Royal Challengers Bengaluru,60 runs,,,,58,Unknown,241,0,120,120,181.0,0.0,102.0,102.0,56,75.0,56.0,7.0,2.0,2.0,12.05,10.647058823529411,9.333333333333334,12.5,1,0,1,1.5963020030816641,0.4,1.0,0.4166666666666667,0.42592592592592593,12,54
1426297,2024-05-10,Indian Premier League,Gujarat Titans,Chennai Super Kings,"Narendra Modi Stadium, Ahmedabad",Ahmedabad,10,5,2024,2024,male,Chennai Super Kings,field,Shubman Gill,Gujarat Titans,35 runs,,,,59,Unknown,231,0,120,120,196.0,0.0,120.0,120.0,58,43.0,35.0,34.0,0.0,3.0,11.55,9.8,9.666666666666666,7.166666666666667,1,0,1,1.4904598825831703,1.0,1.0,0.6222222222222222,0.5889830508474576,45,236
1426298,2024-05-11,Indian Premier League,Kolkata Knight Riders,Mumbai Indians,"Eden Gardens, Kolkata",Kolkata,11,5,2024,2024,male,Mumbai Indians,field,CV Varun,Kolkata Knight Riders,18 runs,,,,60,Unknown,157,0,96,96,139.0,0.0,96.0,96.0,52,62.0,0.0,0.0,3.0,0.0,9.8125,8.6875,8.666666666666666,10.333333333333334,1,0,1,1.5688612697346322,1.0,1.0,0.5220883534136547,0.5538461538461539,249,260
1426299,2024-05-12,Indian Premier League,Rajasthan Royals,Chennai Super Kings,"MA Chidambaram Stadium, Chepauk, Chennai",Chennai,12,5,2024,2024,male,Rajasthan Royals,bat,Simarjeet Singh,Chennai Super Kings,5 wickets,,,,61,Unknown,141,0,120,120,145.0,0.0,110.0,110.0,42,56.0,38.0,24.0,0.0,1.0,7.05,7.909090909090909,7.0,9.333333333333334,0,1,0,1.3263333333333334,1.0,1.0,0.5091743119266054,0.5907172995780591,218,237
1426300,2024-05-12,Indian Premier League,Royal Challengers Bengaluru,Delhi Capitals,"M Chinnaswamy Stadium, Bengaluru",Bengaluru,12,5,2024,2024,male,Delhi Capitals,field,C Green,Royal Challengers Bengaluru,47 runs,,,,62,Unknown,187,0,120,120,140.0,0.0,115.0,115.0,61,54.0,40.0,10.0,2.0,4.0,9.35,7.304347826086956,10.166666666666666,9.0,1,0,1,1.5590987206415887,0.5,1.0,0.46153846153846156,0.5,13,90
1426302,2024-05-14,Indian Premier League,Delhi Capitals,Lucknow Super Giants,"Arun Jaitley Stadium, Delhi",Delhi,14,5,2024,2024,male,Lucknow Super Giants,field,I Sharma,Delhi Capitals,19 runs,,,,64,Unknown,208,0,120,120,189.0,0.0,120.0,120.0,73,59.0,54.0,40.0,1.0,4.0,10.4,9.45,12.166666666666666,9.833333333333334,1,0,1,1.550663645192619,1.0,1.0,0.5054945054945055,0.5348837209302325,91,43
1426303,2024-05-15,Indian Premier League,Rajasthan Royals,Punjab Kings,"Barsapara Cricket Stadium, Guwahati",Guwahati,15,5,2024,2024,male,Rajasthan Royals,bat,SM Curran,Punjab Kings,5 wickets,,,,65,Unknown,144,0,120,120,145.0,0.0,113.0,113.0,38,39.0,31.0,33.0,1.0,3.0,7.2,7.6991150442477885,6.333333333333333,6.5,0,1,0,1.451917732073374,1.0,1.0,0.5068493150684932,0.43636363636363634,219,55
1426305,2024-05-17,Indian Premier League,Lucknow Super Giants,Mumbai Indians,"Wankhede Stadium, Mumbai",Mumbai,17,5,2024,2024,male,Mumbai Indians,field,N Pooran,Lucknow Super Giants,18 runs,,,,67,Unknown,214,0,120,120,196.0,0.0,120.0,120.0,49,53.0,44.0,61.0,2.0,0.0,10.7,9.8,8.166666666666666,8.833333333333334,1,0,1,1.4457822259011213,1.0,1.0,0.5454545454545454,0.5517241379310345,44,261
1426306,2024-05-18,Indian Premier League,Royal Challengers Bengaluru,Chennai Super Kings,"M Chinnaswamy Stadium, Bengaluru",Bengaluru,18,5,2024,2024,male,Chennai Super Kings,field,F du Plessis,Royal Challengers Bengaluru,27 runs,,,,68,Unknown,218,0,120,120,191.0,1.0,120.0,120.0,42,58.0,63.0,53.0,0.0,2.0,10.9,9.55,7.0,9.666666666666666,1,0,1,1.5590987206415887,0.6,1.0,0.5,0.5882352941176471,14,238
1426307,2024-05-19,Indian Premier League,Punjab Kings,Sunrisers Hyderabad,"Rajiv Gandhi International Stadium, Uppal, Hyderabad",Hyderabad,19,5,2024,2024,male,Punjab Kings,bat,Abhishek Sharma,Sunrisers Hyderabad,4 wickets,,,,69,Unknown,214,0,120,120,215.0,1.0,115.0,115.0,61,84.0,40.0,26.0,0.0,2.0,10.7,11.217391304347826,10.166666666666666,14.0,0,1,0,1.529935275080906,1.0,1.0,0.42857142857142855,0.5027932960893855,56,179
1426309,2024-05-21,Indian Premier League,Sunrisers Hyderabad,Kolkata Knight Riders,"Narendra Modi Stadium, Ahmedabad",Ahmedabad,21,5,2024,2024,male,Sunrisers Hyderabad,bat,MA Starc,Kolkata Knight Riders,8 wickets,,,,Unknown,Qualifier 1,159,0,117,117,164.0,0.0,82.0,82.0,45,63.0,33.0,0.0,4.0,1.0,8.153846153846153,12.0,7.5,10.5,0,1,0,1.4904598825831703,1.0,1.0,0.5,0.524,180,250
1426310,2024-05-22,Indian Premier League,Royal Challengers Bengaluru,Rajasthan Royals,"Narendra Modi Stadium, Ahmedabad",Ahmedabad,22,5,2024,2024,male,Rajasthan Royals,field,R Ashwin,Rajasthan Royals,4 wickets,,,,Unknown,Eliminator,172,0,120,120,174.0,0.0,114.0,114.0,50,47.0,38.0,31.0,1.0,1.0,8.6,9.157894736842104,8.333333333333334,7.833333333333333,0,0,1,1.4904598825831703,0.7,1.0,0.4666666666666667,0.509090909090909,15,220
1426311,2024-05-24,Indian Premier League,Sunrisers Hyderabad,Rajasthan Royals,"MA Chidambaram Stadium, Chepauk, Chennai",Chennai,24,5,2024,2024,male,Rajasthan Royals,field,Shahbaz Ahmed,Sunrisers Hyderabad,36 runs,,,,Unknown,Qualifier 2,175,0,120,120,139.0,0.0,120.0,120.0,68,51.0,39.0,26.0,3.0,1.0,8.75,6.95,11.333333333333334,8.5,1,0,1,1.3263333333333334,1.0,1.0,0.5027624309392266,0.5067873303167421,181,221
1426312,2024-05-26,Indian Premier League,Sunrisers Hyderabad,Kolkata Knight Riders,"MA Chidambaram Stadium, Chepauk, Chennai",Chennai,26,5,2024,2024,male,Sunrisers Hyderabad,bat,MA Starc,Kolkata Knight Riders,8 wickets,,,,Unknown,Final,113,0,111,111,114.0,0.0,63.0,63.0,40,72.0,15.0,0.0,3.0,1.0,6.108108108108108,10.857142857142858,6.666666666666667,12.0,0,1,0,1.3263333333333334,1.0,1.0,0.5,0.5258964143426295,182,251
1473438,2025-03-22,Indian Premier League,Kolkata Knight Riders,Royal Challengers Bengaluru,"Eden Gardens, Kolkata",Kolkata,22,3,2025,2025,male,Royal Challengers Bengaluru,field,KH Pandya,Royal Challengers Bengaluru,7 wickets,,,,1,Unknown,174,0,120,120,177.0,0.0,98.0,98.0,60,80.0,23.0,10.0,1.0,0.0,8.7,10.836734693877553,10.0,13.333333333333334,0,0,1,1.5688612697346322,1.0,0.7,0.5238095238095238,0.5,252,16
1473439,2025-03-23,Indian Premier League,Sunrisers Hyderabad,Rajasthan Royals,"Rajiv Gandhi International Stadium, Uppal, Hyderabad",Hyderabad,23,3,2025,2025,male,Rajasthan Royals,field,Ishan Kishan,Sunrisers Hyderabad,44 runs,,,,2,Unknown,286,0,120,120,242.0,0.0,120.0,120.0,94,77.0,67.0,69.0,1.0,3.0,14.3,12.1,15.666666666666666,12.833333333333334,1,0,1,1.529935275080906,1.0,1.0,0.5027322404371585,0.5045045045045045,183,222
1473440,2025-03-23,Indian Premier League,Mumbai Indians,Chennai Super Kings,"MA Chidambaram Stadium, Chepauk, Chennai",Chennai,23,3,2025,2025,male,Chennai Super Kings,field,Noor Ahmad,Chennai Super Kings,4 wickets,,,,3,Unknown,155,0,120,120,158.0,0.0,115.0,115.0,52,62.0,37.0,33.0,3.0,1.0,7.75,8.243478260869566,8.666666666666666,10.333333333333334,0,0,1,1.3263333333333334,1.0,1.0,0.549618320610687,0.5899581589958159,262,239
1473441,2025-03-24,Indian Premier League,Lucknow Super Giants,Delhi Capitals,"Dr. Y.S. Rajasekhara Reddy ACA-VDCA Cricket Stadium, Visakhapatnam",Visakhapatnam,24,3,2025,2025,male,Delhi Capitals,field,Ashutosh Sharma,Delhi Capitals,1 wickets,,,,4,Unknown,209,0,120,120,211.0,0.0,117.0,117.0,64,58.0,33.0,43.0,1.0,4.0,10.45,10.820512820512821,10.666666666666666,9.666666666666666,0,0,1,1.6085150571131879,1.0,1.0,0.5333333333333333,0.5108695652173914,45,92
1473442,2025-03-25,Indian Premier League,Punjab Kings,Gujarat Titans,"Narendra Modi Stadium, Ahmedabad",Ahmedabad,25,3,2025,2025,male,Gujarat Titans,field,SS Iyer,Punjab Kings,11 runs,,,,5,Unknown,243,0,120,120,232.0,0.0,120.0,120.0,73,61.0,77.0,50.0,1.0,1.0,12.15,11.6,12.166666666666666,10.166666666666666,1,0,1,1.4904598825831703,1.0,1.0,0.43859649122807015,0.6086956521739131,57,46
1473443,2025-03-26,Indian Premier League,Rajasthan Royals,Kolkata Knight Riders,"Barsapara Cricket Stadium, Guwahati",Guwahati,26,3,2025,2025,male,Kolkata Knight Riders,field,Q de Kock,Kolkata Knight Riders,8 wickets,,,,6,Unknown,151,0,120,120,153.0,0.0,105.0,105.0,54,40.0,39.0,28.0,1.0,0.0,7.55,8.742857142857142,9.0,6.666666666666667,0,0,1,1.451917732073374,1.0,1.0,0.5022421524663677,0.525691699604743,223,253
1473444,2025-03-27,Indian Premier League,Sunrisers Hyderabad,Lucknow Super Giants,"Rajiv Gandhi International Stadium, Uppal, Hyderabad",Hyderabad,27,3,2025,2025,male,Lucknow Super Giants,field,SN Thakur,Lucknow Super Giants,5 wickets,,,,7,Unknown,190,0,120,120,193.0,0.0,97.0,97.0,62,77.0,34.0,4.0,2.0,1.0,9.5,11.938144329896906,10.333333333333334,12.833333333333334,0,0,1,1.529935275080906,1.0,1.0,0.5,0.5434782608695652,184,46
1473445,2025-03-28,Indian Premier League,Royal Challengers Bengaluru,Chennai Super Kings,"MA Chidambaram Stadium, Chepauk, Chennai",Chennai,28,3,2025,2025,male,Chennai Super Kings,field,RM Patidar,Royal Challengers Bengaluru,50 runs,,,,8,Unknown,196,0,120,120,146.0,0.0,120.0,120.0,56,30.0,43.0,45.0,1.0,3.0,9.8,7.3,9.333333333333334,5.0,1,0,1,1.3263333333333334,0.8,1.0,0.5294117647058824,0.5875,17,240
1473446,2025-03-29,Indian Premier League,Gujarat Titans,Mumbai Indians,"Narendra Modi Stadium, Ahmedabad",Ahmedabad,29,3,2025,2025,male,Mumbai Indians,field,M Prasidh Krishna,Gujarat Titans,36 runs,,,,9,Unknown,196,0,120,120,160.0,0.0,120.0,120.0,66,48.0,45.0,40.0,0.0,2.0,9.8,8.0,11.0,8.0,1,0,1,1.4904598825831703,1.0,1.0,0.6170212765957447,0.5475285171102662,47,263
1473447,2025-03-30,Indian Premier League,Sunrisers Hyderabad,Delhi Capitals,"Dr. Y.S. Rajasekhara Reddy ACA-VDCA Cricket Stadium, Visakhapatnam",Visakhapatnam,30,3,2025,2025,male,Sunrisers Hyderabad,bat,MA Starc,Delhi Capitals,7 wickets,,,,10,Unknown,163,0,112,112,166.0,0.0,96.0,96.0,58,52.0,14.0,0.0,4.0,0.0,8.732142857142856,10.375,9.666666666666666,8.666666666666666,0,1,0,1.6085150571131879,1.0,1.0,0.4972972972972973,0.5161290322580645,185,93
1473448,2025-03-30,Indian Premier League,Rajasthan Royals,Chennai Super Kings,"Barsapara Cricket Stadium, Guwahati",Guwahati,30,3,2025,2025,male,Chennai Super Kings,field,N Rana,Rajasthan Royals,6 runs,,,,11,Unknown,182,0,120,120,176.0,0.0,120.0,120.0,79,42.0,29.0,47.0,1.0,1.0,9.1,8.8,13.166666666666666,7.0,1,0,1,1.451917732073374,1.0,1.0,0.5044642857142857,0.5850622406639004,224,241
1473449,2025-03-31,Indian Premier League,Kolkata Knight Riders,Mumbai Indians,"Wankhede Stadium, Mumbai",Mumbai,31,3,2025,2025,male,Mumbai Indians,field,Ashwani Kumar,Mumbai Indians,8 wickets,,,,12,Unknown,116,0,98,98,121.0,0.0,77.0,77.0,41,55.0,6.0,0.0,4.0,1.0,7.102040816326531,9.428571428571429,6.833333333333333,9.166666666666666,0,0,1,1.4457822259011213,1.0,1.0,0.5236220472440944,0.5492424242424242,254,264
1473450,2025-04-01,Indian Premier League,Lucknow Super Giants,Punjab Kings,"Bharat Ratna Shri Atal Bihari Vajpayee Ekana Cricket Stadium, Lucknow",Lucknow,1,4,2025,2025,male,Punjab Kings,field,P Simran Singh,Punjab Kings,8 wickets,,,,13,Unknown,171,0,120,120,177.0,0.0,98.0,98.0,39,62.0,46.0,6.0,3.0,1.0,8.55,10.836734693877553,6.5,10.333333333333334,0,0,1,1.3960708647605684,1.0,1.0,0.5319148936170213,0.4482758620689655,47,58
1473451,2025-04-02,Indian Premier League,Royal Challengers Bengaluru,Gujarat Titans,"M Chinnaswamy Stadium, Bengaluru",Bengaluru,2,4,2025,2025,male,Gujarat Titans,field,Mohammed Siraj,Gujarat Titans,8 wickets,,,,14,Unknown,169,0,120,120,170.0,0.0,107.0,107.0,38,42.0,50.0,29.0,3.0,1.0,8.45,9.532710280373832,6.333333333333333,7.0,0,0,1,1.5590987206415887,0.9,1.0,0.5,0.625,18,48
1473452,2025-04-03,Indian Premier League,Kolkata Knight Riders,Sunrisers Hyderabad,"Eden Gardens, Kolkata",Kolkata,3,4,2025,2025,male,Sunrisers Hyderabad,field,VG Arora,Kolkata Knight Riders,80 runs,,,,15,Unknown,200,0,120,120,120.0,0.0,100.0,100.0,53,33.0,66.0,3.0,2.0,3.0,10.0,7.199999999999999,8.833333333333334,5.5,1,0,1,1.5688612697346322,1.0,1.0,0.5254901960784314,0.4946236559139785,255,186
1473453,2025-04-04,Indian Premier League,Lucknow Super Giants,Mumbai Indians,"Bharat Ratna Shri Atal Bihari Vajpayee Ekana Cricket Stadium, Lucknow",Lucknow,4,4,2025,2025,male,Mumbai Indians,field,DS Rathi,Lucknow Super Giants,12 runs,,,,16,Unknown,203,0,120,120,191.0,0.0,120.0,120.0,69,64.0,44.0,39.0,0.0,2.0,10.15,9.55,11.5,10.666666666666666,1,0,1,1.3960708647605684,1.0,1.0,0.5416666666666666,0.5471698113207547,48,265
1473454,2025-04-05,Indian Premier League,Delhi Capitals,Chennai Super Kings,"MA Chidambaram Stadium, Chepauk, Chennai",Chennai,5,4,2025,2025,male,Delhi Capitals,bat,KL Rahul,Delhi Capitals,25 runs,,,,17,Unknown,183,0,120,120,158.0,0.0,120.0,120.0,51,46.0,37.0,46.0,1.0,3.0,9.15,7.9,8.5,7.666666666666667,1,1,0,1.3263333333333334,1.0,1.0,0.5212765957446809,0.5826446280991735,94,242
1473455,2025-04-05,Indian Premier League,Rajasthan Royals,Punjab Kings,"Maharaja Yadavindra Singh International Cricket Stadium, Mullanpur",Mohali,5,4,2025,2025,male,Punjab Kings,field,JC Archer,Rajasthan Royals,50 runs,,,,18,Unknown,205,0,120,120,155.0,1.0,120.0,120.0,53,43.0,55.0,19.0,0.0,3.0,10.25,7.75,8.833333333333334,7.166666666666667,1,0,1,1.3765672287073065,1.0,1.0,0.5066666666666667,0.4406779661016949,225,59
1473457,2025-04-06,Indian Premier League,Sunrisers Hyderabad,Gujarat Titans,"Rajiv Gandhi International Stadium, Uppal, Hyderabad",Hyderabad,6,4,2025,2025,male,Gujarat Titans,field,Mohammed Siraj,Gujarat Titans,7 wickets,,,,19,Unknown,152,0,120,120,153.0,0.0,100.0,100.0,45,48.0,44.0,12.0,2.0,2.0,7.6,9.18,7.5,8.0,0,0,1,1.529935275080906,1.0,1.0,0.4919786096256685,0.6326530612244898,187,49
1473458,2025-04-07,Indian Premier League,Royal Challengers Bengaluru,Mumbai Indians,"Wankhede Stadium, Mumbai",Mumbai,7,4,2025,2025,male,Mumbai Indians,field,RM Patidar,Royal Challengers Bengaluru,12 runs,,,,20,Unknown,221,0,120,120,209.0,0.0,120.0,120.0,73,54.0,52.0,39.0,1.0,2.0,11.05,10.45,12.166666666666666,9.0,1,0,1,1.4457822259011213,0.9,1.0,0.5263157894736842,0.5451127819548872,19,266
1473456,2025-04-08,Indian Premier League,Lucknow Super Giants,Kolkata Knight Riders,"Eden Gardens, Kolkata",Kolkata,8,4,2025,2025,male,Kolkata Knight Riders,field,N Pooran,Lucknow Super Giants,4 runs,,,,21,Unknown,238,0,120,120,234.0,0.0,120.0,120.0,59,90.0,60.0,49.0,0.0,1.0,11.9,11.7,9.833333333333334,15.0,1,0,1,1.5688612697346322,1.0,1.0,0.5510204081632653,0.5234375,49,256
1473459,2025-04-08,Indian Premier League,Punjab Kings,Chennai Super Kings,"Maharaja Yadavindra Singh International Cricket Stadium, Mullanpur",Mohali,8,4,2025,2025,male,Punjab Kings,bat,Priyansh Arya,Punjab Kings,18 runs,,,,22,Unknown,219,0,120,120,201.0,0.0,120.0,120.0,75,59.0,49.0,49.0,3.0,0.0,10.95,10.05,12.5,9.833333333333334,1,1,0,1.3765672287073065,1.0,1.0,0.45,0.5802469135802469,60,243
1473460,2025-04-09,Indian Premier League,Gujarat Titans,Rajasthan Royals,"Narendra Modi Stadium, Ahmedabad",Ahmedabad,9,4,2025,2025,male,Rajasthan Royals,field,B Sai Sudharsan,Gujarat Titans,58 runs,,,,23,Unknown,217,0,120,120,159.0,0.0,116.0,116.0,56,57.0,54.0,14.0,1.0,2.0,10.85,8.224137931034484,9.333333333333334,9.5,1,0,1,1.4904598825831703,1.0,1.0,0.64,0.504424778761062,50,226
1473461,2025-04-10,Indian Premier League,Royal Challengers Bengaluru,Delhi Capitals,"M Chinnaswamy Stadium, Bengaluru",Bengaluru,10,4,2025,2025,male,Delhi Capitals,field,KL Rahul,Delhi Capitals,6 wickets,,,,24,Unknown,163,0,120,120,169.0,0.0,107.0,107.0,64,39.0,42.0,35.0,2.0,3.0,8.15,9.476635514018692,10.666666666666666,6.5,0,0,1,1.5590987206415887,1.0,1.0,0.5,0.5263157894736842,20,95
1473462,2025-04-11,Indian Premier League,Chennai Super Kings,Kolkata Knight Riders,"MA Chidambaram Stadium, Chepauk, Chennai",Chennai,11,4,2025,2025,male,Kolkata Knight Riders,field,SP Narine,Kolkata Knight Riders,8 wickets,,,,25,Unknown,103,0,120,120,107.0,0.0,61.0,61.0,31,71.0,26.0,0.0,2.0,1.0,5.15,10.524590163934427,5.166666666666667,11.833333333333334,0,0,1,1.3263333333333334,1.0,1.0,0.5778688524590164,0.5252918287937743,244,257
1473463,2025-04-12,Indian Premier League,Gujarat Titans,Lucknow Super Giants,"Bharat Ratna Shri Atal Bihari Vajpayee Ekana Cricket Stadium, Lucknow",Lucknow,12,4,2025,2025,male,Lucknow Super Giants,field,AK Markram,Lucknow Super Giants,6 wickets,,,,26,Unknown,180,0,120,120,186.0,0.0,117.0,117.0,54,61.0,41.0,29.0,0.0,0.0,9.0,9.538461538461538,9.0,10.166666666666666,0,0,1,1.3960708647605684,1.0,1.0,0.6274509803921569,0.56,51,50
1473464,2025-04-12,Indian Premier League,Punjab Kings,Sunrisers Hyderabad,"Rajiv Gandhi International Stadium, Uppal, Hyderabad",Hyderabad,12,4,2025,2025,male,Punjab Kings,bat,Abhishek Sharma,Sunrisers Hyderabad,8 wickets,,,,27,Unknown,245,0,120,120,247.0,0.0,111.0,111.0,89,83.0,58.0,29.0,1.0,0.0,12.25,13.35135135135135,14.833333333333334,13.833333333333334,0,1,0,1.529935275080906,1.0,1.0,0.4426229508196721,0.4946808510638298,61,188
1473465,2025-04-13,Indian Premier League,Rajasthan Royals,Royal Challengers Bengaluru,"Sawai Mansingh Stadium, Jaipur",Jaipur,13,4,2025,2025,male,Royal Challengers Bengaluru,field,PD Salt,Royal Challengers Bengaluru,9 wickets,,,,28,Unknown,173,0,120,120,175.0,0.0,105.0,105.0,45,65.0,47.0,16.0,0.0,0.0,8.65,10.0,7.5,10.833333333333334,0,0,1,1.5071711177052423,1.0,1.0,0.5022026431718062,0.5238095238095238,227,21
1473466,2025-04-13,Indian Premier League,Mumbai Indians,Delhi Capitals,"Arun Jaitley Stadium, Delhi",Delhi,13,4,2025,2025,male,Delhi Capitals,field,KV Sharma,Mumbai Indians,12 runs,,,,29,Unknown,205,0,120,120,193.0,1.0,114.0,114.0,59,72.0,51.0,29.0,1.0,1.0,10.25,10.157894736842104,9.833333333333334,12.0,1,0,1,1.550663645192619,1.0,1.0,0.5468164794007491,0.5208333333333334,267,96
1473467,2025-04-14,Indian Premier League,Lucknow Super Giants,Chennai Super Kings,"Bharat Ratna Shri Atal Bihari Vajpayee Ekana Cricket Stadium, Lucknow",Lucknow,14,4,2025,2025,male,Chennai Super Kings,field,MS Dhoni,Chennai Super Kings,5 wickets,,,,30,Unknown,166,0,120,120,168.0,0.0,117.0,117.0,42,59.0,48.0,45.0,2.0,1.0,8.3,8.615384615384615,7.0,9.833333333333334,0,0,1,1.3960708647605684,1.0,1.0,0.5490196078431373,0.5795918367346938,51,245
1473468,2025-04-15,Indian Premier League,Punjab Kings,Kolkata Knight Riders,"Maharaja Yadavindra Singh International Cricket Stadium, Mullanpur",Mohali,15,4,2025,2025,male,Punjab Kings,bat,YS Chahal,Punjab Kings,16 runs,,,,31,Unknown,111,0,93,93,95.0,0.0,91.0,91.0,54,55.0,0.0,0.0,4.0,2.0,7.161290322580645,6.263736263736264,9.0,9.166666666666666,1,1,0,1.3765672287073065,1.0,1.0,0.45161290322580644,0.5232558139534884,62,258
1473469,2025-04-16,Indian Premier League,Delhi Capitals,Rajasthan Royals,"Arun Jaitley Stadium, Delhi",Delhi,16,4,2025,2025,male,Rajasthan Royals,field,MA Starc,Unknown,,tie,,Delhi Capitals,32,Unknown,188,0,120,120,188.0,0.0,120.0,120.0,46,63.0,58.0,43.0,2.0,1.0,9.4,9.4,7.666666666666667,10.5,0,0,1,1.550663645192619,1.0,1.0,0.5154639175257731,0.5043859649122807,97,228
1473470,2025-04-17,Indian Premier League,Sunrisers Hyderabad,Mumbai Indians,"Wankhede Stadium, Mumbai",Mumbai,17,4,2025,2025,male,Mumbai Indians,field,WG Jacks,Mumbai Indians,4 wickets,,,,33,Unknown,162,0,120,120,166.0,0.0,109.0,109.0,46,55.0,50.0,20.0,0.0,1.0,8.1,9.137614678899082,7.666666666666667,9.166666666666666,0,0,1,1.4457822259011213,1.0,1.0,0.49206349206349204,0.5485074626865671,189,268
1473471,2025-04-18,Indian Premier League,Royal Challengers Bengaluru,Punjab Kings,"M Chinnaswamy Stadium, Bengaluru",Bengaluru,18,4,2025,2025,male,Punjab Kings,field,TH David,Punjab Kings,5 wickets,,,,34,Unknown,95,0,84,84,98.0,0.0,73.0,73.0,33,46.0,0.0,0.0,4.0,2.0,6.785714285714286,8.054794520547945,5.5,7.666666666666667,0,0,1,1.5590987206415887,1.0,1.0,0.5,0.4603174603174603,22,63
1473472,2025-04-19,Indian Premier League,Delhi Capitals,Gujarat Titans,"Narendra Modi Stadium, Ahmedabad",Ahmedabad,19,4,2025,2025,male,Gujarat Titans,field,JC Buttler,Gujarat Titans,7 wickets,,,,35,Unknown,203,0,120,120,204.0,0.0,116.0,116.0,73,67.0,40.0,39.0,2.0,1.0,10.15,10.551724137931036,12.166666666666666,11.166666666666666,0,0,1,1.4904598825831703,1.0,1.0,0.5102040816326531,0.6346153846153846,98,52
1473473,2025-04-19,Indian Premier League,Lucknow Super Giants,Rajasthan Royals,"Sawai Mansingh Stadium, Jaipur",Jaipur,19,4,2025,2025,male,Lucknow Super Giants,bat,Avesh Khan,Lucknow Super Giants,2 runs,,,,36,Unknown,180,0,120,120,178.0,0.0,120.0,120.0,46,61.0,49.0,30.0,2.0,0.0,9.0,8.9,7.666666666666667,10.166666666666666,1,1,0,1.5071711177052423,1.0,1.0,0.5576923076923077,0.5021834061135371,52,229
1473474,2025-04-20,Indian Premier League,Punjab Kings,Royal Challengers Bengaluru,"Maharaja Yadavindra Singh International Cricket Stadium, Mullanpur",Mohali,20,4,2025,2025,male,Royal Challengers Bengaluru,field,V Kohli,Royal Challengers Bengaluru,7 wickets,,,,37,Unknown,157,0,120,120,159.0,0.0,113.0,113.0,62,54.0,28.0,27.0,1.0,1.0,7.85,8.442477876106196,10.333333333333334,9.0,0,0,1,1.3765672287073065,1.0,1.0,0.453125,0.5217391304347826,64,23
1473475,2025-04-20,Indian Premier League,Chennai Super Kings,Mumbai Indians,"Wankhede Stadium, Mumbai",Mumbai,20,4,2025,2025,male,Mumbai Indians,field,RG Sharma,Mumbai Indians,9 wickets,,,,38,Unknown,176,0,120,120,177.0,0.0,94.0,94.0,48,62.0,34.0,0.0,1.0,0.0,8.8,11.297872340425533,8.0,10.333333333333334,0,0,1,1.4457822259011213,1.0,1.0,0.5772357723577236,0.550185873605948,246,269
1473476,2025-04-21,Indian Premier League,Gujarat Titans,Kolkata Knight Riders,"Eden Gardens, Kolkata",Kolkata,21,4,2025,2025,male,Kolkata Knight Riders,field,Shubman Gill,Gujarat Titans,39 runs,,,,39,Unknown,198,0,120,120,159.0,0.0,120.0,120.0,45,45.0,47.0,40.0,0.0,2.0,9.9,7.95,7.5,7.5,1,0,1,1.5688612697346322,1.0,1.0,0.6415094339622641,0.5212355212355212,53,259
1473477,2025-04-22,Indian Premier League,Lucknow Super Giants,Delhi Capitals,"Bharat Ratna Shri Atal Bihari Vajpayee Ekana Cricket Stadium, Lucknow",Lucknow,22,4,2025,2025,male,Delhi Capitals,field,Mukesh Kumar,Delhi Capitals,8 wickets,,,,40,Unknown,159,0,120,120,161.0,0.0,107.0,107.0,51,54.0,35.0,20.0,0.0,1.0,7.95,9.02803738317757,8.5,9.0,0,0,1,1.3960708647605684,1.0,1.0,0.5471698113207547,0.5151515151515151,53,99
1473478,2025-04-23,Indian Premier League,Sunrisers Hyderabad,Mumbai Indians,"Rajiv Gandhi International Stadium, Uppal, Hyderabad",Hyderabad,23,4,2025,2025,male,Mumbai Indians,field,TA Boult,Mumbai Indians,7 wickets,,,,41,Unknown,143,0,120,120,146.0,0.0,94.0,94.0,24,56.0,44.0,0.0,4.0,1.0,7.15,9.319148936170214,4.0,9.333333333333334,0,0,1,1.529935275080906,1.0,1.0,0.48947368421052634,0.5518518518518518,190,270
1473479,2025-04-24,Indian Premier League,Royal Challengers Bengaluru,Rajasthan Royals,"M Chinnaswamy Stadium, Bengaluru",Bengaluru,24,4,2025,2025,male,Rajasthan Royals,field,JR Hazlewood,Royal Challengers Bengaluru,11 runs,,,,42,Unknown,205,0,120,120,194.0,0.0,120.0,120.0,59,72.0,45.0,34.0,0.0,2.0,10.25,9.7,9.833333333333334,12.0,1,0,1,1.5590987206415887,1.0,1.0,0.5416666666666666,0.5,24,230
1473480,2025-04-25,Indian Premier League,Chennai Super Kings,Sunrisers Hyderabad,"MA Chidambaram Stadium, Chepauk, Chennai",Chennai,25,4,2025,2025,male,Sunrisers Hyderabad,field,HV Patel,Sunrisers Hyderabad,5 wickets,,,,43,Unknown,154,1,119,119,155.0,0.0,112.0,112.0,50,37.0,24.0,28.0,3.0,2.0,7.764705882352942,8.303571428571429,8.333333333333334,6.166666666666667,0,0,1,1.3263333333333334,1.0,1.0,0.5748987854251012,0.49214659685863876,247,191
1473481,2025-04-26,Indian Premier League,Punjab Kings,Kolkata Knight Riders,"Eden Gardens, Kolkata",Kolkata,26,4,2025,2025,male,Punjab Kings,bat,Unknown,Unknown,,no result,,,44,Unknown,201,0,120,120,7.0,0.0,6.0,6.0,56,7.0,34.0,0.0,0.0,0.0,10.05,7.0,9.333333333333334,1.1666666666666667,0,1,0,1.5688612697346322,1.0,1.0,0.4461538461538462,0.5230769230769231,65,260
1473482,2025-04-27,Indian Premier League,Mumbai Indians,Lucknow Super Giants,"Wankhede Stadium, Mumbai",Mumbai,27,4,2025,2025,male,Lucknow Super Giants,field,WG Jacks,Mumbai Indians,54 runs,,,,45,Unknown,215,0,120,120,161.0,0.0,120.0,120.0,66,60.0,53.0,19.0,1.0,1.0,10.75,8.05,11.0,10.0,1,0,1,1.4457822259011213,1.0,1.0,0.5535055350553506,0.5370370370370371,271,54
1473483,2025-04-27,Indian Premier League,Delhi Capitals,Royal Challengers Bengaluru,"Arun Jaitley Stadium, Delhi",Delhi,27,4,2025,2025,male,Royal Challengers Bengaluru,field,KH Pandya,Royal Challengers Bengaluru,6 wickets,,,,46,Unknown,162,0,120,120,165.0,0.0,111.0,111.0,52,35.0,45.0,40.0,2.0,3.0,8.1,8.91891891891892,8.666666666666666,5.833333333333333,0,0,1,1.550663645192619,1.0,1.0,0.51,0.56,100,25
1473484,2025-04-28,Indian Premier League,Gujarat Titans,Rajasthan Royals,"Sawai Mansingh Stadium, Jaipur",Jaipur,28,4,2025,2025,male,Rajasthan Royals,field,V Suryavanshi,Rajasthan Royals,8 wickets,,,,47,Unknown,209,0,120,120,212.0,0.0,95.0,95.0,53,87.0,51.0,0.0,0.0,0.0,10.45,13.389473684210525,8.833333333333334,14.5,0,0,1,1.5071711177052423,1.0,1.0,0.6296296296296297,0.5021645021645021,54,231
1473485,2025-04-29,Indian Premier League,Kolkata Knight Riders,Delhi Capitals,"Arun Jaitley Stadium, Delhi",Delhi,29,4,2025,2025,male,Delhi Capitals,field,SP Narine,Kolkata Knight Riders,14 runs,,,,48,Unknown,204,0,120,120,190.0,0.0,120.0,120.0,79,58.0,36.0,42.0,1.0,2.0,10.2,9.5,13.166666666666666,9.666666666666666,1,0,1,1.550663645192619,1.0,1.0,0.524904214559387,0.504950495049505,261,101
1473486,2025-04-30,Indian Premier League,Chennai Super Kings,Punjab Kings,"MA Chidambaram Stadium, Chepauk, Chennai",Chennai,30,4,2025,2025,male,Punjab Kings,field,SS Iyer,Punjab Kings,4 wickets,,,,49,Unknown,190,0,116,116,194.0,0.0,118.0,118.0,48,51.0,30.0,44.0,3.0,1.0,9.827586206896552,9.864406779661016,8.0,8.5,0,0,1,1.3263333333333334,1.0,1.0,0.5725806451612904,0.45454545454545453,248,66
1473487,2025-05-01,Indian Premier League,Mumbai Indians,Rajasthan Royals,"Sawai Mansingh Stadium, Jaipur",Jaipur,1,5,2025,2025,male,Rajasthan Royals,field,RD Rickelton,Mumbai Indians,100 runs,,,,50,Unknown,217,0,120,120,117.0,0.0,97.0,97.0,58,62.0,56.0,0.0,0.0,5.0,10.85,7.237113402061855,9.666666666666666,10.333333333333334,1,0,1,1.5071711177052423,1.0,1.0,0.5551470588235294,0.5,272,232
1473488,2025-05-02,Indian Premier League,Gujarat Titans,Sunrisers Hyderabad,"Narendra Modi Stadium, Ahmedabad",Ahmedabad,2,5,2025,2025,male,Sunrisers Hyderabad,field,M Prasidh Krishna,Gujarat Titans,38 runs,,,,51,Unknown,224,0,120,120,186.0,0.0,120.0,120.0,82,57.0,52.0,41.0,0.0,1.0,11.2,9.3,13.666666666666666,9.5,1,0,1,1.4904598825831703,1.0,1.0,0.6363636363636364,0.4895833333333333,55,192
1473489,2025-05-03,Indian Premier League,Royal Challengers Bengaluru,Chennai Super Kings,"M Chinnaswamy Stadium, Bengaluru",Bengaluru,3,5,2025,2025,male,Chennai Super Kings,field,R Shepherd,Royal Challengers Bengaluru,2 runs,,,,52,Unknown,213,0,120,120,211.0,0.0,120.0,120.0,71,58.0,62.0,40.0,0.0,2.0,10.65,10.55,11.833333333333334,9.666666666666666,1,0,1,1.5590987206415887,1.0,1.0,0.5769230769230769,0.570281124497992,26,249
1473490,2025-05-04,Indian Premier League,Kolkata Knight Riders,Rajasthan Royals,"Eden Gardens, Kolkata",Kolkata,4,5,2025,2025,male,Kolkata Knight Riders,bat,AD Russell,Kolkata Knight Riders,1 runs,,,,53,Unknown,206,0,120,120,205.0,0.0,120.0,120.0,56,59.0,70.0,41.0,1.0,2.0,10.3,10.25,9.333333333333334,9.833333333333334,1,1,0,1.5688612697346322,1.0,1.0,0.5267175572519084,0.4978540772532189,262,233
1473491,2025-05-04,Indian Premier League,Punjab Kings,Lucknow Super Giants,"Himachal Pradesh Cricket Association Stadium, Dharamsala",Dharamsala,4,5,2025,2025,male,Lucknow Super Giants,field,P Simran Singh,Punjab Kings,37 runs,,,,54,Unknown,236,0,120,120,199.0,0.0,120.0,120.0,66,38.0,65.0,50.0,2.0,3.0,11.8,9.95,11.0,6.333333333333333,1,0,1,1.5963020030816641,1.0,1.0,0.4626865671641791,0.5272727272727272,67,55
1473492,2025-05-05,Indian Premier League,Delhi Capitals,Sunrisers Hyderabad,"Rajiv Gandhi International Stadium, Uppal, Hyderabad",Hyderabad,5,5,2025,2025,male,Sunrisers Hyderabad,field,Unknown,Unknown,,no result,,,55,Unknown,133,1,120,120,0.0,0.0,0.0,0.0,26,0.0,40.0,0.0,4.0,0.0,6.65,,4.333333333333333,0.0,0,0,1,1.529935275080906,1.0,1.0,0.5,0.49222797927461137,102,193
1473493,2025-05-06,Indian Premier League,Mumbai Indians,Gujarat Titans,"Wankhede Stadium, Mumbai",Mumbai,6,5,2025,2025,male,Gujarat Titans,field,Shubman Gill,Gujarat Titans,3 wickets,,D/L,,56,Unknown,155,0,120,120,147.0,0.0,114.0,114.0,56,29.0,32.0,29.0,2.0,1.0,7.75,7.7368421052631575,9.333333333333334,4.833333333333333,0,0,1,1.4457822259011213,1.0,1.0,0.5531135531135531,0.6428571428571429,273,56
1473494,2025-05-07,Indian Premier League,Kolkata Knight Riders,Chennai Super Kings,"Eden Gardens, Kolkata",Kolkata,7,5,2025,2025,male,Kolkata Knight Riders,bat,Noor Ahmad,Chennai Super Kings,2 wickets,,,,57,Unknown,179,0,120,120,183.0,0.0,118.0,118.0,67,62.0,41.0,36.0,1.0,5.0,8.95,9.305084745762711,11.166666666666666,10.333333333333334,0,1,0,1.5688612697346322,1.0,1.0,0.5247148288973384,0.572,263,250
1473495,2025-05-08,Indian Premier League,Punjab Kings,Delhi Capitals,"Himachal Pradesh Cricket Association Stadium, Dharamsala",Dharamsala,8,5,2025,2025,male,Punjab Kings,bat,Unknown,Unknown,,no result,,,58,Unknown,122,0,61,61,0.0,0.0,0.0,0.0,69,0.0,0.0,0.0,0.0,0.0,12.0,,11.5,0.0,0,1,0,1.5963020030816641,1.0,1.0,0.45588235294117646,0.5048543689320388,68,103
1473498,2025-05-18,Indian Premier League,Delhi Capitals,Gujarat Titans,"Arun Jaitley Stadium, Delhi",Delhi,18,5,2025,2025,male,Gujarat Titans,field,B Sai Sudharsan,Gujarat Titans,10 wickets,,,,60,Unknown,199,0,120,120,205.0,0.0,114.0,114.0,45,59.0,48.0,40.0,1.0,0.0,9.95,10.789473684210526,7.5,9.833333333333334,0,0,1,1.550663645192619,1.0,1.0,0.5,0.6491228070175439,104,57
1473497,2025-05-18,Indian Premier League,Punjab Kings,Rajasthan Royals,"Sawai Mansingh Stadium, Jaipur",Jaipur,18,5,2025,2025,male,Punjab Kings,bat,Harpreet Brar,Punjab Kings,10 runs,,,,59,Unknown,219,0,120,120,209.0,0.0,120.0,120.0,58,89.0,60.0,44.0,3.0,1.0,10.95,10.45,9.666666666666666,14.833333333333334,1,1,0,1.5071711177052423,1.0,1.0,0.463768115942029,0.49572649572649574,69,234
1473499,2025-05-19,Indian Premier League,Lucknow Super Giants,Sunrisers Hyderabad,"Bharat Ratna Shri Atal Bihari Vajpayee Ekana Cricket Stadium, Lucknow",Lucknow,19,5,2025,2025,male,Sunrisers Hyderabad,field,Abhishek Sharma,Sunrisers Hyderabad,6 wickets,,,,61,Unknown,205,0,120,120,206.0,0.0,110.0,110.0,69,72.0,45.0,27.0,0.0,1.0,10.25,11.236363636363636,11.5,12.0,0,0,1,1.3960708647605684,1.0,1.0,0.5178571428571429,0.4948453608247423,56,194
1473500,2025-05-20,Indian Premier League,Chennai Super Kings,Rajasthan Royals,"Arun Jaitley Stadium, Delhi",Delhi,20,5,2025,2025,male,Rajasthan Royals,field,Akash Madhwal,Rajasthan Royals,6 wickets,,,,62,Unknown,187,0,120,120,188.0,0.0,103.0,103.0,68,56.0,28.0,24.0,3.0,1.0,9.35,10.95145631067961,11.333333333333334,9.333333333333334,0,0,1,1.550663645192619,1.0,1.0,0.5697211155378487,0.4978723404255319,251,235
1473501,2025-05-21,Indian Premier League,Mumbai Indians,Delhi Capitals,"Wankhede Stadium, Mumbai",Mumbai,21,5,2025,2025,male,Delhi Capitals,field,SA Yadav,Mumbai Indians,59 runs,,,,63,Unknown,180,0,120,120,121.0,0.0,110.0,110.0,54,49.0,62.0,11.0,2.0,3.0,9.0,6.6000000000000005,9.0,8.166666666666666,1,0,1,1.4457822259011213,1.0,1.0,0.5547445255474452,0.49523809523809526,274,105
1473502,2025-05-22,Indian Premier League,Lucknow Super Giants,Gujarat Titans,"Narendra Modi Stadium, Ahmedabad",Ahmedabad,22,5,2025,2025,male,Gujarat Titans,field,MR Marsh,Lucknow Super Giants,33 runs,,,,64,Unknown,235,0,120,120,202.0,0.0,120.0,120.0,53,67.0,55.0,20.0,0.0,1.0,11.75,10.1,8.833333333333334,11.166666666666666,1,0,1,1.4904598825831703,1.0,1.0,0.5263157894736842,0.6379310344827587,57,58
1473503,2025-05-23,Indian Premier League,Sunrisers Hyderabad,Royal Challengers Bengaluru,"Bharat Ratna Shri Atal Bihari Vajpayee Ekana Cricket Stadium, Lucknow",Lucknow,23,5,2025,2025,male,Royal Challengers Bengaluru,field,Ishan Kishan,Sunrisers Hyderabad,42 runs,,,,65,Unknown,231,0,120,120,189.0,0.0,119.0,119.0,71,72.0,54.0,15.0,2.0,0.0,11.55,9.529411764705882,11.833333333333334,12.0,1,0,1,1.3960708647605684,1.0,1.0,0.49743589743589745,0.5555555555555556,195,27
1485779,2025-05-24,Indian Premier League,Punjab Kings,Delhi Capitals,"Sawai Mansingh Stadium, Jaipur",Jaipur,24,5,2025,2025,male,Delhi Capitals,field,Sameer Rizvi,Delhi Capitals,6 wickets,,,,66,Unknown,206,0,120,120,208.0,0.0,117.0,117.0,60,61.0,60.0,49.0,2.0,1.0,10.3,10.666666666666666,10.0,10.166666666666666,0,0,1,1.5071711177052423,1.0,1.0,0.45714285714285713,0.5,70,106
1473504,2025-05-25,Indian Premier League,Chennai Super Kings,Gujarat Titans,"Narendra Modi Stadium, Ahmedabad",Ahmedabad,25,5,2025,2025,male,Chennai Super Kings,bat,D Brevis,Chennai Super Kings,83 runs,,,,67,Unknown,230,0,120,120,147.0,0.0,111.0,111.0,68,35.0,57.0,20.0,1.0,3.0,11.5,7.945945945945946,11.333333333333334,5.833333333333333,1,1,0,1.4904598825831703,1.0,1.0,0.5714285714285714,0.6271186440677966,252,59
1473505,2025-05-25,Indian Premier League,Sunrisers Hyderabad,Kolkata Knight Riders,"Arun Jaitley Stadium, Delhi",Delhi,25,5,2025,2025,male,Sunrisers Hyderabad,bat,H Klaasen,Sunrisers Hyderabad,110 runs,,,,68,Unknown,278,0,120,120,168.0,0.0,112.0,112.0,79,59.0,59.0,17.0,0.0,2.0,13.9,9.0,13.166666666666666,9.833333333333334,1,1,0,1.550663645192619,1.0,1.0,0.5,0.5227272727272727,196,264
1473506,2025-05-26,Indian Premier League,Mumbai Indians,Punjab Kings,"Sawai Mansingh Stadium, Jaipur",Jaipur,26,5,2025,2025,male,Punjab Kings,field,JP Inglis,Punjab Kings,7 wickets,,,,69,Unknown,184,0,120,120,187.0,0.0,111.0,111.0,52,47.0,40.0,29.0,1.0,1.0,9.2,10.108108108108109,8.666666666666666,7.833333333333333,0,0,1,1.5071711177052423,1.0,1.0,0.5527272727272727,0.4647887323943662,275,71
1473507,2025-05-27,Indian Premier League,Lucknow Super Giants,Royal Challengers Bengaluru,"Bharat Ratna Shri Atal Bihari Vajpayee Ekana Cricket Stadium, Lucknow",Lucknow,27,5,2025,2025,male,Royal Challengers Bengaluru,field,JM Sharma,Royal Challengers Bengaluru,6 wickets,,,,70,Unknown,227,0,120,120,230.0,0.0,112.0,112.0,55,66.0,43.0,41.0,1.0,1.0,11.35,12.321428571428571,9.166666666666666,11.0,0,0,1,1.3960708647605684,1.0,1.0,0.5172413793103449,0.5714285714285714,58,28
1473508,2025-05-29,Indian Premier League,Punjab Kings,Royal Challengers Bengaluru,"Maharaja Yadavindra Singh International Cricket Stadium, Mullanpur",New Chandigarh,29,5,2025,2025,male,Royal Challengers Bengaluru,field,Suyash Sharma,Royal Challengers Bengaluru,8 wickets,,,,Unknown,Qualifier 1,101,0,85,85,106.0,0.0,60.0,60.0,48,61.0,0.0,0.0,4.0,1.0,7.129411764705883,10.6,8.0,10.166666666666666,0,0,1,1.3765672287073065,1.0,1.0,0.4583333333333333,0.5862068965517241,72,29
1473509,2025-05-30,Indian Premier League,Mumbai Indians,Gujarat Titans,"Maharaja Yadavindra Singh International Cricket Stadium, New Chandigarh",New Chandigarh,30,5,2025,2025,male,Mumbai Indians,bat,RG Sharma,Mumbai Indians,20 runs,,,,Unknown,Eliminator,228,0,120,120,208.0,0.0,120.0,120.0,79,66.0,53.0,33.0,0.0,1.0,11.4,10.4,13.166666666666666,11.0,1,1,0,1.61096256684492,1.0,1.0,0.5543478260869565,0.6166666666666667,276,60
1473510,2025-06-01,Indian Premier League,Mumbai Indians,Punjab Kings,"Narendra Modi Stadium, Ahmedabad",Ahmedabad,1,6,2025,2025,male,Punjab Kings,field,SS Iyer,Punjab Kings,5 wickets,,,,Unknown,Qualifier 2,203,0,120,120,207.0,0.0,114.0,114.0,65,64.0,47.0,44.0,1.0,2.0,10.15,10.894736842105264,10.833333333333334,10.666666666666666,0,0,1,1.4904598825831703,1.0,1.0,0.5523465703971119,0.4657534246575342,277,73
1473511,2025-06-03,Indian Premier League,Royal Challengers Bengaluru,Punjab Kings,"Narendra Modi Stadium, Ahmedabad",Ahmedabad,3,6,2025,2025,male,Punjab Kings,field,KH Pandya,Royal Challengers Bengaluru,6 runs,,,,Unknown,Final,190,0,120,120,184.0,0.0,120.0,120.0,55,52.0,45.0,48.0,1.0,1.0,9.5,9.2,9.166666666666666,8.666666666666666,1,0,1,1.4904598825831703,1.0,1.0,0.6,0.4594594594594595,30,74
1527674,2026-03-28,Indian Premier League,Sunrisers Hyderabad,Royal Challengers Bengaluru,"M Chinnaswamy Stadium, Bengaluru",Bengaluru,28,3,2026,2026,male,Royal Challengers Bengaluru,field,JA Duffy,Royal Challengers Bengaluru,6 wickets,,,,1,Unknown,201,0,120,120,203.0,0.0,94.0,94.0,49,76.0,46.0,0.0,3.0,1.0,10.05,12.957446808510639,8.166666666666666,12.666666666666666,0,0,1,1.5590987206415887,1.0,1.0,0.49746192893401014,0.6129032258064516,197,31
1527675,2026-03-29,Indian Premier League,Kolkata Knight Riders,Mumbai Indians,"Wankhede Stadium, Mumbai",Mumbai,29,3,2026,2026,male,Mumbai Indians,field,SN Thakur,Mumbai Indians,6 wickets,,,,2,Unknown,220,0,120,120,224.0,0.0,115.0,115.0,78,80.0,43.0,31.0,1.0,0.0,11.0,11.68695652173913,13.0,13.333333333333334,0,0,1,1.4457822259011213,1.0,1.0,0.5207547169811321,0.5539568345323741,265,278
1527676,2026-03-30,Indian Premier League,Chennai Super Kings,Rajasthan Royals,"Barsapara Cricket Stadium, Guwahati",Guwahati,30,3,2026,2026,male,Rajasthan Royals,field,N Burger,Rajasthan Royals,8 wickets,,,,3,Unknown,127,0,118,118,128.0,0.0,73.0,73.0,41,74.0,33.0,0.0,4.0,0.0,6.4576271186440675,10.52054794520548,6.833333333333333,12.333333333333334,0,0,1,1.451917732073374,1.0,1.0,0.5691699604743083,0.5,253,236
1527677,2026-03-31,Indian Premier League,Gujarat Titans,Punjab Kings,"Maharaja Yadavindra Singh International Cricket Stadium, New Chandigarh",New Chandigarh,31,3,2026,2026,male,Punjab Kings,field,C Connolly,Punjab Kings,3 wickets,,,,4,Unknown,162,0,120,120,165.0,0.0,115.0,115.0,54,55.0,31.0,32.0,1.0,1.0,8.1,8.608695652173912,9.0,9.166666666666666,0,0,1,1.61096256684492,1.0,1.0,0.6065573770491803,0.4666666666666667,61,75
1527678,2026-04-01,Indian Premier League,Lucknow Super Giants,Delhi Capitals,"Bharat Ratna Shri Atal Bihari Vajpayee Ekana Cricket Stadium, Lucknow",Lucknow,1,4,2026,2026,male,Delhi Capitals,field,Sameer Rizvi,Delhi Capitals,6 wickets,,,,5,Unknown,141,0,112,112,145.0,1.0,103.0,103.0,48,33.0,14.0,19.0,2.0,4.0,7.553571428571428,8.446601941747572,8.0,5.5,0,0,1,1.3960708647605684,1.0,1.0,0.5084745762711864,0.5046728971962616,59,107
1527679,2026-04-02,Indian Premier League,Sunrisers Hyderabad,Kolkata Knight Riders,"Eden Gardens, Kolkata",Kolkata,2,4,2026,2026,male,Kolkata Knight Riders,field,Nithish Kumar Reddy,Sunrisers Hyderabad,65 runs,,,,6,Unknown,226,0,120,120,161.0,0.0,96.0,96.0,84,74.0,51.0,0.0,1.0,3.0,11.3,10.0625,14.0,12.333333333333334,1,0,1,1.5688612697346322,1.0,1.0,0.5,0.518796992481203,198,266
1527680,2026-04-03,Indian Premier League,Chennai Super Kings,Punjab Kings,"MA Chidambaram Stadium, Chepauk, Chennai",Chennai,3,4,2026,2026,male,Punjab Kings,field,Priyansh Arya,Punjab Kings,5 wickets,,,,7,Unknown,209,0,120,120,210.0,0.0,112.0,112.0,57,68.0,53.0,33.0,1.0,1.0,10.45,11.25,9.5,11.333333333333334,0,0,1,1.3263333333333334,1.0,1.0,0.5669291338582677,0.47368421052631576,254,76
1527681,2026-04-04,Indian Premier League,Mumbai Indians,Delhi Capitals,"Arun Jaitley Stadium, Delhi",Delhi,4,4,2026,2026,male,Delhi Capitals,field,Sameer Rizvi,Delhi Capitals,6 wickets,,,,8,Unknown,162,0,120,120,164.0,0.0,109.0,109.0,41,42.0,38.0,15.0,2.0,2.0,8.1,9.027522935779816,6.833333333333333,7.0,0,0,1,1.550663645192619,1.0,1.0,0.5519713261648745,0.5092592592592593,279,108
1527682,2026-04-04,Indian Premier League,Rajasthan Royals,Gujarat Titans,"Narendra Modi Stadium, Ahmedabad",Ahmedabad,4,4,2026,2026,male,Rajasthan Royals,bat,Ravi Bishnoi,Rajasthan Royals,6 runs,,,,9,Unknown,210,0,120,120,204.0,0.0,120.0,120.0,69,56.0,44.0,33.0,0.0,0.0,10.5,10.2,11.5,9.333333333333334,1,1,0,1.4904598825831703,1.0,1.0,0.5021097046413502,0.5967741935483871,237,62
1527683,2026-04-05,Indian Premier League,Sunrisers Hyderabad,Lucknow Super Giants,"Rajiv Gandhi International Stadium, Uppal, Hyderabad",Hyderabad,5,4,2026,2026,male,Lucknow Super Giants,field,Mohammed Shami,Lucknow Super Giants,5 wickets,,,,10,Unknown,156,0,120,120,160.0,0.0,119.0,119.0,22,53.0,33.0,32.0,3.0,1.0,7.8,8.067226890756302,3.6666666666666665,8.833333333333334,0,0,1,1.529935275080906,1.0,1.0,0.49748743718592964,0.5166666666666667,199,60
1527684,2026-04-05,Indian Premier League,Royal Challengers Bengaluru,Chennai Super Kings,"M Chinnaswamy Stadium, Bengaluru",Bengaluru,5,4,2026,2026,male,Chennai Super Kings,field,TH David,Royal Challengers Bengaluru,43 runs,,,,11,Unknown,250,0,120,120,207.0,0.0,118.0,118.0,51,77.0,78.0,29.0,1.0,3.0,12.5,10.525423728813559,8.5,12.833333333333334,1,0,1,1.5590987206415887,1.0,1.0,0.625,0.5647058823529412,32,255
1527685,2026-04-06,Indian Premier League,Kolkata Knight Riders,Punjab Kings,"Eden Gardens, Kolkata",Kolkata,6,4,2026,2026,male,Kolkata Knight Riders,bat,Unknown,Unknown,,no result,,,12,Unknown,25,0,22,22,0.0,0.0,0.0,0.0,25,0.0,0.0,0.0,2.0,0.0,6.818181818181818,,4.166666666666667,0.0,0,1,0,1.5688612697346322,1.0,1.0,0.5168539325842697,0.4805194805194805,267,77
1527686,2026-04-07,Indian Premier League,Rajasthan Royals,Mumbai Indians,"Barsapara Cricket Stadium, Guwahati",Guwahati,7,4,2026,2026,male,Mumbai Indians,field,YBK Jaiswal,Rajasthan Royals,27 runs,,,,13,Unknown,150,0,66,66,123.0,0.0,66.0,66.0,89,60.0,0.0,0.0,2.0,5.0,13.636363636363637,11.181818181818182,14.833333333333334,10.0,1,0,1,1.451917732073374,1.0,1.0,0.5042016806722689,0.55,238,280
1527687,2026-04-08,Indian Premier League,Gujarat Titans,Delhi Capitals,"Arun Jaitley Stadium, Delhi",Delhi,8,4,2026,2026,male,Delhi Capitals,field,Rashid Khan,Gujarat Titans,1 runs,,,,14,Unknown,210,0,120,120,209.0,0.0,120.0,120.0,68,63.0,42.0,51.0,1.0,0.0,10.5,10.45,11.333333333333334,10.5,1,0,1,1.550663645192619,1.0,1.0,0.6031746031746031,0.5045871559633027,63,109
1527688,2026-04-09,Indian Premier League,Kolkata Knight Riders,Lucknow Super Giants,"Eden Gardens, Kolkata",Kolkata,9,4,2026,2026,male,Lucknow Super Giants,field,MD Choudhary,Lucknow Super Giants,3 wickets,,,,15,Unknown,181,0,120,120,182.0,0.0,120.0,120.0,56,56.0,54.0,54.0,1.0,2.0,9.05,9.1,9.333333333333334,9.333333333333334,0,0,1,1.5688612697346322,1.0,1.0,0.5149253731343284,0.5245901639344263,268,61
1527689,2026-04-10,Indian Premier League,Royal Challengers Bengaluru,Rajasthan Royals,"Barsapara Cricket Stadium, Guwahati",Guwahati,10,4,2026,2026,male,Rajasthan Royals,field,V Suryavanshi,Rajasthan Royals,6 wickets,,,,16,Unknown,201,1,120,120,202.0,0.0,108.0,108.0,61,97.0,51.0,18.0,3.0,1.0,10.05,11.222222222222221,10.166666666666666,16.166666666666668,0,0,1,1.451917732073374,1.0,1.0,0.6060606060606061,0.5062761506276151,33,239
1527690,2026-04-11,Indian Premier League,Sunrisers Hyderabad,Punjab Kings,"Maharaja Yadavindra Singh International Cricket Stadium, New Chandigarh",New Chandigarh,11,4,2026,2026,male,Punjab Kings,field,SS Iyer,Punjab Kings,6 wickets,,,,17,Unknown,219,0,120,120,223.0,0.0,113.0,113.0,105,93.0,37.0,26.0,0.0,0.0,10.95,11.840707964601771,17.5,15.5,0,0,1,1.61096256684492,1.0,1.0,0.495,0.48717948717948717,200,78
1527691,2026-04-11,Indian Premier League,Chennai Super Kings,Delhi Capitals,"MA Chidambaram Stadium, Chepauk, Chennai",Chennai,11,4,2026,2026,male,Delhi Capitals,field,SV Samson,Chennai Super Kings,23 runs,,,,18,Unknown,212,0,120,120,189.0,0.0,120.0,120.0,61,66.0,44.0,33.0,0.0,2.0,10.6,9.45,10.166666666666666,11.0,1,0,1,1.3263333333333334,1.0,1.0,0.56640625,0.5,256,110
1527692,2026-04-12,Indian Premier League,Lucknow Super Giants,Gujarat Titans,"Bharat Ratna Shri Atal Bihari Vajpayee Ekana Cricket Stadium, Lucknow",Lucknow,12,4,2026,2026,male,Gujarat Titans,field,M Prasidh Krishna,Gujarat Titans,7 wickets,,,,19,Unknown,164,0,120,120,165.0,0.0,112.0,112.0,60,52.0,47.0,29.0,2.0,1.0,8.2,8.839285714285714,10.0,8.666666666666666,0,0,1,1.3960708647605684,1.0,1.0,0.5161290322580645,0.609375,62,64
1527693,2026-04-12,Indian Premier League,Royal Challengers Bengaluru,Mumbai Indians,"Wankhede Stadium, Mumbai",Mumbai,12,4,2026,2026,male,Mumbai Indians,field,PD Salt,Royal Challengers Bengaluru,18 runs,,,,20,Unknown,240,0,120,120,222.0,0.0,120.0,120.0,71,62.0,46.0,65.0,0.0,1.0,12.0,11.1,11.833333333333334,10.333333333333334,1,0,1,1.4457822259011213,1.0,1.0,0.6176470588235294,0.5480427046263345,34,281
1529264,2026-04-13,Indian Premier League,Sunrisers Hyderabad,Rajasthan Royals,"Rajiv Gandhi International Stadium, Uppal, Hyderabad",Hyderabad,13,4,2026,2026,male,Rajasthan Royals,field,PP Hinge,Sunrisers Hyderabad,57 runs,,,,21,Unknown,216,1,120,120,159.0,0.0,114.0,114.0,51,40.0,53.0,22.0,1.0,5.0,10.8,8.368421052631579,8.5,6.666666666666667,1,0,1,1.529935275080906,1.0,1.0,0.4975124378109453,0.5041666666666667,201,240
1529265,2026-04-14,Indian Premier League,Chennai Super Kings,Kolkata Knight Riders,"MA Chidambaram Stadium, Chepauk, Chennai",Chennai,14,4,2026,2026,male,Kolkata Knight Riders,field,Noor Ahmad,Chennai Super Kings,32 runs,,,,22,Unknown,192,0,120,120,160.0,0.0,120.0,120.0,72,36.0,30.0,40.0,2.0,2.0,9.6,8.0,12.0,6.0,1,0,1,1.3263333333333334,1.0,1.0,0.5680933852140078,0.5130111524163569,257,269
1529266,2026-04-15,Indian Premier League,Lucknow Super Giants,Royal Challengers Bengaluru,"M Chinnaswamy Stadium, Bengaluru",Bengaluru,15,4,2026,2026,male,Royal Challengers Bengaluru,field,JR Hazlewood,Royal Challengers Bengaluru,5 wickets,,,,23,Unknown,146,0,120,120,149.0,0.0,91.0,91.0,35,60.0,28.0,0.0,1.0,1.0,7.3,9.824175824175825,5.833333333333333,10.0,0,0,1,1.5590987206415887,1.0,1.0,0.5079365079365079,0.6285714285714286,63,35
1529267,2026-04-16,Indian Premier League,Mumbai Indians,Punjab Kings,"Wankhede Stadium, Mumbai",Mumbai,16,4,2026,2026,male,Punjab Kings,field,Arshdeep Singh,Punjab Kings,7 wickets,,,,24,Unknown,195,0,120,120,198.0,0.0,99.0,99.0,48,61.0,35.0,10.0,2.0,2.0,9.75,12.0,8.0,10.166666666666666,0,0,1,1.4457822259011213,1.0,1.0,0.5460992907801419,0.4936708860759494,282,79
